<Ui xmlns="http://www.blizzard.com/wow/ui/"
	xmlns:xsi="http://www.w3.org/2001/XMLSchema-instance"
	xsi:schemaLocation="http://www.blizzard.com/wow/ui/..\FrameXML\UI.xsd">

	<Include file="panels\general.xml"/>
	<Include file="panels\profiles.xml"/>
	<Include file="panels\visibility.xml"/>
	<Include file="panels\actionBarGlobal.xml"/>
<!--
	<Include file="panels\selfCast.xml"/>
-->
	<Include file="panels\paging.xml"/>
	<Include file="panels\stance.xml"/>
	<Include file="panels\binder.xml"/>

	<Script file="menu.lua"/>

	<!-- Tab Button Menu -->
	<CheckButton name="BongosOptionsTabButton" virtual="true">
		<Size x="64" y="26"/>

		<ButtonText setAllPoints="true" nonspacewrap="false"/>
		<NormalFont font="GameFontNormalSmall" justifyH="RIGHT"/>
		<HighlightFont font="GameFontHighlightSmall" justifyH="RIGHT"/>
	</CheckButton>

	<Frame name="BongosOptionsTabbedMenu" virtual="true">
		<Size x="70" y="0"/>

		<Backdrop bgFile="Interface\DialogFrame\UI-DialogBox-Background" edgeFile="Interface\Tooltips\UI-Tooltip-Border">
			<BackgroundInsets>
				<AbsInset left="4" right="4" top="4" bottom="4"/>
			</BackgroundInsets>
			<TileSize>
				<AbsValue val="16"/>
			</TileSize>
			<EdgeSize>
				<AbsValue val="16"/>
			</EdgeSize>
		</Backdrop>

		<Frames>
			<CheckButton name="$parentGeneral" inherits="BongosOptionsTabButton" text="BONGOS_PANEL_GENERAL">
				<Scripts>
					<OnClick>
						BOptions_SwitchTab("General")
					</OnClick>
				</Scripts>
			</CheckButton>
			
			<CheckButton name="$parentProfiles" inherits="BongosOptionsTabButton" text="BONGOS_PANEL_PROFILES">
				<Scripts>
					<OnClick>
						BOptions_SwitchTab("Profiles")
					</OnClick>
				</Scripts>
			</CheckButton>
			
			<CheckButton name="$parentVisibility" inherits="BongosOptionsTabButton" text="BONGOS_PANEL_VISIBILITY">
				<Scripts>
					<OnClick>
						BOptions_SwitchTab("Visibility")
					</OnClick>
				</Scripts>
			</CheckButton>
		</Frames>
	</Frame>

	<!-- Actual Options Frame -->
	<Frame name="BongosOptions" clampedToScreen="true" enableMouse="true" movable="true" topLevel="true" frameStrata="DIALOG" parent="UIParent">
		<Size x="320" y="350"/>

		<Anchors>
			<Anchor point="TOPRIGHT">
				<Offset x="0" y="-200"/>
			</Anchor>
		</Anchors>

		<Frames>
			<Button name="$parentClose" inherits="UIPanelCloseButton">
				<Anchors>
					<Anchor point="TOPRIGHT"/>
				</Anchors>
			</Button>

			<!-- the tabbed menu -->
			<Frame name="$parentMenu" inherits="BongosOptionsTabbedMenu">
				<Anchors>
					<Anchor point="TOPLEFT">
						<Offset x="0" y="-24"/>
					</Anchor>
				</Anchors>
			</Frame>

			<!-- the place for all the frames -->
			<Frame name="$parentPanel">
				<Backdrop bgFile="Interface\DialogFrame\UI-DialogBox-Background" edgeFile="Interface\Tooltips\UI-Tooltip-Border">
					<BackgroundInsets>
						<AbsInset left="4" right="4" top="4" bottom="4"/>
					</BackgroundInsets>
					<TileSize>
						<AbsValue val="16"/>
					</TileSize>
					<EdgeSize>
						<AbsValue val="16"/>
					</EdgeSize>
				</Backdrop>

				<Layers>
					<Layer level="ARTWORK">
						<FontString name="$parentTitle" font="GameFontHighlightLarge" text="BONGOS_OPTIONS">
							<Anchors>
								<Anchor point="TOP">
									<Offset x="0" y="-6"/>
								</Anchor>
							</Anchors>
						</FontString>
					</Layer>
				</Layers>

				<Anchors>
					<Anchor point="TOPLEFT" relativeTo="$parentMenu" relativePoint="TOPRIGHT">
						<Offset x="-6" y="24"/>
					</Anchor>
					<Anchor point="BOTTOMRIGHT"/>
				</Anchors>

				<Frames>
					<Frame name="$parentGeneral" inherits="BongosOptionsGeneral"/>
					<Frame name="$parentProfiles" inherits="BongosOptionsProfiles"/>
					<Frame name="$parentVisibility" inherits="BongosOptionsVisibility"/>
				</Frames>
			</Frame>
		</Frames>

		<Scripts>
			<OnLoad>
				BOptions_OnLoad()
			</OnLoad>
			<OnShow>
				BOptions_OnShow()
			</OnShow>
			<OnMouseDown>
				this:StartMoving()
			</OnMouseDown>
			<OnMouseUp>
				this:StopMovingOrSizing()
			</OnMouseUp>
		</Scripts>
	</Frame>
</Ui>