<Ui xmlns="http://www.blizzard.com/wow/ui/" xmlns:xsi="http://www.w3.org/2001/XMLSchema-instance" xsi:schemaLocation="http://www.blizzard.com/wow/ui/
C:\Projects\WoW\Bin\Interface\FrameXML\UI.xsd">

	<!-- Macaroon, a World of Warcraft® user interface addon. -->
	<!-- Copyright© 2009 Connor H. Chenoweth, aka Maul - All rights reserved. -->
	<!-- License is given to copy, distribute and to make derivative works. -->

	<!-- Texture Templates -->

	<Texture name="MacaroonCheckButtonTextureTemplate" virtual="true">
		<Size x="36" y="36"/>
		<Anchors>
			<Anchor point="CENTER">
				<Offset x="0" y="0"/>
			</Anchor>
		</Anchors>
	</Texture>

	<!-- Button Templates -->

	<Button name="MacaroonButtonTemplate1" virtual="true">
		<Size x="60" y="20"/>
		<Layers>
			<Layer level="ARTWORK">
				<FontString name="$parentText" inherits="GameFontNormalSmall" justifyH="CENTER" text="">
					<Anchors>
						<Anchor point="CENTER"/>
					</Anchors>
				</FontString>
			</Layer>
		</Layers>
		<NormalTexture file="Interface\Buttons\UI-Panel-Button-Up">
			<TexCoords left="0" right="0.625" top="0" bottom="0.6875"/>
		</NormalTexture>
		<PushedTexture file="Interface\Buttons\UI-Panel-Button-Down">
			<TexCoords left="0" right="0.625" top="0" bottom="0.6875"/>
		</PushedTexture>
		<HighlightTexture file="Interface\Buttons\UI-Panel-Button-Highlight" alphaMode="ADD">
			<TexCoords left="0" right="0.625" top="0" bottom="0.6875"/>
		</HighlightTexture>
		<DisabledTexture file="Interface\Buttons\UI-Panel-Button-Disabled">
			<TexCoords left="0" right="0.625" top="0" bottom="0.6875"/>
		</DisabledTexture>
		<NormalFont inherits="GameFontNormalSmall"/>
		<HighlightFont inherits="GameFontHighlightSmall"/>
		<DisabledFont inherits="GameFontDisableSmall"/>
	</Button>

	<Button name="MacaroonButtonTemplate2" virtual="true">
		<!--
		<Backdrop name="$parentBackdrop" bgFile="Interface\Tooltips\UI-Tooltip-Background" edgeFile="Interface\Tooltips\UI-Tooltip-Border" tile="true">
			<EdgeSize>
				<AbsValue val="14"/>
			</EdgeSize>
			<TileSize>
				<AbsValue val="20"/>
			</TileSize>
			<BackgroundInsets>
				<AbsInset left="2" right="2" top="3" bottom="3"/>
			</BackgroundInsets>
		</Backdrop>
		-->
		<Layers>
			<Layer level="ARTWORK">
				<FontString name="$parentText" inherits="GameFontNormalSmall" justifyH="CENTER" nonspacewrap="false">
					<Anchors>
						<Anchor point="TOPLEFT">
							<Offset x="2" y="0"/>
						</Anchor>
						<Anchor point="BOTTOMRIGHT">
							<Offset x="-4" y="0"/>
						</Anchor>
					</Anchors>
				</FontString>
			</Layer>
		</Layers>
		<NormalTexture file="Interface\QuestFrame\UI-QuestTitleHighlight">
			<Anchors>
				<Anchor point="TOPLEFT">
					<Offset x="2" y="-2"/>
				</Anchor>
				<Anchor point="BOTTOMRIGHT">
					<Offset x="-2" y="2"/>
				</Anchor>
			</Anchors>
		</NormalTexture>
		<CheckedTexture file="Interface\QuestFrame\UI-QuestTitleHighlight" alphaMode="ADD">
			<Anchors>
				<Anchor point="TOPLEFT">
					<Offset x="2" y="-2"/>
				</Anchor>
				<Anchor point="BOTTOMRIGHT">
					<Offset x="-2" y="2"/>
				</Anchor>
			</Anchors>
		</CheckedTexture>
		<HighlightTexture file="Interface\QuestFrame\UI-QuestTitleHighlight" alphaMode="ADD">
			<Anchors>
				<Anchor point="TOPLEFT">
					<Offset x="2" y="-2"/>
				</Anchor>
				<Anchor point="BOTTOMRIGHT">
					<Offset x="-2" y="2"/>
				</Anchor>
			</Anchors>
		</HighlightTexture>
		<Scripts>
			<OnLoad>
				self:GetNormalTexture():SetVertexColor(0.7,0.7,0.7)
				--self:SetBackdropColor(0, 0, 0)
				--self:SetBackdropBorderColor(0.5, 0.5, 0.5)
			</OnLoad>
			<OnEnter>
				if (self.tooltip) then
					GameTooltip:SetOwner(self, "ANCHOR_CURSOR")
					GameTooltip:SetText(self.tooltip)
				end
			</OnEnter>
			<OnLeave>
				GameTooltip:Hide()
			</OnLeave>
		</Scripts>
	</Button>

	<Button name="MacaroonButtonTemplate3" virtual="true">
		<Layers>
			<Layer level="ARTWORK">
				<FontString name="$parentText" inherits="GameFontNormalSmall" justifyH="CENTER" nonspacewrap="false">
					<Anchors>
						<Anchor point="TOPLEFT">
							<Offset x="2" y="0"/>
						</Anchor>
						<Anchor point="BOTTOMRIGHT">
							<Offset x="-4" y="0"/>
						</Anchor>
					</Anchors>
				</FontString>
			</Layer>
		</Layers>
		<CheckedTexture file="Interface\QuestFrame\UI-QuestTitleHighlight" alphaMode="ADD">
			<Anchors>
				<Anchor point="TOPLEFT">
					<Offset x="2" y="-2"/>
				</Anchor>
				<Anchor point="BOTTOMRIGHT">
					<Offset x="-2" y="2"/>
				</Anchor>
			</Anchors>
		</CheckedTexture>
		<HighlightTexture file="Interface\QuestFrame\UI-QuestTitleHighlight" alphaMode="ADD">
			<Anchors>
				<Anchor point="TOPLEFT">
					<Offset x="2" y="-2"/>
				</Anchor>
				<Anchor point="BOTTOMRIGHT">
					<Offset x="-2" y="2"/>
				</Anchor>
			</Anchors>
		</HighlightTexture>
		<Scripts>
			<OnLoad>
				self:SetBackdropColor(0, 0, 0)
				self:SetBackdropBorderColor(0.5, 0.5, 0.5)
			</OnLoad>
			<OnClick>
				local text = _G[self:GetName().."Text"]:GetText()
				local parent = self:GetParent()
				local parentparent = self:GetParent():GetParent()
				local edit = _G[parentparent:GetName().."Edit"]

				if (text) then

					if (parentparent:GetObjectType() == "EditBox") then

						parentparent:SetText("")
						parentparent:SetText(text)
						parentparent:SetFocus()
						parentparent:ClearFocus()

						if (self.value) then
							parentparent.value = self.value
						end					

					elseif (edit and self.value) then

						edit:SetText("")
						edit:SetText(self.value)

					elseif (edit) then

						edit:SetText("")
						edit:SetText(text)
					end
				end

				parent:Hide()
			</OnClick>
			<OnEnter>
				if (self.tooltip) then
					GameTooltip:SetOwner(self, "ANCHOR_CURSOR")
					GameTooltip:SetText(self.tooltip)
				end
			</OnEnter>
			<OnLeave>
				GameTooltip:Hide()
			</OnLeave>
		</Scripts>
	</Button>

	<Button name="MacaroonBindFrameTemplate" frameStrata="TOOLTIP" hidden="true" virtual="true">
		<Layers>
			<Layer level="ARTWORK">
				<FontString name="$parentType" inherits="ChatFontSmall" justifyH="CENTER" justifyV="CENTER" nonspacewrap="true" text="bind">
					<Anchors>
						<Anchor point="TOP">
							<Offset x="0" y="-1"/>
						</Anchor>
						<Anchor point="BOTTOM">
							<Offset x="0" y="3"/>
						</Anchor>
					</Anchors>
					<Shadow>
						<Offset x="1" y="-1"/>
						<Color r="0" g="0" b="0"/>
					</Shadow>
					<Color r="1" g="1" b="1"/>
				</FontString>
			</Layer>
		</Layers>
		<Scripts>
			<OnLoad>
				Macaroon.BindFrame_OnLoad(self)
			</OnLoad>
			<OnClick>
				Macaroon.BindFrame_OnClick(self, button, down, self:GetParent())
			</OnClick>
			<OnShow>
				Macaroon.BindFrame_OnShow(self, self:GetParent())
			</OnShow>
			<OnMouseWheel>
				Macaroon.BindFrame_OnMouseWheel(self, delta, self:GetParent())
			</OnMouseWheel>
			<OnKeyDown>
				Macaroon.BindFrame_OnKeyDown(self, key, self:GetParent())
			</OnKeyDown>
			<OnEnter>
				Macaroon.BindFrame_OnEnter(self, self:GetParent())
			</OnEnter>
			<OnLeave>
				Macaroon.BindFrame_OnLeave(self, self:GetParent())
			</OnLeave>
			<OnUpdate>
				Macaroon.BindFrame_OnUpdate(self, elapsed)
			</OnUpdate>
		</Scripts>
	</Button>

	<Button name="MacaroonEditFrameTemplate" frameStrata="TOOLTIP" hidden="true" virtual="true">
		<Backdrop name="$parentBackdrop" bgFile="Interface\Tooltips\UI-Tooltip-Background" edgeFile="Interface\Tooltips\UI-Tooltip-Border" tile="true">
			<EdgeSize>
				<AbsValue val="8"/>
			</EdgeSize>
			<BackgroundInsets>
				<AbsInset left="2" right="2" top="2" bottom="2"/>
			</BackgroundInsets>
			<Anchors>
				<Anchor point="TOPLEFT"/>
				<Anchor point="BOTTOMRIGHT"/>
			</Anchors>
		</Backdrop>
		<Layers>
			<Layer level="ARTWORK">
				<FontString name="$parentType" inherits="ChatFontSmall" justifyH="CENTER" justifyV="CENTER" nonspacewrap="true">
					<Anchors>
						<Anchor point="TOP">
							<Offset x="0" y="-1"/>
						</Anchor>
						<Anchor point="BOTTOM">
							<Offset x="0" y="3"/>
						</Anchor>
					</Anchors>
					<Shadow>
						<Offset x="1" y="-1"/>
						<Color r="0" g="0" b="0"/>
					</Shadow>
					<Color r="1" g="1" b="1"/>
				</FontString>
				<FontString name="$parentMessage" inherits="GameFontNormalSmall" justifyH="CENTER" justifyV="CENTER" nonspacewrap="true">
					<Anchors>
						<Anchor point="TOP" relativeTo="$parent" relativePoint="BOTTOM">
							<Offset x="0" y="-1"/>
						</Anchor>
					</Anchors>
				</FontString>
			</Layer>
		</Layers>
		<Scripts>
			<OnLoad>
				Macaroon.EditFrame_OnLoad(self)
			</OnLoad>
			<OnClick>
				Macaroon.EditFrame_OnClick(self, button, down, self:GetParent())
			</OnClick>
			<OnMouseWheel>
				Macaroon.EditFrame_OnMouseWheel(self, delta, self:GetParent())
			</OnMouseWheel>
			<OnEnter>
				Macaroon.EditFrame_OnEnter(self:GetParent())
			</OnEnter>
			<OnLeave>
				Macaroon.EditFrame_OnLeave(self:GetParent())
			</OnLeave>
			<OnUpdate>
				Macaroon.EditFrame_OnUpdate(self, elapsed)
			</OnUpdate>
		</Scripts>
		<!--
		<HighlightTexture alphaMode="ADD" file="Interface\Buttons\ButtonHilight-Square"/>
		-->
	</Button>

	<Button name="MacaroonBarTemplate" enableMouse="true" movable="true" hidden="true" frameStrata="MEDIUM" virtual="true" inherits="SecureBarStateTemplate" clampedToScreen="false">
		<Size x="36" y="36"/>
		<Backdrop name="$parentBackdrop" bgFile="Interface\Tooltips\UI-Tooltip-Background" edgeFile="Interface\Tooltips\UI-Tooltip-Border" tile="true">
			<EdgeSize>
				<AbsValue val="8"/>
			</EdgeSize>
			<BackgroundInsets>
				<AbsInset left="2" right="2" top="2" bottom="2"/>
			</BackgroundInsets>
			<Anchors>
				<Anchor point="TOPLEFT"/>
				<Anchor point="BOTTOMRIGHT"/>
			</Anchors>
		</Backdrop>
		<Layers>
			<Layer level="BACKGROUND">
				<FontString name="$parentText" inherits="GameFontNormal" justifyH="CENTER">
					<Anchors>
						<Anchor point="BOTTOM" relativeTo="$parent" relativePoint="TOP">
							<Offset x="0" y="1"/>
						</Anchor>
					</Anchors>
				</FontString>
				<FontString name="$parentMessage" inherits="GameFontNormal" justifyH="CENTER" justifyV="TOP">
					<Anchors>
						<Anchor point="TOP" relativeTo="$parent" relativePoint="BOTTOM">
							<Offset x="0" y="-1"/>
						</Anchor>
					</Anchors>
				</FontString>
			</Layer>
		</Layers>
		<Frames>
			<CheckButton name="$parentKeyBind" inherits="SecureActionButtonTemplate">
				<Scripts>
					<OnLoad>
						self:RegisterForClicks("AnyUp, AnyDown")
						self:RegisterEvent("ADDON_LOADED")
						self.config = {	clickAnchor = true, mouseoverAnchor = true }
					</OnLoad>
					<OnEvent>
                                                if (... == "Macaroon") then
							Macaroon.SetAnchors(self)
                                                end
					</OnEvent>
					<PostClick>
						--DEFAULT_CHAT_FRAME:AddMessage(self:GetName())
					</PostClick>
				</Scripts>
			</CheckButton>
		</Frames>
		<Scripts>
			<OnLoad>
				Macaroon.Bar_OnLoad(self)
			</OnLoad>
			<OnEvent>
				Macaroon.Bar_OnEvent(self, event)
			</OnEvent>
			<OnClick>
				Macaroon.Bar_OnClick(self, button, down)
			</OnClick>
			<OnKeyDown>
				Macaroon.Bar_OnKeyDown(self, key)
			</OnKeyDown>
			<OnKeyUp>
				Macaroon.Bar_OnKeyUp(self, key)
			</OnKeyUp>
			<OnDragStart>
				Macaroon.Bar_OnDragStart(self)
			</OnDragStart>
			<OnDragStop>
				Macaroon.Bar_OnDragStop(self)
			</OnDragStop>
			<OnEnter>
				Macaroon.Bar_OnEnter(self)
			</OnEnter>
			<OnLeave>
				Macaroon.Bar_OnLeave(self)
			</OnLeave>
			<OnUpdate>
				Macaroon.Bar_OnUpdate(self, elapsed)
			</OnUpdate>
			<OnMouseWheel>
				Macaroon.Bar_OnMouseWheel(self, delta)
			</OnMouseWheel>
			<OnShow>
				Macaroon.Bar_OnShow(self)
			</OnShow>
			<OnHide>
				Macaroon.Bar_OnHide(self)
			</OnHide>
		</Scripts>
	</Button>

	<!-- Check Buttons Templates -->

	<CheckButton name="MacaroonButtonTemplate" hidden="true" inherits="SecureActionButtonTemplate, SecureHandlerEnterLeaveTemplate" virtual="true" clampedToScreen="false">
		<Size x="36" y="36"/>
		<Layers>
			<Layer level="ARTWORK">
				<Texture name="$parentFlash" file="Interface\Buttons\UI-QuickslotRed" hidden="true"/>

				<FontString name="$parentName" inherits="GameFontHighlightSmallOutline">
					<Size>
						<AbsDimension x="36" y="10"/>
					</Size>
					<Anchors>
						<Anchor point="BOTTOM">
							<Offset>
								<AbsDimension x="0" y="2"/>
							</Offset>
						</Anchor>
					</Anchors>
				</FontString>
			</Layer>
			<Layer level="OVERLAY">
				<Texture name="$parentBorder" file="Interface\Buttons\UI-ActionButton-Border" hidden="true" alphaMode="ADD">
					<Size x="56" y="56"/>
					<Anchors>
						<Anchor point="CENTER">
							<Offset x="0" y="0"/>
						</Anchor>
					</Anchors>
				</Texture>
				<Texture name="$parentGloss" file="" hidden="false" alphaMode="ADD">
					<Size x="56" y="56"/>
					<Anchors>
						<Anchor point="CENTER">
							<Offset x="0" y="1"/>
						</Anchor>
					</Anchors>
				</Texture>
				<FontString name="$parentHotKey" inherits="NumberFontNormal" monochrome="false" justifyH="RIGHT">
					<Size>
						<AbsDimension x="36" y="10"/>
					</Size>
					<Anchors>
						<Anchor point="TOPLEFT">
							<Offset>
								<AbsDimension x="-3" y="-4"/>
							</Offset>
						</Anchor>
					</Anchors>
				</FontString>
				<FontString name="$parentCount" inherits="NumberFontNormal" monochrome="false" justifyH="RIGHT">
					<Anchors>
						<Anchor point="BOTTOMRIGHT">
							<Offset>
								<AbsDimension x="-2" y="2"/>
							</Offset>
						</Anchor>
					</Anchors>
				</FontString>
				<FontString name="$parentCooldownText1" inherits="GameFontNormalLarge" justifyH="CENTER" justifyV="CENTER">
					<Anchors>
						<Anchor point="TOPLEFT">
							<Offset x="-5" y="-3"/>
						</Anchor>
						<Anchor point="BOTTOMRIGHT">
							<Offset x="5" y="3"/>
						</Anchor>
					</Anchors>
				</FontString>
				<FontString name="$parentCooldownText2" inherits="GameFontNormalHuge" justifyH="CENTER" justifyV="CENTER">
					<Anchors>
						<Anchor point="TOPLEFT">
							<Offset x="-5" y="-3"/>
						</Anchor>
						<Anchor point="BOTTOMRIGHT">
							<Offset x="5" y="3"/>
						</Anchor>
					</Anchors>
				</FontString>
				<Texture name="$parentAutoCastable" file="Interface\Buttons\UI-AutoCastableOverlay" hidden="true">
					<Size>
						<AbsDimension x="58" y="58"/>
					</Size>
					<Anchors>
						<Anchor point="CENTER">
							<Offset>
								<AbsDimension x="0" y="0"/>
							</Offset>
						</Anchor>
					</Anchors>
				</Texture>
				<Texture name="$parentAutoCastSim" inherits="MacaroonCheckButtonTextureTemplate" hidden="true" alphaMode="ADD">
					<Anchors>
						<Anchor point="TOPLEFT"/>
						<Anchor point="BOTTOMRIGHT"/>
					</Anchors>
				</Texture>
			</Layer>
		</Layers>
		<Frames>
			<Frame name="$parentIconFrame" hidden="false">
				<Size x="32" y="32"/>
				<Anchors>
					<Anchor point="CENTER">
						<Offset x="0" y="0"/>
					</Anchor>
				</Anchors>
				<Layers>
					<Layer level="ARTWORK">
						<Texture name="$parentIcon">
							<TexCoords left="0.05" right="0.95" top="0.05" bottom="0.95"/>
						</Texture>
					</Layer>
					<Layer level="BACKGROUND">
						<Texture name="$parentBackGround">
							<Size x="60" y="60"/>
							<Anchors>
								<Anchor point="CENTER">
									<Offset x="0" y="0"/>
								</Anchor>
							</Anchors>
						</Texture>
					</Layer>
				</Layers>
				<Frames>
					<Cooldown name="$parentCooldown" inherits="CooldownFrameTemplate">
						<Anchors>
							<Anchor point="TOPLEFT"/>
							<Anchor point="BOTTOMRIGHT"/>
						</Anchors>
						<Scripts>
							<OnLoad>
								self:SetFrameLevel(3)
							</OnLoad>
						</Scripts>
					</Cooldown>
					<Cooldown name="$parentBuffup" inherits="CooldownFrameTemplate" reverse="true">
						<Anchors>
							<Anchor point="TOPLEFT" relativeTo="$parentCooldown" relativePoint="TOPLEFT"/>
							<Anchor point="BOTTOMRIGHT" relativeTo="$parentCooldown" relativePoint="BOTTOMRIGHT"/>
						</Anchors>
						<Scripts>
							<OnLoad>
								self:SetFrameLevel(3)
							</OnLoad>
						</Scripts>
					</Cooldown>
				</Frames>
				<Scripts>
					<OnLoad>
						self:SetFrameLevel(2)
					</OnLoad>
				</Scripts>
			</Frame>
			<Frame name="$parentShine" inherits="AutoCastShineTemplate">
				<Size>
					<AbsDimension x="27" y="27"/>
				</Size>
				<Anchors>
					<Anchor point="CENTER">
						<Offset>
							<AbsDimension x="0" y="0"/>
						</Offset>
					</Anchor>
				</Anchors>
			</Frame>
			<CheckButton name="$parentBindFrame" inherits="MacaroonBindFrameTemplate">
				<Anchors>
					<Anchor point="TOPLEFT"/>
					<Anchor point="BOTTOMRIGHT"/>
				</Anchors>
				<Scripts>
					<OnLoad>
						Macaroon.BindFrame_OnLoad(self)
					</OnLoad>
				</Scripts>
			</CheckButton>
			<CheckButton name="$parentEditFrame" inherits="MacaroonEditFrameTemplate">
				<Anchors>
					<Anchor point="TOPLEFT"/>
					<Anchor point="BOTTOMRIGHT"/>
				</Anchors>
			</CheckButton>
		</Frames>
		<NormalTexture name="$parentNormalTexture" file="Interface\Buttons\UI-Quickslot">
			<Size x="56" y="56"/>
			<Anchors>
				<Anchor point="CENTER">
					<Offset x="0" y="0"/>
				</Anchor>
			</Anchors>
		</NormalTexture>
		<PushedTexture name="$parentPushedTexture" inherits="MacaroonCheckButtonTextureTemplate" file="Interface\Buttons\UI-Quickslot-Depress">
			<Size  x="33" y="33"/>
			<Anchors>
				<Anchor point="CENTER">
					<Offset x="0" y="0"/>
				</Anchor>
			</Anchors>
		</PushedTexture>
		<HighlightTexture name="$parentHighlightTexture" inherits="MacaroonCheckButtonTextureTemplate" alphaMode="ADD" file="Interface\Buttons\ButtonHilight-Square">
			<Size  x="33" y="33"/>
			<Anchors>
				<Anchor point="CENTER">
					<Offset x="0" y="0"/>
				</Anchor>
			</Anchors>
		</HighlightTexture>
		<CheckedTexture name="$parentCheckedTexture" inherits="MacaroonCheckButtonTextureTemplate" alphaMode="ADD" file="Interface\Buttons\CheckButtonHilight">
			<Size  x="33" y="33"/>
			<Anchors>
				<Anchor point="CENTER">
					<Offset x="0" y="0"/>
				</Anchor>
			</Anchors>
		</CheckedTexture>
		<Scripts>
			<OnLoad>
				Macaroon.Button_OnLoad(self)
			</OnLoad>
			<OnDragStart>
				Macaroon.Button_OnDragStart(self, button)
			</OnDragStart>
			<OnDragStop>
				Macaroon.Button_OnDragStop(self)
			</OnDragStop>
			<OnReceiveDrag>
				Macaroon.Button_OnReceiveDrag(self)
			</OnReceiveDrag>
			<PreClick>
				Macaroon.Button_PreClick(self)
			</PreClick>
			<PostClick>
				Macaroon.Button_PostClick(self)
			</PostClick>
			<OnEnter>
				Macaroon.Button_OnEnter(self)
			</OnEnter>
			<OnLeave>
				Macaroon.Button_OnLeave(self)
			</OnLeave>
		</Scripts>
	</CheckButton>

	<CheckButton name="MacaroonMacroButtonTemplate" virtual="true">
		<Size x="28" y="28"/>
		<Layers>
			<Layer level="BACKGROUND">
				<Texture file="Interface\Buttons\UI-EmptySlot-Disabled">
					<Size x="50" y="50"/>
					<Anchors>
						<Anchor point="CENTER">
							<Offset x="0" y="-1"/>
						</Anchor>
					</Anchors>
				</Texture>
			</Layer>
		</Layers>
		<Scripts>
			<OnLoad>
				self.elapsed = 0
				self.click = false
				self:RegisterForClicks("AnyUp")
			</OnLoad>
			<OnClick>
				if (button == "LeftButton") then
					if (Macaroon.CurrentButton) then
						Macaroon.CurrentButton.config.macroIcon = self.iconindex
						Macaroon.MacroEditor_ScrollFrame2Update()
					end
				end

				self.click = true
				self.elapsed = 0
			</OnClick>
			<OnUpdate>
				self.elapsed = self.elapsed + elapsed
				if (self.elapsed > 0.1 and self.click) then
					self.click = false
					self:SetChecked(nil)
					self:GetParent():Hide()
				end
			</OnUpdate>
		</Scripts>
		<NormalTexture name="$parentIcon">
			<Size x="29" y="29"/>
			<Anchors>
				<Anchor point="CENTER">
					<Offset x="0" y="-1"/>
				</Anchor>
			</Anchors>
			<TexCoords left="0.05" right="0.95" top="0.05" bottom="0.95"/>
		</NormalTexture>
		<HighlightTexture alphaMode="ADD" file="Interface\Buttons\ButtonHilight-Square"/>
		<CheckedTexture alphaMode="ADD" file="Interface\Buttons\CheckButtonHilight"/>
	</CheckButton>

	<CheckButton name="MacaroonAnchorButtonTemplate" hidden="true" inherits="SecureActionButtonTemplate" virtual="true" clampedToScreen="true">
		<Size x="36" y="36"/>
		<Frames>
			<CheckButton name="$parentEditFrame" inherits="MacaroonEditFrameTemplate">
				<Anchors>
					<Anchor point="TOPLEFT"/>
					<Anchor point="BOTTOMRIGHT"/>
				</Anchors>
			</CheckButton>
		</Frames>
		<Scripts>
			<OnLoad>
				self:SetFrameLevel(2)
			</OnLoad>
		</Scripts>
	</CheckButton>

	<CheckButton name="MacaroonOptionCBTemplate" virtual="true">
		<Size>
			<AbsDimension x="20" y="20"/>
		</Size>
		<HitRectInsets>
			<AbsInset left="0" right="-30" top="0" bottom="0"/>
		</HitRectInsets>
		<Layers>
			<Layer level="ARTWORK">
				<FontString name="$parentText" inherits="GameFontNormalSmall">
					<Anchors>
						<Anchor point="LEFT" relativePoint="RIGHT">
							<Offset>
								<AbsDimension x="-1" y="1"/>
							</Offset>
						</Anchor>
					</Anchors>
				</FontString>
			</Layer>
		</Layers>
		<Scripts>
			<OnLoad>
				self.text = _G[self:GetName().."Text"]
			</OnLoad>
			<OnClick>
				Macaroon.CheckButtonOptions_OnClick(self)
			</OnClick>
			<OnShow>
				Macaroon.CheckButtonOptions_OnShow(self)
			</OnShow>
			<OnEnter>
				if ( self.tooltipText ) then
					GameTooltip:SetOwner(self, "ANCHOR_RIGHT")
					GameTooltip:SetText(self.tooltipText, nil, nil, nil, nil, 1)
				end
				if ( self.tooltipRequirement ) then
					GameTooltip:AddLine(self.tooltipRequirement, "", 1.0, 1.0, 1.0)
					GameTooltip:Show()
				end
			</OnEnter>
			<OnLeave>
				GameTooltip:Hide()
			</OnLeave>
		</Scripts>
		<NormalTexture file="Interface\Buttons\UI-CheckBox-Up"/>
		<PushedTexture file="Interface\Buttons\UI-CheckBox-Down"/>
		<HighlightTexture file="Interface\Buttons\UI-CheckBox-Highlight" alphaMode="ADD"/>
		<CheckedTexture file="Interface\Buttons\UI-CheckBox-Check"/>
		<DisabledCheckedTexture file="Interface\Buttons\UI-CheckBox-Check-Disabled"/>
	</CheckButton>

	<!-- EditBox Templates -->

	<EditBox name="MacaroonEditBoxTemplate1" historyLines="0" numeric="false" autoFocus="false" nonspacewrap="true" virtual="true" >
		<Backdrop name="$parentBackdrop" bgFile="Interface\Tooltips\UI-Tooltip-Background" edgeFile="Interface\Tooltips\UI-Tooltip-Border" tile="true">
			<EdgeSize>
				<AbsValue val="14"/>
			</EdgeSize>
			<TileSize>
				<AbsValue val="20"/>
			</TileSize>
			<BackgroundInsets>
				<AbsInset left="3" right="3" top="2" bottom="2"/>
			</BackgroundInsets>
		</Backdrop>
		<Layers>
			<Layer level="ARTWORK">
				<FontString name="$parentText" inherits="GameFontNormalSmall" nonspacewrap="true">
					<Anchors>
						<Anchor point="RIGHT" relativeTo="$parent" relativePoint="LEFT">
							<Offset x="0" y="1"/>
						</Anchor>
					</Anchors>
				</FontString>
			</Layer>
		</Layers>
		<Frames>
			<Button name="$parentButton" hidden="false">
				<Size x="20" y="20"/>
				<Anchors>
					<Anchor point="LEFT" relativeTo="$parent" relativePoint="RIGHT">
						<Offset x="-2" y="0"/>
					</Anchor>
				</Anchors>
				<Scripts>
					<OnLoad>
						self:RegisterEvent("ADDON_LOADED")
					</OnLoad>
					<OnEvent>
                                                if (... == "Macaroon") then
							self:SetWidth(self:GetParent():GetHeight())
							self:SetHeight(self:GetParent():GetHeight())
                                                end
					</OnEvent>
					<OnClick>
						self:GetParent().show = nil
						self:GetParent().popup.timer = 0;
						if (self:GetParent().popup:IsVisible()) then
							self:GetParent().popup:Hide()
						else
							if (self:GetParent().popup.data) then
								self:GetParent().popup:Show()
							end
						end						
						PlaySound("igMainMenuOptionCheckBoxOn")
					</OnClick>
				</Scripts>
				<NormalTexture name="$parentNormalTexture" file="Interface\ChatFrame\UI-ChatIcon-ScrollDown-Up"/>
				<PushedTexture name="$parentPushedTexture" file="Interface\ChatFrame\UI-ChatIcon-ScrollDown-Down"/>
				<DisabledTexture name="$parentDisabledTexture" file="Interface\ChatFrame\UI-ChatIcon-ScrollDown-Disabled"/>
				<HighlightTexture name="$parentHighlightTexture" file="Interface\Buttons\UI-Common-MouseHilight" alphaMode="ADD"/>
			</Button>
			<Frame name="$parentPopUp" toplevel="true" clampedToScreen="true">
				<Anchors>
					<Anchor point="RIGHT">
						<Offset x="0" y="0"/>
					</Anchor>
				</Anchors>
				<Backdrop name="$parentBackdrop" bgFile="Interface\ItemTextFrame\ItemText-Stone-TopLeft" edgeFile="Interface\Tooltips\UI-Tooltip-Border" tile="true">
					<EdgeSize>
						<AbsValue val="18"/>
					</EdgeSize>
					<TileSize>
						<AbsValue val="8"/>
					</TileSize>
					<BackgroundInsets>
						<AbsInset left="3" right="3" top="2" bottom="2"/>
					</BackgroundInsets>
				</Backdrop>
				<Scripts>
					<OnLoad>
						self.timer = 0
						self.options = {}
						self:RegisterEvent("ADDON_LOADED")
						self:SetBackdropColor(0, 0, 0)
						self:SetBackdropBorderColor(0.5, 0.5, 0.5)
						self:Hide()
					</OnLoad>
					<OnShow>
						self.timer = 0
					</OnShow>
					<OnHide>
						self:GetParent().click = nil
					</OnHide>
					<OnUpdate>
						self.timer = self.timer + elapsed
						if (self:IsVisible() and self.timer > 5) then
							if (not self:IsMouseOver()) then
								self:Hide()
							end
						end
					</OnUpdate>
				</Scripts>
			</Frame>
		</Frames>
		<Scripts>
			<OnLoad>
				self:RegisterEvent("PLAYER_LOGIN")
				self:SetBackdropColor(0, 0, 0)
				self:SetBackdropBorderColor(0.5, 0.5, 0.5)
				self.popup = _G[self:GetName().."PopUp"]
				self.text = _G[self:GetName().."Text"]
			</OnLoad>
			<OnTabPressed>
				self:ClearFocus()
			</OnTabPressed>
			<OnEnterPressed>
				self:ClearFocus()
			</OnEnterPressed>
			<OnEscapePressed>
				self:ClearFocus()
			</OnEscapePressed>
			<OnEditFocusLost>
				self:HighlightText(0, 0)
			</OnEditFocusLost>
			<OnEditFocusGained>
				self:HighlightText()
			</OnEditFocusGained>
		</Scripts>
		<FontString name="$parentFont" justifyH="CENTER" inherits="GameFontHighlightSmall"/>
	</EditBox>

	<EditBox name="MacaroonEditBoxTemplate2" historyLines="0" numeric="false" autoFocus="false" nonspacewrap="true" virtual="true" >
		<Backdrop name="$parentBackdrop" bgFile="Interface\Tooltips\UI-Tooltip-Background" edgeFile="Interface\Tooltips\UI-Tooltip-Border" tile="true">
			<EdgeSize>
				<AbsValue val="14"/>
			</EdgeSize>
			<TileSize>
				<AbsValue val="20"/>
			</TileSize>
			<BackgroundInsets>
				<AbsInset left="3" right="3" top="2" bottom="2"/>
			</BackgroundInsets>
		</Backdrop>
		<Layers>
			<Layer level="ARTWORK">
				<FontString name="$parentText" inherits="GameFontNormalSmall" nonspacewrap="true">
					<Anchors>
						<Anchor point="RIGHT" relativeTo="$parent" relativePoint="LEFT">
							<Offset x="0" y="1"/>
						</Anchor>
					</Anchors>
				</FontString>
			</Layer>
		</Layers>
		<Scripts>
			<OnLoad>
				self:RegisterEvent("ADDON_LOADED")
				self:SetBackdropColor(0, 0, 0)
				self:SetBackdropBorderColor(0.5, 0.5, 0.5)
				self.text = _G[self:GetName().."Text"]
			</OnLoad>
			<OnEnterPressed>
				self:ClearFocus()
			</OnEnterPressed>
			<OnEscapePressed>
				self:ClearFocus()
			</OnEscapePressed>
			<OnEditFocusLost>
				self:HighlightText(0, 0)
			</OnEditFocusLost>
			<OnEditFocusGained>
				self:HighlightText()
			</OnEditFocusGained>
		</Scripts>
		<FontString name="$parentFont" justifyH="LEFT" inherits="GameFontHighlightSmall"/>
	</EditBox>

	<EditBox name="MacaroonEditBoxTemplate3" historyLines="0" numeric="false" autoFocus="false" nonspacewrap="true" virtual="true" >
		<Size x="37" y="21"/>
		<Backdrop name="$parentBackdrop" bgFile="Interface\Tooltips\UI-Tooltip-Background" edgeFile="Interface\Tooltips\UI-Tooltip-Border" tile="true">
			<EdgeSize>
				<AbsValue val="14"/>
			</EdgeSize>
			<TileSize>
				<AbsValue val="20"/>
			</TileSize>
			<BackgroundInsets>
				<AbsInset left="3" right="3" top="2" bottom="2"/>
			</BackgroundInsets>
		</Backdrop>
		<Layers>
			<Layer level="ARTWORK">
				<FontString name="$parentText" inherits="GameFontNormalSmall" nonspacewrap="true">
					<Anchors>
						<Anchor point="RIGHT" relativeTo="$parent" relativePoint="LEFT">
							<Offset x="0" y="1"/>
						</Anchor>
					</Anchors>
				</FontString>
			</Layer>
		</Layers>
		<Scripts>
			<OnLoad>
				self:RegisterEvent("ADDON_LOADED")
				self:SetBackdropColor(0, 0, 0)
				self:SetBackdropBorderColor(0.5, 0.5, 0.5)
				self.text = _G[self:GetName().."Text"]
			</OnLoad>
			<OnEscapePressed>
				self:ClearFocus()
			</OnEscapePressed>
			<OnEditFocusLost>
				self:HighlightText(0, 0)
			</OnEditFocusLost>
			<OnEditFocusGained>
				self:HighlightText()
			</OnEditFocusGained>
		</Scripts>
		<FontString name="$parentFont" justifyH="CENTER" inherits="GameFontHighlightSmall"/>
	</EditBox>

	<!-- Slider Templates -->

	<Slider name="MacaroonSliderTemplate1" inherits="OptionsSliderTemplate" virtual="true">
		<Size x="170" y="16"/>
		<HitRectInsets>
			<AbsInset left="0" right="0" top="-1" bottom="-1"/>
		</HitRectInsets>
		<Layers>
			<Layer level="ARTWORK">
				<FontString name="$parentText2" inherits="GameFontNormalSmall">
					<Anchors>
						<Anchor point="BOTTOM" relativePoint="TOP"/>
					</Anchors>
				</FontString>
			</Layer>
		</Layers>
		<Scripts>
			<OnLoad>
				self.text2 = _G[self:GetName().."Text2"]
				self.low = _G[self:GetName().."Low"]
				self.high = _G[self:GetName().."High"]

				self.low:SetText("")
				self.high:SetText("")
			</OnLoad>
			<OnShow>
				Macaroon.OptionsSlider_OnShow(self)
			</OnShow>
			<OnValueChanged>
				Macaroon.OptionsSlider_OnValueChanged(self, value)
			</OnValueChanged>
		</Scripts>
	</Slider>

	<!-- ScrollFrame Templates -->

	<ScrollFrame name="MacaroonScrollFrameTemplate1" toplevel="true" virtual="true">
		<Frames>
			<Slider name="$parentScrollBar">
				<Size x="12" y="0"/>
				<Anchors>
					<Anchor point="TOPLEFT" relativePoint="TOPRIGHT">
						<Offset x="-14" y="-6"/>
					</Anchor>
					<Anchor point="BOTTOMLEFT" relativePoint="BOTTOMRIGHT">
						<Offset x="-14" y="6"/>
					</Anchor>
				</Anchors>
				<Frames>
					<Button name="$parentScrollUpButton">
						<Size x="12" y="12"/>
						<Anchors>
							<Anchor point="BOTTOM" relativePoint="TOP"/>
						</Anchors>
						<Scripts>
							<OnClick>
								local parent = self:GetParent()
								parent:SetValue(parent:GetValue() - 2)
								PlaySound("UChatScrollButton")
							</OnClick>
						</Scripts>
						<NormalTexture inherits="UIPanelScrollBarButton" file="Interface\Buttons\UI-ScrollBar-ScrollUpButton-Up"/>
						<PushedTexture inherits="UIPanelScrollBarButton" file="Interface\Buttons\UI-ScrollBar-ScrollUpButton-Down"/>
						<DisabledTexture inherits="UIPanelScrollBarButton" file="Interface\Buttons\UI-ScrollBar-ScrollUpButton-Disabled"/>
						<HighlightTexture inherits="UIPanelScrollBarButton" file="Interface\Buttons\UI-ScrollBar-ScrollUpButton-Highlight" alphaMode="ADD"/>
					</Button>

					<Button name="$parentScrollDownButton">
						<Size x="12" y="12"/>
						<Anchors>
							<Anchor point="TOP" relativePoint="BOTTOM"/>
						</Anchors>
						<Scripts>
							<OnClick>
								local parent = self:GetParent()
								parent:SetValue(parent:GetValue() + 1)
								PlaySound("UChatScrollButton")
							</OnClick>
						</Scripts>
						<NormalTexture inherits="UIPanelScrollBarButton" file="Interface\Buttons\UI-ScrollBar-ScrollDownButton-Up"/>
						<PushedTexture inherits="UIPanelScrollBarButton" file="Interface\Buttons\UI-ScrollBar-ScrollDownButton-Down"/>
						<DisabledTexture inherits="UIPanelScrollBarButton" file="Interface\Buttons\UI-ScrollBar-ScrollDownButton-Disabled"/>
						<HighlightTexture inherits="UIPanelScrollBarButton" file="Interface\Buttons\UI-ScrollBar-ScrollDownButton-Highlight" alphaMode="ADD"/>
					</Button>
				</Frames>
				<Scripts>
					<OnLoad>
						self:SetMinMaxValues(0, 0)
						self:SetValue(0)
					</OnLoad>
					<OnValueChanged>
						self:GetParent():SetVerticalScroll(math.floor(value))
					</OnValueChanged>
				</Scripts>
				<ThumbTexture name="$parentThumbTexture" inherits="UIPanelScrollBarButton" file="Interface\Buttons\UI-ScrollBar-Knob">
					<Size x="12" y="12"/>
				</ThumbTexture>
			</Slider>
		</Frames>
		<Scripts>
			<OnLoad>
				self.offset = 0;
				self.scrollbar = _G[self:GetName().."ScrollBar"]
			</OnLoad>
			<OnScrollRangeChanged>
				ScrollFrame_OnScrollRangeChanged(self, yrange)
			</OnScrollRangeChanged>
			<OnVerticalScroll>
				self.scrollbar:SetValue(offset)
				local min, max = self.scrollbar:GetMinMaxValues()
				if ( offset == 0 ) then
					_G[self.scrollbar:GetName().."ScrollUpButton"]:Disable()
				else
					_G[self.scrollbar:GetName().."ScrollUpButton"]:Enable()
				end
				if ((self.scrollbar:GetValue() - max) == 0) then
					_G[self.scrollbar:GetName().."ScrollDownButton"]:Disable()
				else
					_G[self.scrollbar:GetName().."ScrollDownButton"]:Enable()
				end
			</OnVerticalScroll>
			<OnMouseWheel>
				ScrollFrameTemplate_OnMouseWheel(self, delta)
			</OnMouseWheel>
		</Scripts>
	</ScrollFrame>

	<ScrollFrame name="MacaroonScrollFrameTemplate2" inherits="MacaroonScrollFrameTemplate1" clampedToScreen="true" virtual="true">
		<Layers>
			<Layer level="ARTWORK">
				<FontString name="$parentText" inherits="GameFontNormalSmall" nonspacewrap="true">
					<Anchors>
						<Anchor point="RIGHT" relativeTo="$parent" relativePoint="LEFT">
							<Offset x="0" y="10"/>
						</Anchor>
					</Anchors>
				</FontString>
			</Layer>
		</Layers>
		<ScrollChild>
			<EditBox name="$parentEdit" multiLine="true" letters="5000" autoFocus="false">
				<Scripts>
					<OnTextChanged>
						ScrollingEdit_OnTextChanged(self, self:GetParent())
					</OnTextChanged>
					<OnCursorChanged>
						ScrollingEdit_OnCursorChanged(self, x, y, w, h)
					</OnCursorChanged>
					<OnUpdate>
						ScrollingEdit_OnUpdate(self, elapsed, self:GetParent())
					</OnUpdate>
					<OnEnterPressed>
						self:ClearFocus()
					</OnEnterPressed>
					<OnEscapePressed>
						self:ClearFocus()
					</OnEscapePressed>
				</Scripts>
				<FontString inherits="GameFontHighlightSmall"/>
			</EditBox>
		</ScrollChild>
		<Scripts>
			<OnLoad>
				self.offset = 0;
				self.scrollbar = _G[self:GetName().."ScrollBar"]
				self.edit = _G[self:GetName().."Edit"]
				self.text = _G[self:GetName().."Text"]
			</OnLoad>
		</Scripts>
	</ScrollFrame>

	<Frame name="MacaroonDockTemplate" clampedToScreen="true" virtual="true">
		<!--
		<Backdrop name="$parentBackdrop" bgFile="Interface\Tooltips\UI-Tooltip-Background" edgeFile="Interface\Tooltips\UI-Tooltip-Border" tile="true">
			<EdgeSize>
				<AbsValue val="14"/>
			</EdgeSize>
			<TileSize>
				<AbsValue val="20"/>
			</TileSize>
			<BackgroundInsets>
				<AbsInset left="3" right="3" top="2" bottom="2"/>
			</BackgroundInsets>
		</Backdrop>
		-->
		<Scripts>
			<OnLoad>
				--self:SetBackdropBorderColor(0.5, 0.5, 0.5)
				--self:SetBackdropColor(0,0,0,0.7)
			</OnLoad>
			<OnShow>
				self:SetFrameStrata("DIALOG")
				self.elapsed = 0
			</OnShow>
		</Scripts>
	</Frame>

	<!-- Normal Frames -->
	
	<Frame name="MacaroonSizingBox" frameStrata="BACKGROUND" frameLevel="1" parent="UIParent">
		<Backdrop name="$parentBackdrop" bgFile="Interface\Tooltips\UI-Tooltip-Background" edgeFile="Interface\Tooltips\UI-Tooltip-Border" tile="true">
			<EdgeSize>
				<AbsValue val="14"/>
			</EdgeSize>
			<TileSize>
				<AbsValue val="20"/>
			</TileSize>
			<BackgroundInsets>
				<AbsInset left="3" right="3" top="2" bottom="2"/>
			</BackgroundInsets>
		</Backdrop>
		<Scripts>
			<OnLoad>
				self:Hide()
				self:SetBackdropBorderColor(0, 0, 0, 0)
				self:SetBackdropColor(0,0,1,0.4)
			</OnLoad>						
			<OnShow>

			</OnShow>
		</Scripts>
	</Frame>		
	
	<Frame name="MacaroonConfigFrame" enableMouse="true" frameStrata="BACKGROUND" frameLevel="0" parent="UIParent">
		<Anchors>
			<Anchor point="TOPLEFT">
				<Offset x="-50" y="50"/>
			</Anchor>
			<Anchor point="BOTTOMRIGHT">
				<Offset x="50" y="-50"/>
			</Anchor>			
		</Anchors>
		<Backdrop name="$parentBackdrop" bgFile="Interface\Tooltips\UI-Tooltip-Background" edgeFile="Interface\Tooltips\UI-Tooltip-Border" tile="true">
			<EdgeSize>
				<AbsValue val="14"/>
			</EdgeSize>
			<TileSize>
				<AbsValue val="20"/>
			</TileSize>
			<BackgroundInsets>
				<AbsInset left="3" right="3" top="2" bottom="2"/>
			</BackgroundInsets>
		</Backdrop>
		<Scripts>
			<OnLoad>
				self:Hide()
				self:SetBackdropBorderColor(0, 0, 0, 0)
				self:SetBackdropColor(0,0,0,0.5)
				self:RegisterForDrag("LeftButton")				
				self.sizeBox = MacaroonSizingBox
			</OnLoad>						
			<OnShow>

			</OnShow>
			<OnDragStart>
				self.drag = true
				self.x, self.y = GetCursorPosition()
				self.sizeBox:Show()
			</OnDragStart>			
			<OnDragStop>
				self.drag = false
				self.sizeBox:Hide()
			</OnDragStop>
			<OnUpdate>
				Macaroon.ConfigFrame_OnUpdate(self, elapsed)
			</OnUpdate>
		</Scripts>
	</Frame>
	
	<Frame name="MacaroonPanelMover" movable="true" frameStrata="DIALOG" parent="UIParent" clampedToScreen="true">
		<Size x="20" y="20"/>
		<Anchors>
			<Anchor point="CENTER" relativeTo="$parent" relativePoint="CENTER">
				<Offset x="0" y="0"/>
			</Anchor>
		</Anchors>
		<Scripts>
			<OnLoad>
				self:Hide()
			</OnLoad>
			<OnShow>
				for k,v in pairs(Macaroon.Panels) do
					v[1]:ClearAllPoints()
					v[1]:SetUserPlaced(false)
					v[1]:SetPoint("CENTER", self, "CENTER")
				end
			</OnShow>
		</Scripts>
	</Frame>

	<Button name="MacaroonMinimapButton" parent="Minimap" enableMouse="true" movable="true">
		<Size x="32" y="32"/>
		<Layers>
			<Layer level="BACKGROUND">
				<Texture name="$parentIcon" file="Interface\Icons\INV_Misc_Orb_05">
					<Size x="20" y="20"/>
					<Anchors>
						<Anchor point="TOPLEFT">
							<Offset x="5" y="-5"/>
						</Anchor>
						<Anchor point="BOTTOMRIGHT">
							<Offset x="-6" y="6"/>
						</Anchor>
					</Anchors>
				</Texture>
			</Layer>
			<Layer level="OVERLAY">
				<Texture name="$parentBorder" file="Interface\Minimap\MiniMap-TrackingBorder">
					<Size x="52" y="52"/>
					<Anchors>
						<Anchor point="TOPLEFT"/>
					</Anchors>
				</Texture>
			</Layer>
		</Layers>
		<Frames>

			<Frame name="$parentDragFrame" hidden="true" toplevel="true">
				<Scripts>
					<OnUpdate>
						Macaroon.DragFrame_OnUpdate()
					</OnUpdate>
				</Scripts>
			</Frame>

			<Frame name="$parentPopUp" frameStrata="DIALOG" toplevel="true" clampedToScreen="true">
				<Anchors>
					<Anchor point="CENTER">
						<Offset x="0" y="0"/>
					</Anchor>
				</Anchors>
				<Backdrop name="$parentBackdrop" bgFile="Interface\ItemTextFrame\ItemText-Stone-TopLeft" edgeFile="Interface\Tooltips\UI-Tooltip-Border" tile="true">
					<EdgeSize>
						<AbsValue val="18"/>
					</EdgeSize>
					<TileSize>
						<AbsValue val="8"/>
					</TileSize>
					<BackgroundInsets>
						<AbsInset left="3" right="3" top="2" bottom="2"/>
					</BackgroundInsets>
				</Backdrop>
				<Scripts>
					<OnLoad>
						self.timer = 0
						self.options = {}
						self:RegisterEvent("ADDON_LOADED")
						self:SetBackdropColor(0, 0, 0)
						self:SetBackdropBorderColor(0.5, 0.5, 0.5)
						self:Hide()
					</OnLoad>
					<OnShow>
						self.timer = 0
					</OnShow>
					<OnUpdate>
						self.timer = self.timer + elapsed
						if (self:IsVisible() and self.timer > 5) then
							if (not self:IsMouseOver()) then
								self:Hide()
							end
						end
					</OnUpdate>
				</Scripts>
			</Frame>

			<EditBox name="$parentEdit" historyLines="0" numeric="false" autoFocus="false" nonspacewrap="true">
				<Anchors>
					<Anchor point="CENTER">
						<Offset x="0" y="0"/>
					</Anchor>
				</Anchors>
				<Scripts>
					<OnEditFocusGained>
						self:ClearFocus()
					</OnEditFocusGained>
					<OnTextChanged>
						if (MACAROON_STRINGS["MINIMAP_ACTION_"..self:GetText().."_FUNC"]) then
							local arg = MACAROON_STRINGS["MINIMAP_ACTION_"..self:GetText().."_ARG"]
							Macaroon[MACAROON_STRINGS["MINIMAP_ACTION_"..self:GetText().."_FUNC"]](arg)
						end
					</OnTextChanged>
				</Scripts>
			</EditBox>

		</Frames>
		<HighlightTexture alphaMode="ADD" file="Interface\Minimap\UI-Minimap-ZoomButton-Highlight"/>
		<Scripts>
			<OnLoad>
				Macaroon.MinimapButton_OnLoad(self)
			</OnLoad>
			<OnEvent>
				Macaroon.MinimapButton_OnEvent(self)
			</OnEvent>
			<OnDragStart>
				Macaroon.MinimapButton_OnDragStart(self)
			</OnDragStart>
			<OnDragStop>
				Macaroon.MinimapButton_OnDragStop(self)
			</OnDragStop>
			<OnShow>
				Macaroon.MinimapButton_OnShow(self)
			</OnShow>
			<OnHide>
				Macaroon.MinimapButton_OnHide(self)
			</OnHide>
			<OnEnter>
				Macaroon.MinimapButton_OnEnter(self)
			</OnEnter>
			<OnLeave>
				Macaroon.MinimapButton_OnLeave(self)
			</OnLeave>
			<OnClick>
				Macaroon.MinimapButton_OnClick(self, button)
			</OnClick>
			<OnUpdate>
				Macaroon.MinimapButton_OnUpdate(self, elapsed)
			</OnUpdate>
		</Scripts>
	</Button>

	<Frame name="MacaroonMainMenu" hidden="true" parent="InterfaceOptionsFramePanelContainer">
		<Frames>
			<Frame name="$parentHeader">
				<Size x="195" y="72"/>
				<Anchors>
					<Anchor point="CENTER" relativeTo="InterfaceOptionsFrame" relativePoint="TOP">
						<Offset x="0" y="0"/>
					</Anchor>
				</Anchors>
				<Backdrop bgFile="Interface\ItemTextFrame\ItemText-Stone-TopLeft" edgeFile="Interface\DialogFrame\UI-DialogBox-Border" tile="true">
					<BackgroundInsets>
						<AbsInset left="11" right="12" top="12" bottom="11"/>
					</BackgroundInsets>
					<TileSize>
						<AbsValue val="80"/>
					</TileSize>
					<EdgeSize>
						<AbsValue val="32"/>
					</EdgeSize>
				</Backdrop>
				<Layers>
					<Layer level="ARTWORK">
						<Texture name="$parentTexture" file="Interface\AddOns\Macaroon\Images\macaroon_logo.tga">
							<Size x="158" y="67"/>
							<Anchors>
								<Anchor point="CENTER">
									<Offset x="0" y="-3"/>
								</Anchor>
							</Anchors>
						</Texture>
					</Layer>
				</Layers>
			</Frame>
			<Frame name="$parentCheckbuttonBorder">
				<Anchors>
					<Anchor point="TOPLEFT">
						<Offset x="10" y="-100"/>
					</Anchor>
					<Anchor point="BOTTOMRIGHT">
						<Offset x="-10" y="135"/>
					</Anchor>
				</Anchors>
				<Backdrop bgFile="Interface\Tooltips\UI-Tooltip-Background" edgeFile="Interface\Tooltips\UI-Tooltip-Border" tile="true">
					<EdgeSize>
						<AbsValue val="16"/>
					</EdgeSize>
					<TileSize>
						<AbsValue val="16"/>
					</TileSize>
					<BackgroundInsets>
						<AbsInset left="5" right="5" top="5" bottom="5"/>
					</BackgroundInsets>
				</Backdrop>
				<Scripts>
					<OnLoad>
						self:SetBackdropBorderColor(0.5, 0.5, 0.5)
						self:SetBackdropColor(0,0,0,0.7)
						self:SetFrameLevel(self:GetParent():GetFrameLevel())
					</OnLoad>
				</Scripts>
			</Frame>
			<Frame name="$parentDropdownBorder">
				<Anchors>
					<Anchor point="TOPLEFT">
						<Offset x="10" y="-10"/>
					</Anchor>
					<Anchor point="BOTTOMRIGHT" relativeTo="$parentCheckbuttonBorder" relativePoint="TOPRIGHT">
						<Offset x="0" y="5"/>
					</Anchor>
				</Anchors>
				<Backdrop bgFile="Interface\Tooltips\UI-Tooltip-Background" edgeFile="Interface\Tooltips\UI-Tooltip-Border" tile="true">
					<EdgeSize>
						<AbsValue val="16"/>
					</EdgeSize>
					<TileSize>
						<AbsValue val="16"/>
					</TileSize>
					<BackgroundInsets>
						<AbsInset left="5" right="5" top="5" bottom="5"/>
					</BackgroundInsets>
				</Backdrop>
				<Scripts>
					<OnLoad>
						self:SetBackdropBorderColor(0.5, 0.5, 0.5)
						self:SetBackdropColor(0,0,0,0.7)
						self:SetFrameLevel(self:GetParent():GetFrameLevel())
					</OnLoad>
				</Scripts>
			</Frame>
			<Frame name="$parentSliderBorder">
				<Anchors>
					<Anchor point="TOPLEFT" relativeTo="$parentCheckbuttonBorder" relativePoint="BOTTOMLEFT">
						<Offset x="0" y="-5"/>
					</Anchor>
					<Anchor point="BOTTOMRIGHT">
						<Offset x="-10" y="10"/>
					</Anchor>
				</Anchors>
				<Backdrop bgFile="Interface\Tooltips\UI-Tooltip-Background" edgeFile="Interface\Tooltips\UI-Tooltip-Border" tile="true">
					<EdgeSize>
						<AbsValue val="16"/>
					</EdgeSize>
					<TileSize>
						<AbsValue val="16"/>
					</TileSize>
					<BackgroundInsets>
						<AbsInset left="5" right="5" top="5" bottom="5"/>
					</BackgroundInsets>
				</Backdrop>
				<Scripts>
					<OnLoad>
						self:SetBackdropBorderColor(0.5, 0.5, 0.5)
						self:SetBackdropColor(0,0,0,0.7)
						self:SetFrameLevel(self:GetParent():GetFrameLevel())
					</OnLoad>
				</Scripts>
			</Frame>
		</Frames>
		<Scripts>
			<OnLoad>
				self.name = "Macaroon"
				self:RegisterEvent("ADDON_LOADED")
				self:Hide()
			</OnLoad>
			<OnEvent>
                                if (... == "Macaroon") then
				    Macaroon.MacaroonMainMenu_BuildOptions(self)
				    InterfaceOptions_AddCategory(self)
                                end
			</OnEvent>
			<OnShow>
				self.origW = InterfaceOptionsFrame:GetWidth()
				InterfaceOptionsFrame:SetWidth(800)
			</OnShow>
			<OnHide>
				InterfaceOptionsFrame:SetWidth(self.origW)
			</OnHide>
		</Scripts>
	</Frame>

	<Frame name="MacaroonButtonStorage" hidden="true" parent="InterfaceOptionsFramePanelContainer">
		<Frames>
			<Frame name="$parentHeader">
				<Size x="195" y="72"/>
				<Anchors>
					<Anchor point="CENTER" relativeTo="InterfaceOptionsFrame" relativePoint="TOP">
						<Offset x="0" y="0"/>
					</Anchor>
				</Anchors>
				<Backdrop bgFile="Interface\ItemTextFrame\ItemText-Stone-TopLeft" edgeFile="Interface\DialogFrame\UI-DialogBox-Border" tile="true">
					<BackgroundInsets>
						<AbsInset left="11" right="12" top="12" bottom="11"/>
					</BackgroundInsets>
					<TileSize>
						<AbsValue val="80"/>
					</TileSize>
					<EdgeSize>
						<AbsValue val="32"/>
					</EdgeSize>
				</Backdrop>
				<Layers>
					<Layer level="ARTWORK">
						<Texture name="$parentTexture" file="Interface\AddOns\Macaroon\Images\macaroon_logo.tga">
							<Size x="158" y="67"/>
							<Anchors>
								<Anchor point="CENTER">
									<Offset x="0" y="-3"/>
								</Anchor>
							</Anchors>
						</Texture>
					</Layer>
				</Layers>
			</Frame>
			<Frame name="$parentButtonBorder">
				<Anchors>
					<Anchor point="TOPLEFT">
						<Offset x="10" y="-26"/>
					</Anchor>
					<Anchor point="BOTTOMRIGHT">
						<Offset x="-10" y="60"/>
					</Anchor>
				</Anchors>
				<Backdrop bgFile="Interface\Tooltips\UI-Tooltip-Background" edgeFile="Interface\Tooltips\UI-Tooltip-Border" tile="true">
					<EdgeSize>
						<AbsValue val="16"/>
					</EdgeSize>
					<TileSize>
						<AbsValue val="16"/>
					</TileSize>
					<BackgroundInsets>
						<AbsInset left="5" right="5" top="5" bottom="5"/>
					</BackgroundInsets>
				</Backdrop>
				<Scripts>
					<OnLoad>
						self:SetBackdropBorderColor(0.5, 0.5, 0.5)
						self:SetBackdropColor(0.4,0.4,0.4,1)
						self:SetFrameLevel(self:GetParent():GetFrameLevel())
					</OnLoad>
				</Scripts>
			</Frame>
			<Frame name="$parentOptionsBorder">
				<Anchors>
					<Anchor point="TOPLEFT" relativeTo="$parentButtonBorder" relativePoint="BOTTOMLEFT">
						<Offset x="0" y="-1"/>
					</Anchor>
					<Anchor point="BOTTOMRIGHT">
						<Offset x="-10" y="10"/>
					</Anchor>
				</Anchors>
				<Backdrop bgFile="Interface\Tooltips\UI-Tooltip-Background" edgeFile="Interface\Tooltips\UI-Tooltip-Border" tile="true">
					<EdgeSize>
						<AbsValue val="16"/>
					</EdgeSize>
					<TileSize>
						<AbsValue val="16"/>
					</TileSize>
					<BackgroundInsets>
						<AbsInset left="5" right="5" top="5" bottom="5"/>
					</BackgroundInsets>
				</Backdrop>
				<Frames>
					<Button name="$parentBind" inherits="OptionsButtonTemplate">
						<Size x="85" y="25"/>
						<Anchors>
							<Anchor point="LEFT">
								<Offset x="5" y="0"/>
							</Anchor>
						</Anchors>
						<Scripts>
							<OnLoad>
								self:SetText(MACAROON_STRINGS.MINIMAP_ACTION_4)
							</OnLoad>
							<OnClick>
								Macaroon.ButtonBind()
							</OnClick>
						</Scripts>
					</Button>
					<Button name="$parentEdit" inherits="OptionsButtonTemplate">
						<Size x="85" y="25"/>
						<Anchors>
							<Anchor point="LEFT" relativeTo="$parentBind" relativePoint="RIGHT">
								<Offset x="1" y="0"/>
							</Anchor>
						</Anchors>
						<Scripts>
							<OnLoad>
								self:SetText(MACAROON_STRINGS.MINIMAP_ACTION_2)
							</OnLoad>
							<OnClick>
								Macaroon.ButtonEdit()
							</OnClick>
						</Scripts>
					</Button>
					<Button name="$parentCreate" inherits="OptionsButtonTemplate">
						<Size x="105" y="25"/>
						<Anchors>
							<Anchor point="LEFT" relativeTo="$parentEdit" relativePoint="RIGHT">
								<Offset x="1" y="0"/>
							</Anchor>
						</Anchors>
						<Scripts>
							<OnLoad>
								self:SetText(MACAROON_STRINGS.CREATE_BUTTON)
							</OnLoad>
							<OnClick>
								Macaroon.StorageCreateButton()
							</OnClick>
						</Scripts>
					</Button>
					<Button name="$parentDelete" inherits="OptionsButtonTemplate">
						<Size x="105" y="25"/>
						<Anchors>
							<Anchor point="LEFT" relativeTo="$parentCreate" relativePoint="RIGHT">
								<Offset x="1" y="0"/>
							</Anchor>
						</Anchors>
						<Scripts>
							<OnLoad>
								self:SetText(MACAROON_STRINGS.DELETE_BUTTON)
							</OnLoad>
							<OnClick>
								Macaroon.StorageDeleteButton()
							</OnClick>
						</Scripts>
					</Button>
				</Frames>
				<Scripts>
					<OnLoad>
						self:SetBackdropBorderColor(0.5, 0.5, 0.5)
						self:SetBackdropColor(0,0,0,0.7)
						self:SetFrameLevel(self:GetParent():GetFrameLevel())
					</OnLoad>
				</Scripts>
			</Frame>
		</Frames>
		<Scripts>
			<OnLoad>
				self.name = "Stored Buttons"
				self.parent = "Macaroon"
				self:RegisterEvent("ADDON_LOADED")
				self:RegisterEvent("PLAYER_LOGIN")
				self.config = Macaroon.GetBarDefaults()
				self.handler = self
				self.homestate = {}
				self.btnType = "MacaroonButton"
				self.hasAction = "Interface\\Buttons\\UI-Quickslot2"
				self.noAction = "Interface\\Buttons\\UI-Quickslot"

				self.ButtonBorder = _G[self:GetName().."ButtonBorder"]
				self.OptionsBorder = _G[self:GetName().."OptionsBorder"]
			</OnLoad>
			<OnEvent>
                        if (... == "Macaroon") then
					InterfaceOptions_AddCategory(self)
				elseif (event == "PLAYER_LOGIN") then
					Macaroon.ButtonStorage_BuildOptions(self)
				end
			</OnEvent>
			<OnShow>
				Macaroon.UpdateButtonStorage()
				self.origW = InterfaceOptionsFrame:GetWidth()
				InterfaceOptionsFrame:SetWidth(648)
			</OnShow>
			<OnHide>
				InterfaceOptionsFrame:SetWidth(self.origW)
			</OnHide>
		</Scripts>
	</Frame>

	<Frame name="MacaroonProfileManager" hidden="true" parent="InterfaceOptionsFramePanelContainer">
		<Frames>
			<Frame name="$parentHeader">
				<Size x="195" y="72"/>
				<Anchors>
					<Anchor point="CENTER" relativeTo="InterfaceOptionsFrame" relativePoint="TOP">
						<Offset x="0" y="0"/>
					</Anchor>
				</Anchors>
				<Backdrop bgFile="Interface\ItemTextFrame\ItemText-Stone-TopLeft" edgeFile="Interface\DialogFrame\UI-DialogBox-Border" tile="true">
					<BackgroundInsets>
						<AbsInset left="11" right="12" top="12" bottom="11"/>
					</BackgroundInsets>
					<TileSize>
						<AbsValue val="80"/>
					</TileSize>
					<EdgeSize>
						<AbsValue val="32"/>
					</EdgeSize>
				</Backdrop>
				<Layers>
					<Layer level="ARTWORK">
						<Texture name="$parentTexture" file="Interface\AddOns\Macaroon\Images\macaroon_logo.tga">
							<Size x="158" y="67"/>
							<Anchors>
								<Anchor point="CENTER">
									<Offset x="0" y="-3"/>
								</Anchor>
							</Anchors>
						</Texture>
					</Layer>
				</Layers>
			</Frame>
		</Frames>
		<Scripts>
			<OnLoad>
				self.name = "Profiles"
				self.parent = "Macaroon"
				self:RegisterEvent("ADDON_LOADED")
				self:Hide()
			</OnLoad>
			<OnEvent>
                                if (... == "Macaroon") then
				    InterfaceOptions_AddCategory(self)
                                end
			</OnEvent>
			<OnShow>
				if (not IsAddOnLoaded("MacaroonProfiles")) then
					LoadAddOn("MacaroonProfiles")
				end
				self.origW = InterfaceOptionsFrame:GetWidth()
				InterfaceOptionsFrame:SetWidth(648)
			</OnShow>
			<OnHide>
				InterfaceOptionsFrame:SetWidth(self.origW)
			</OnHide>
		</Scripts>
	</Frame>
	
	<Frame name="MacaroonInfoManager" hidden="true" parent="InterfaceOptionsFramePanelContainer">
		<Frames>
			<Frame name="$parentHeader">
				<Size x="195" y="72"/>
				<Anchors>
					<Anchor point="CENTER" relativeTo="InterfaceOptionsFrame" relativePoint="TOP">
						<Offset x="0" y="0"/>
					</Anchor>
				</Anchors>
				<Backdrop bgFile="Interface\ItemTextFrame\ItemText-Stone-TopLeft" edgeFile="Interface\DialogFrame\UI-DialogBox-Border" tile="true">
					<BackgroundInsets>
						<AbsInset left="11" right="12" top="12" bottom="11"/>
					</BackgroundInsets>
					<TileSize>
						<AbsValue val="80"/>
					</TileSize>
					<EdgeSize>
						<AbsValue val="32"/>
					</EdgeSize>
				</Backdrop>
				<Layers>
					<Layer level="ARTWORK">
						<Texture name="$parentTexture" file="Interface\AddOns\Macaroon\Images\macaroon_logo.tga">
							<Size x="158" y="67"/>
							<Anchors>
								<Anchor point="CENTER">
									<Offset x="0" y="-3"/>
								</Anchor>
							</Anchors>
						</Texture>
					</Layer>
				</Layers>
			</Frame>
		</Frames>
		<Scripts>
			<OnLoad>
				self.name = "Information"
				self.parent = "Macaroon"
				self:RegisterEvent("ADDON_LOADED")
				self:Hide()
			</OnLoad>
			<OnEvent>
                                if (... == "Macaroon") then
				    InterfaceOptions_AddCategory(self)
                                end
			</OnEvent>
			<OnShow>
				if (not IsAddOnLoaded("MacaroonInfo")) then
					LoadAddOn("MacaroonInfo")
				end
				self.origW = InterfaceOptionsFrame:GetWidth()
				InterfaceOptionsFrame:SetWidth(648)
			</OnShow>
			<OnHide>
				InterfaceOptionsFrame:SetWidth(self.origW)
			</OnHide>
		</Scripts>
	</Frame>	

	<MessageFrame name="MacaroonMessageFrame" displayDuration="5" insertMode="TOP" parent="UIParent" frameStrata="HIGH" hidden="false">
		<Size x="512" y="60"/>
		<Anchors>
			<Anchor point="TOP">
				<Offset x="0" y="-100"/>
			</Anchor>
		</Anchors>
		<FontString inherits="ErrorFont" justifyH="CENTER"/>
	</MessageFrame>
</Ui>