<Ui xmlns="http://www.blizzard.com/wow/ui/" xmlns:xsi="http://www.w3.org/2001/XMLSchema-instance" xsi:schemaLocation="http://www.blizzard.com/wow/ui/
C:\Projects\WoW\Bin\Interface\FrameXML\UI.xsd">

	<!-- Macaroon, a World of Warcraft® user interface addon. -->
	<!-- Copyright© 2009 Connor H. Chenoweth, aka Maul - All rights reserved. -->
	<!-- License is given to copy, distribute and to make derivative works. -->
	
	<Frame name="MacaroonBarEditor" enableMouse="true" movable="true" frameStrata="TOOLTIP" parent="UIParent" clampedToScreen="true">
		<Anchors>
			<Anchor point="TOP" relativeTo="UIParent" relativePoint="TOP">
				<Offset x="0" y="0"/>
			</Anchor>
		</Anchors>
		<Backdrop bgFile="Interface\Tooltips\UI-Tooltip-Background" edgeFile="Interface\Tooltips\UI-Tooltip-Border" tile="true">
			<EdgeSize>
				<AbsValue val="22"/>
			</EdgeSize>
			<TileSize>
				<AbsValue val="16"/>
			</TileSize>
			<BackgroundInsets>
				<AbsInset left="5" right="5" top="5" bottom="5"/>
			</BackgroundInsets>
		</Backdrop>
		<Frames>
			<Frame name="$parentBackdrop">
				<Anchors>
					<Anchor point="TOPLEFT">
						<Offset x="10" y="-10"/>
					</Anchor>
					<Anchor point="BOTTOMRIGHT">
						<Offset x="-10" y="30"/>
					</Anchor>
				</Anchors>
				<Backdrop bgFile="Interface\Tooltips\UI-Tooltip-Background" edgeFile="Interface\Tooltips\UI-Tooltip-Border" tile="true">
					<EdgeSize>
						<AbsValue val="16"/>
					</EdgeSize>
					<TileSize>
						<AbsValue val="16"/>
					</TileSize>
					<BackgroundInsets>
						<AbsInset left="5" right="5" top="5" bottom="5"/>
					</BackgroundInsets>
				</Backdrop>
				<Scripts>
					<OnLoad>
						self:SetBackdropBorderColor(0.5, 0.5, 0.5);
						self:SetBackdropColor(0,0,0,0.5);
						self:GetParent().backdrop = self
					</OnLoad>
				</Scripts>
			</Frame>
			
			<!--
			<Button name="$parentBindEdit" inherits="MacaroonButtonTemplate1">
				<Size x="80" y="20"/>
				<Anchors>
					<Anchor point="BOTTOMLEFT">
						<Offset x="12" y="30"/>
					</Anchor>
				</Anchors>
				<Scripts>
					<OnLoad>
						self.button = "bind"
						_G[self:GetName().."Text"]:SetText(MACAROON_STRINGS.MINIMAP_ACTION_4)
					</OnLoad>
					<OnClick>
						MacaroonBarEditor.shrink = true
						MacaroonBarTextEditor.shrink = true
						Macaroon.ButtonBind()
					</OnClick>
				</Scripts>
			</Button>
			
			<Button name="$parentButtonEdit" inherits="MacaroonButtonTemplate1">
				<Size x="80" y="20"/>
				<Anchors>
					<Anchor point="BOTTOMRIGHT">
						<Offset x="-12" y="30"/>
					</Anchor>
				</Anchors>
				<Scripts>
					<OnLoad>
						self.button = "button"
						_G[self:GetName().."Text"]:SetText(MACAROON_STRINGS.MINIMAP_ACTION_2)
					</OnLoad>
					<OnClick>
						MacaroonBarEditor.shrink = true
						MacaroonBarTextEditor.shrink = true
						Macaroon.ButtonEdit()
					</OnClick>
				</Scripts>
			</Button>
			-->
			
			<Button name="$parentDone" inherits="MacaroonButtonTemplate1">
				<Anchors>
					<Anchor point="BOTTOM">
						<Offset x="0" y="7.5"/>
					</Anchor>
				</Anchors>
				<Scripts>
					<OnLoad>
						self.button = "close"
						_G[self:GetName().."Text"]:SetText(MACAROON_STRINGS.DONE)
					</OnLoad>
					<OnClick>
						MacaroonBarEditor.shrink = true
						MacaroonBarTextEditor.shrink = true
					</OnClick>
				</Scripts>
			</Button>

			<Button name="$parentPrevPage">
				<Size>
					<AbsDimension x="24" y="24"/>
				</Size>
				<Anchors>
					<Anchor point="BOTTOMLEFT">
						<Offset>
							<AbsDimension x="5" y="5"/>
						</Offset>
					</Anchor>
				</Anchors>
				<Layers>
					<Layer level="BACKGROUND">
						<FontString inherits="GameFontNormal" justifyH="LEFT" text="PREV">
							<Anchors>
								<Anchor point="LEFT" relativeTo="$parent" relativePoint="RIGHT"/>
							</Anchors>
						</FontString>
					</Layer>
				</Layers>
				<Scripts>
					<OnLoad>
						self.button = "prev"
					</OnLoad>
					<OnClick>
						Macaroon.BarEditorPage_OnClick(self:GetParent())
					</OnClick>
				</Scripts>
				<NormalTexture file="Interface\Buttons\UI-SpellbookIcon-PrevPage-Up"/>
				<PushedTexture file="Interface\Buttons\UI-SpellbookIcon-PrevPage-Down"/>
				<DisabledTexture file="Interface\Buttons\UI-SpellbookIcon-PrevPage-Disabled"/>
				<HighlightTexture file="Interface\Buttons\UI-Common-MouseHilight" alphaMode="ADD"/>
			</Button>

			<Button name="$parentNextPage">
				<Size>
					<AbsDimension x="24" y="24"/>
				</Size>
				<Anchors>
					<Anchor point="BOTTOMRIGHT">
						<Offset>
							<AbsDimension x="-5" y="5"/>
						</Offset>
					</Anchor>
				</Anchors>
				<Layers>
					<Layer level="BACKGROUND">
						<FontString inherits="GameFontNormal" justifyH="RIGHT" text="NEXT">
							<Anchors>
								<Anchor point="RIGHT" relativeTo="$parent" relativePoint="LEFT"/>
							</Anchors>
						</FontString>
					</Layer>
				</Layers>
				<Scripts>
					<OnLoad>
						self.button = "next"
					</OnLoad>
					<OnClick>
						Macaroon.BarEditorPage_OnClick(self:GetParent())
					</OnClick>
				</Scripts>
				<NormalTexture file="Interface\Buttons\UI-SpellbookIcon-NextPage-Up"/>
				<PushedTexture file="Interface\Buttons\UI-SpellbookIcon-NextPage-Down"/>
				<DisabledTexture file="Interface\Buttons\UI-SpellbookIcon-NextPage-Disabled"/>
				<HighlightTexture file="Interface\Buttons\UI-Common-MouseHilight" alphaMode="ADD"/>
			</Button>

		</Frames>
		<Scripts>
			<OnLoad>
				self:SetBackdropBorderColor(0.7, 0.7, 0.7);
				self:SetBackdropColor(0,0,0,1);
				self:RegisterEvent("ADDON_LOADED")
				self:RegisterForDrag("LeftButton", "RightButton")
				self.bottom = 0
			</OnLoad>
			<OnEvent>
                                if (... == "Macaroon") then
				    Macaroon.BarEditor_OnEvent(self)
                                end
			</OnEvent>
			<OnShow>
				Macaroon.BarEditor_OnShow(self)
			</OnShow>
			<OnHide>
				Macaroon.BarEditor_OnHide(self)
			</OnHide>
			<OnUpdate>
				Macaroon.BarEditor_OnUpdate(self)
			</OnUpdate>
			<OnDragStart>
				Macaroon.PanelMover_OnDragStart(self)
			</OnDragStart>
			<OnDragStop>
				Macaroon.PanelMover_OnDragStop(self)
			</OnDragStop>
		</Scripts>
	</Frame>

	<Frame name="MacaroonBarTextEditor" enableMouse="true" movable="true" frameStrata="TOOLTIP" parent="UIParent" clampedToScreen="true">
		<Anchors>
			<Anchor point="TOP" relativeTo="UIParent" relativePoint="TOP">
				<Offset x="0" y="0"/>
			</Anchor>
		</Anchors>
		<Backdrop bgFile="Interface\Tooltips\UI-Tooltip-Background" edgeFile="Interface\Tooltips\UI-Tooltip-Border" tile="true">
			<EdgeSize>
				<AbsValue val="22"/>
			</EdgeSize>
			<TileSize>
				<AbsValue val="16"/>
			</TileSize>
			<BackgroundInsets>
				<AbsInset left="5" right="5" top="5" bottom="5"/>
			</BackgroundInsets>
		</Backdrop>
		<Frames>
			<Frame name="$parentBackdrop">
				<Anchors>
					<Anchor point="TOPLEFT">
						<Offset x="10" y="-10"/>
					</Anchor>
					<Anchor point="BOTTOMRIGHT">
						<Offset x="-10" y="32"/>
					</Anchor>
				</Anchors>
				<Backdrop bgFile="Interface\Tooltips\UI-Tooltip-Background" edgeFile="Interface\Tooltips\UI-Tooltip-Border" tile="true">
					<EdgeSize>
						<AbsValue val="16"/>
					</EdgeSize>
					<TileSize>
						<AbsValue val="16"/>
					</TileSize>
					<BackgroundInsets>
						<AbsInset left="5" right="5" top="5" bottom="5"/>
					</BackgroundInsets>
				</Backdrop>
				<Scripts>
					<OnLoad>
						self:SetBackdropBorderColor(0.5, 0.5, 0.5);
						self:SetBackdropColor(0,0,0,0.5);
					</OnLoad>
				</Scripts>
			</Frame>
			<Button name="$parentDone" inherits="MacaroonButtonTemplate1">
				<Anchors>
					<Anchor point="BOTTOM">
						<Offset x="0" y="7.5"/>
					</Anchor>
				</Anchors>
				<Scripts>
					<OnLoad>
						self.button = "close"
						_G[self:GetName().."Text"]:SetText(MACAROON_STRINGS.DONE)
					</OnLoad>
					<OnClick>
						Macaroon.BarTextEditor_OnClick(self)
					</OnClick>
				</Scripts>
			</Button>

			<Button name="$parentPrevPage">
				<Size>
					<AbsDimension x="24" y="24"/>
				</Size>
				<Anchors>
					<Anchor point="BOTTOMLEFT">
						<Offset>
							<AbsDimension x="5" y="5"/>
						</Offset>
					</Anchor>
				</Anchors>
				<Layers>
					<Layer level="BACKGROUND">
						<FontString inherits="GameFontNormal" justifyH="LEFT" text="PREV">
							<Anchors>
								<Anchor point="LEFT" relativeTo="$parent" relativePoint="RIGHT"/>
							</Anchors>
						</FontString>
					</Layer>
				</Layers>
				<Scripts>
					<OnLoad>
						self.button = "prev"
					</OnLoad>
					<OnClick>
						Macaroon.BarEditorPage_OnClick(self:GetParent())
					</OnClick>
				</Scripts>
				<NormalTexture file="Interface\Buttons\UI-SpellbookIcon-PrevPage-Up"/>
				<PushedTexture file="Interface\Buttons\UI-SpellbookIcon-PrevPage-Down"/>
				<DisabledTexture file="Interface\Buttons\UI-SpellbookIcon-PrevPage-Disabled"/>
				<HighlightTexture file="Interface\Buttons\UI-Common-MouseHilight" alphaMode="ADD"/>
			</Button>

			<Button name="$parentNextPage">
				<Size>
					<AbsDimension x="24" y="24"/>
				</Size>
				<Anchors>
					<Anchor point="BOTTOMRIGHT">
						<Offset>
							<AbsDimension x="-5" y="5"/>
						</Offset>
					</Anchor>
				</Anchors>
				<Layers>
					<Layer level="BACKGROUND">
						<FontString inherits="GameFontNormal" justifyH="RIGHT" text="NEXT">
							<Anchors>
								<Anchor point="RIGHT" relativeTo="$parent" relativePoint="LEFT"/>
							</Anchors>
						</FontString>
					</Layer>
				</Layers>
				<Scripts>
					<OnLoad>
						self.button = "next"
					</OnLoad>
					<OnClick>
						Macaroon.BarEditorPage_OnClick(self:GetParent())
					</OnClick>
				</Scripts>
				<NormalTexture file="Interface\Buttons\UI-SpellbookIcon-NextPage-Up"/>
				<PushedTexture file="Interface\Buttons\UI-SpellbookIcon-NextPage-Down"/>
				<DisabledTexture file="Interface\Buttons\UI-SpellbookIcon-NextPage-Disabled"/>
				<HighlightTexture file="Interface\Buttons\UI-Common-MouseHilight" alphaMode="ADD"/>
			</Button>
		</Frames>
		<Scripts>
			<OnLoad>
				self:SetBackdropBorderColor(0.7, 0.7, 0.7);
				self:SetBackdropColor(0,0,0,1);
				self:RegisterEvent("ADDON_LOADED")
				self:RegisterForDrag("LeftButton", "RightButton")
				self.bottom = 0
				self.backdrop = _G[self:GetName().."Backdrop"]
				self:SetFrameLevel(0)
			</OnLoad>
			<OnEvent>
                                if (... == "Macaroon") then
				    Macaroon.BarTextEditor_OnEvent(self)
                                end
			</OnEvent>
			<OnShow>
				Macaroon.BarTextEditor_OnShow(self)
			</OnShow>
			<OnHide>
				Macaroon.BarTextEditor_OnHide(self)
			</OnHide>
			<OnUpdate>
				Macaroon.BarTextEditor_OnUpdate(self, elapsed)
			</OnUpdate>
			<OnDragStart>
				Macaroon.PanelMover_OnDragStart(self)
			</OnDragStart>
			<OnDragStop>
				Macaroon.PanelMover_OnDragStop(self)
			</OnDragStop>
		</Scripts>
	</Frame>
</Ui>