<Ui xmlns="http://www.blizzard.com/wow/ui/" xmlns:xsi="http://www.w3.org/2001/XMLSchema-instance" xsi:schemaLocation="http://www.blizzard.com/wow/ui/
C:\Projects\WoW\Bin\Interface\FrameXML\UI.xsd">

	<!-- Macaroon, a World of Warcraft® user interface addon. -->
	<!-- Copyright© 2009 Connor H. Chenoweth, aka Maul - All rights reserved. -->
	<!-- License is given to copy, distribute and to make derivative works. -->
	
	<Font name="MacaroonFont_Shadow_Med1" font="Fonts\FRIZQT__.TTF" virtual="true">
		<Shadow>
			<Offset>
				<AbsDimension x="1" y="-1"/>
			</Offset>
			<Color r="0" g="0" b="0"/>
		</Shadow>
		<FontHeight>
			<AbsValue val="11"/>
		</FontHeight>
		<Color r="0.9" g="0.9" b="0.9"/>
	</Font>	

	<Frame name="MacaroonButtonEditSelect" parent="UIParent" hidden="true">
		<Size x="36" y="36"/>
		<Layers>
			<Layer level="OVERLAY">
				<Texture name="$parentReticle" file="Interface\Buttons\UI-AutoCastableOverlay">
					<Anchors>
						<Anchor point="TOPLEFT">
							<Offset x="2" y="-2"/>
						</Anchor>
						<Anchor point="BOTTOMRIGHT">
							<Offset x="-3" y="3"/>
						</Anchor>
					</Anchors>
					<TexCoords left="0.24" right="0.75" top="0.24" bottom="0.75"/>
				</Texture>
			</Layer>
		</Layers>
	</Frame>

	<Frame name="MacaroonButtonEditor" enableMouse="true" movable="true" frameStrata="FULLSCREEN_DIALOG" parent="UIParent" clampedToScreen="true">
		<Size x="250" y="250"/>
		<Anchors>
			<Anchor point="TOP" relativeTo="UIParent" relativePoint="TOP">
				<Offset x="0" y="0"/>
			</Anchor>
		</Anchors>
		<Backdrop bgFile="Interface\Tooltips\UI-Tooltip-Background" edgeFile="Interface\Tooltips\UI-Tooltip-Border" tile="true">
			<EdgeSize>
				<AbsValue val="22"/>
			</EdgeSize>
			<TileSize>
				<AbsValue val="16"/>
			</TileSize>
			<BackgroundInsets>
				<AbsInset left="5" right="5" top="5" bottom="5"/>
			</BackgroundInsets>
		</Backdrop>
		<Frames>
			<Button name="$parentDone" inherits="MacaroonButtonTemplate1">
				<Anchors>
					<Anchor point="BOTTOM">
						<Offset x="0" y="7.5"/>
					</Anchor>
				</Anchors>
				<Scripts>
					<OnLoad>
						self.button = "close"
						_G[self:GetName().."Text"]:SetText(MACAROON_STRINGS.DONE)
					</OnLoad>
					<OnClick>
						Macaroon.ButtonEditor_OnClick(self)
					</OnClick>
				</Scripts>
			</Button>

			<Button name="$parentPrevPage">
				<Size>
					<AbsDimension x="24" y="24"/>
				</Size>
				<Anchors>
					<Anchor point="BOTTOMLEFT">
						<Offset>
							<AbsDimension x="5" y="5"/>
						</Offset>
					</Anchor>
				</Anchors>
				<Layers>
					<Layer level="BACKGROUND">
						<FontString inherits="GameFontNormal" justifyH="LEFT" text="PREV">
							<Anchors>
								<Anchor point="LEFT" relativeTo="$parent" relativePoint="RIGHT"/>
							</Anchors>
						</FontString>
					</Layer>
				</Layers>
				<Scripts>
					<OnLoad>
						self.button = "prev"
					</OnLoad>
					<OnClick>
						Macaroon.ButtonEditorPage_OnClick(self:GetParent())
					</OnClick>
				</Scripts>
				<NormalTexture file="Interface\Buttons\UI-SpellbookIcon-PrevPage-Up"/>
				<PushedTexture file="Interface\Buttons\UI-SpellbookIcon-PrevPage-Down"/>
				<DisabledTexture file="Interface\Buttons\UI-SpellbookIcon-PrevPage-Disabled"/>
				<HighlightTexture file="Interface\Buttons\UI-Common-MouseHilight" alphaMode="ADD"/>
			</Button>

			<Button name="$parentNextPage">
				<Size>
					<AbsDimension x="24" y="24"/>
				</Size>
				<Anchors>
					<Anchor point="BOTTOMRIGHT">
						<Offset>
							<AbsDimension x="-5" y="5"/>
						</Offset>
					</Anchor>
				</Anchors>
				<Layers>
					<Layer level="BACKGROUND">
						<FontString inherits="GameFontNormal" justifyH="RIGHT" text="NEXT">
							<Anchors>
								<Anchor point="RIGHT" relativeTo="$parent" relativePoint="LEFT"/>
							</Anchors>
						</FontString>
					</Layer>
				</Layers>
				<Scripts>
					<OnLoad>
						self.button = "next"
					</OnLoad>
					<OnClick>
						Macaroon.ButtonEditorPage_OnClick(self:GetParent())
					</OnClick>
				</Scripts>
				<NormalTexture file="Interface\Buttons\UI-SpellbookIcon-NextPage-Up"/>
				<PushedTexture file="Interface\Buttons\UI-SpellbookIcon-NextPage-Down"/>
				<DisabledTexture file="Interface\Buttons\UI-SpellbookIcon-NextPage-Disabled"/>
				<HighlightTexture file="Interface\Buttons\UI-Common-MouseHilight" alphaMode="ADD"/>
			</Button>

			<Frame name="$parentMacroEdit">
				<Size x="235" y="202"/>
				<Anchors>
					<Anchor point="TOP" relativeTo="$parent" relativePoint="TOP">
						<Offset x="0" y="-20"/>
					</Anchor>
				</Anchors>
				<Backdrop bgFile="Interface\Tooltips\UI-Tooltip-Background" edgeFile="Interface\Tooltips\UI-Tooltip-Border" tile="true">
					<EdgeSize>
						<AbsValue val="16"/>
					</EdgeSize>
					<TileSize>
						<AbsValue val="16"/>
					</TileSize>
					<BackgroundInsets>
						<AbsInset left="5" right="5" top="5" bottom="5"/>
					</BackgroundInsets>
				</Backdrop>
				<Layers>
					<Layer level="ARTWORK">
						<FontString name="$parentTitle" inherits="GameFontNormalSmall" justifyH="LEFT">
							<Anchors>
								<Anchor point="TOP">
									<Offset x="0" y="10"/>
								</Anchor>
							</Anchors>
						</FontString>
					</Layer>
				</Layers>
				<Frames>
					<CheckButton name="$parentMacroIcon" inherits="MacaroonMacroButtonTemplate" id="0">
						<Anchors>
							<Anchor point="TOPLEFT">
								<Offset x="9" y="-9"/>
							</Anchor>
						</Anchors>
						<Scripts>
							<OnLoad>
								Macaroon.MacroEditIcon_OnLoad(self)
							</OnLoad>
							<OnClick>
								Macaroon.MacroEditIcon_OnClick(self, button)
							</OnClick>
							<OnEnter>
								Macaroon.MacroEditIcon_OnEnter(self)
							</OnEnter>
							<OnLeave>
								Macaroon.MacroEditIcon_OnLeave(self)
							</OnLeave>
							<OnUpdate>
								Macaroon.MacroEditIcon_OnUpdate(self, elapsed)
							</OnUpdate>
						</Scripts>
					</CheckButton>

					<EditBox name="$parentNameEdit" letters="50" historyLines="0" numeric="false" autoFocus="false">
						<Size x="100" y="18"/>
						<Anchors>
							<Anchor point="TOPLEFT">
								<Offset x="48" y="-8"/>
							</Anchor>
						</Anchors>
						<Backdrop name="$parentBackdrop" bgFile="Interface\Tooltips\UI-Tooltip-Background" edgeFile="Interface\Tooltips\UI-Tooltip-Border" tile="true">
							<EdgeSize>
								<AbsValue val="12"/>
							</EdgeSize>
							<TileSize>
								<AbsValue val="20"/>
							</TileSize>
							<BackgroundInsets>
								<AbsInset left="3" right="3" top="3" bottom="3"/>
							</BackgroundInsets>
						</Backdrop>
						<Layers>
							<Layer level="ARTWORK">
								<FontString name="$parentText" inherits="GameFontNormalSmall" nonspacewrap="true">
									<Anchors>
										<Anchor point="CENTER"/>
									</Anchors>
								</FontString>
							</Layer>
						</Layers>
						<Scripts>
							<OnLoad>
								self:SetBackdropColor(0, 0, 0);
								self:SetBackdropBorderColor(0.5, 0.5, 0.5);
								self:SetTextInsets(10,10,0,1)
								self.text = _G[self:GetName().."Text"]
							</OnLoad>
							<OnEscapePressed>
								self:ClearFocus();
							</OnEscapePressed>
							<OnShow>
								if (Macaroon.CurrentButton) then
									if (Macaroon.CurrentButton.config.macroName and Macaroon.CurrentButton.config.macroName ~= "") then
										self:SetText(Macaroon.CurrentButton.config.macroName)
										self:SetCursorPosition(1)
										self:ClearFocus()
										self.text:SetText("")
									else
										self:SetText("")
										self:SetCursorPosition(1)
										self:ClearFocus()
										self.text:SetText(MACAROON_STRINGS.MACRO_NAME)
									end
								end
							</OnShow>
							<OnHide>
								self:SetText("")
							</OnHide>
							<OnTextChanged>
								if (Macaroon.CurrentButton) then
									Macaroon.CurrentButton.config.macroName = self:GetText()
								end
							</OnTextChanged>
							<OnEditFocusLost>
								self:HighlightText(0, 0);
								if (strlen(self:GetText()) &lt; 1) then
									self.text:SetText(MACAROON_STRINGS.MACRO_NAME)
								end
							</OnEditFocusLost>
							<OnEditFocusGained>
								self:HighlightText();
								self.text:SetText("")
							</OnEditFocusGained>
						</Scripts>
						<FontString justifyH="CENTER" inherits="GameFontNormalSmall"/>
					</EditBox>

					<CheckButton name="$parentTooltipCheck" inherits="OptionsCheckButtonTemplate" id="1">
						<Size x="22" y="22"/>
						<Anchors>
							<Anchor point="LEFT" relativeTo="$parentNameEdit" relativePoint="RIGHT">
								<Offset x="60" y="-1"/>
							</Anchor>
						</Anchors>
						<Scripts>
							<OnLoad>
								self:RegisterEvent("ADDON_LOADED")
								self:RegisterForClicks("LeftButtonUp", "RightButtonUp")
							</OnLoad>
							<OnEvent>
                                                                if (... == "Macaroon") then
								        _G[self:GetName().."Text"]:ClearAllPoints()
								        _G[self:GetName().."Text"]:SetPoint("RIGHT", self, "LEFT", 1, 0)
								        _G[self:GetName().."Text"]:SetText(MACAROON_STRINGS.CHECK_MACRO)
								        _G[self:GetName().."Text"]:SetJustifyH("RIGHT")
								        _G[self:GetName().."Text"]:SetTextHeight(9)
                                                                end
							</OnEvent>
							<OnShow>
								if (Macaroon.CurrentButton) then
									if (Macaroon.CurrentButton.config.macroUseNote) then
										self:SetChecked(1)
									else
										self:SetChecked(nil)
									end
								else
									self:SetChecked(nil)
								end
							</OnShow>
							<OnClick>
								PlaySound("gsTitleOptionOK");
								if (self:GetChecked()) then
									Macaroon.CurrentButton.config.macroUseNote = true
								else
									Macaroon.CurrentButton.config.macroUseNote = false
								end
							</OnClick>
						</Scripts>
					</CheckButton>

					<Button name="$parentMacroMaster" inherits="MacaroonButtonTemplate1">
						<Size x="102" y="17.5"/>
						<Anchors>
							<Anchor point="TOPLEFT">
								<Offset x="47" y="-30"/>
							</Anchor>
						</Anchors>
						<Scripts>
							<OnLoad>
								self.elapsed = 0
								self.click = false
								_G[self:GetName().."Text"]:SetText(MACAROON_STRINGS.MACRO_MASTER)
								_G[self:GetName().."Text"]:SetTextHeight(9)
							</OnLoad>
							<OnClick>
								PlaySound("gsTitleOptionOK")
								local frame = _G[self:GetParent():GetName().."ScrollFrame3"]

								if (frame:IsVisible()) then
									frame:Hide()
								else
									frame:Show()
								end

								self.click = true
							</OnClick>
							<OnShow>
								self.click = false
							</OnShow>
							<OnHide>
								self.click = false
							</OnHide>
						</Scripts>
					</Button>

					<Button name="$parentExpand">
						<Size x="20" y="20"/>
						<Anchors>
							<Anchor point="LEFT" relativeTo="$parentMacroMaster" relativePoint="RIGHT">
								<Offset x="60" y="-1"/>
							</Anchor>
						</Anchors>
						<Layers>
							<Layer level="ARTWORK">
								<FontString name="$parentText" inherits="GameFontNormalSmall" justifyH="RIGHT" text="">
									<Anchors>
										<Anchor point="RIGHT" relativeTo="$parent" relativePoint="LEFT">
											<Offset x="0" y="1"/>
										</Anchor>
									</Anchors>
								</FontString>
							</Layer>
						</Layers>
						<Scripts>
							<OnLoad>
								_G[self:GetName().."Text"]:SetText(MACAROON_STRINGS.MACRO_EXPAND)
								_G[self:GetName().."Text"]:SetTextHeight(9)
							</OnLoad>
							<OnClick>
								PlaySound("gsTitleOptionOK")

								local frame = _G[self:GetParent():GetName().."ScrollFrame1"]
								local frameEdit = _G[self:GetParent():GetName().."ScrollFrame1Edit1"]
								local tooltipEdit = _G[self:GetParent():GetName().."TooltipEdit"]

								if (frame:GetWidth() &lt; 599) then
									frame:SetWidth(600)
									frame:SetPoint("BOTTOM", 1.5, 10)
									frameEdit:SetWidth(582)
									if (tooltipEdit) then tooltipEdit:Hide() end
									self:SetNormalTexture("Interface\\Buttons\\UI-SpellbookIcon-PrevPage-Up")
									self:SetPushedTexture("Interface\\Buttons\\UI-SpellbookIcon-PrevPage-Down")
								else
									frame:SetWidth(215)
									frame:SetPoint("BOTTOM", 1.5, 58)
									frameEdit:SetWidth(200)
									if (tooltipEdit) then tooltipEdit:Show() end
									self:SetNormalTexture("Interface\\Buttons\\UI-SpellbookIcon-NextPage-Up")
									self:SetPushedTexture("Interface\\Buttons\\UI-SpellbookIcon-NextPage-Down")
								end
							</OnClick>
							<OnHide>
								local frame = _G[self:GetParent():GetName().."ScrollFrame1"]
								local frameEdit = _G[self:GetParent():GetName().."ScrollFrame1Edit1"]
								local tooltipEdit = _G[self:GetParent():GetName().."TooltipEdit"]

								frame:SetWidth(215)
								frame:SetPoint("BOTTOM", 1.5, 58)
								frameEdit:SetWidth(200)
								if (tooltipEdit) then tooltipEdit:Show() end
								self:SetNormalTexture("Interface\\Buttons\\UI-SpellbookIcon-NextPage-Up")
								self:SetPushedTexture("Interface\\Buttons\\UI-SpellbookIcon-NextPage-Down")
							</OnHide>
						</Scripts>
						<NormalTexture file="Interface\Buttons\UI-SpellbookIcon-NextPage-Up"/>
						<PushedTexture file="Interface\Buttons\UI-SpellbookIcon-NextPage-Down"/>
						<DisabledTexture file="Interface\Buttons\UI-SpellbookIcon-NextPage-Disabled"/>
						<HighlightTexture file="Interface\Buttons\UI-Common-MouseHilight" alphaMode="ADD"/>
					</Button>

					<ScrollFrame name="$parentScrollFrame1" inherits="MacaroonScrollFrameTemplate1" clampedToScreen="true">
						<Size x="215" y="85"/>
						<Anchors>
							<Anchor point="TOP">
								<Offset x="1.5" y="-60"/>
							</Anchor>
							<Anchor point="BOTTOM">
								<Offset x="1.5" y="58"/>
							</Anchor>
						</Anchors>
						<ScrollChild>
							<EditBox name="$parentEdit1" multiLine="true" letters="1024" autoFocus="false">
								<Size x="200" y="85"/>
								<Scripts>
									<OnShow>
										Macaroon.ButtonEditorMacroEdit_OnShow(self)
									</OnShow>
									<OnTextChanged>
										Macaroon.ButtonEditorMacroEdit_OnTextChanged(self)
									</OnTextChanged>
									<OnCursorChanged>
										Macaroon.ButtonEditorMacroEdit_OnCursorChanged(self, x, y, w, h)
									</OnCursorChanged>
									<OnUpdate>
										Macaroon.ButtonEditorMacroEdit_OnUpdate(self, elapsed)
									</OnUpdate>
									<OnEscapePressed>
										self:ClearFocus();
									</OnEscapePressed>
									<OnEditFocusGained>
										Macaroon.ButtonEditorMacroEditMacro(self)
									</OnEditFocusGained>
								</Scripts>
								<FontString inherits="MacaroonFont_Shadow_Med1"/>
							</EditBox>
						</ScrollChild>
					</ScrollFrame>

					<Button name="$parentTextButton">
						<Anchors>
							<Anchor point="TOPLEFT" relativeTo="$parentScrollFrame1"/>
							<Anchor point="BOTTOMRIGHT" relativeTo="$parentScrollFrame1"/>
						</Anchors>
						<Scripts>
							<OnClick>
								_G[self:GetParent():GetName().."ScrollFrame1Edit1"]:SetFocus();
							</OnClick>
						</Scripts>
					</Button>

					<Frame name="$parentBG">
						<Anchors>
							<Anchor point="TOPLEFT" relativeTo="$parentScrollFrame1">
								<Offset x="-6" y="10"/>
							</Anchor>
							<Anchor point="BOTTOMRIGHT" relativeTo="$parentScrollFrame1">
								<Offset x="3" y="-10"/>
							</Anchor>
						</Anchors>
						<Backdrop bgFile="Interface\ItemTextFrame\ItemText-Stone-TopLeft" edgeFile="Interface\Tooltips\UI-Tooltip-Border" tile="true">
							<EdgeSize>
								<AbsValue val="16"/>
							</EdgeSize>
							<TileSize>
								<AbsValue val="16"/>
							</TileSize>
							<BackgroundInsets>
								<AbsInset left="3" right="3" top="3" bottom="3"/>
							</BackgroundInsets>
						</Backdrop>
						<Scripts>
							<OnLoad>
								self:SetBackdropBorderColor(0.5, 0.5, 0.5);
								self:SetBackdropColor(0,0,0,1);
							</OnLoad>
						</Scripts>
					</Frame>

					<Frame name="$parentTooltipEdit">
						<Size x="223" y="41"/>
						<Anchors>
							<Anchor point="BOTTOM" relativeTo="$parent" relativePoint="BOTTOM">
								<Offset x="0" y="6"/>
							</Anchor>
						</Anchors>
						<Backdrop name="$parentBackdrop" bgFile="Interface\Tooltips\UI-Tooltip-Background" edgeFile="Interface\Tooltips\UI-Tooltip-Border" tile="true">
							<EdgeSize>
								<AbsValue val="12"/>
							</EdgeSize>
							<TileSize>
								<AbsValue val="20"/>
							</TileSize>
							<BackgroundInsets>
								<AbsInset left="3" right="3" top="3" bottom="3"/>
							</BackgroundInsets>
						</Backdrop>
						<Layers>
							<Layer level="ARTWORK">
								<FontString name="$parentText" inherits="GameFontNormalSmall" justifyH="RIGHT" text="">
									<Anchors>
										<Anchor point="BOTTOM" relativeTo="$parent" relativePoint="TOP">
											<Offset x="0" y="1"/>
										</Anchor>
									</Anchors>
									<Color r="1.0" g="1.0" b="1.0"/>
								</FontString>
							</Layer>
						</Layers>
						<Frames>
							<EditBox name="$parentEdit1" multiLine="true" letters="500" historyLines="0" numeric="false" autoFocus="false">
								<Size x="220" y="41"/>
								<Anchors>
									<Anchor point="TOPLEFT">
										<Offset x="3" y="-3"/>
									</Anchor>
								</Anchors>
								<Layers>
									<Layer level="ARTWORK">
										<FontString name="$parentText" inherits="GameFontNormalSmall" nonspacewrap="true">
											<Anchors>
												<Anchor point="CENTER"/>
											</Anchors>
										</FontString>
									</Layer>
								</Layers>
								<Scripts>
									<OnLoad>
										self:SetTextInsets(2,8,0,1)
										self.text = _G[self:GetName().."Text"]
									</OnLoad>
									<OnEscapePressed>
										self:ClearFocus();
									</OnEscapePressed>
									<OnShow>
										if (Macaroon.CurrentButton) then
											if (Macaroon.CurrentButton.config.macroNote and Macaroon.CurrentButton.config.macroNote ~= "") then
												self:SetText(Macaroon.CurrentButton.config.macroNote)
												self.text:SetText("")
											else
												self:SetText("")
												self.text:SetText(MACAROON_STRINGS.MACRO_EDITNOTE)
											end
										end
									</OnShow>
									<OnHide>
										self:SetText("")
									</OnHide>
									<OnTextChanged>
										if (Macaroon.CurrentButton) then
											Macaroon.CurrentButton.config.macroNote = self:GetText()
										end
									</OnTextChanged>
									<OnEditFocusLost>
										self:HighlightText(0, 0);
										if (strlen(self:GetText()) &lt; 1) then
											self.text:SetText(MACAROON_STRINGS.MACRO_EDITNOTE)
										end
									</OnEditFocusLost>
									<OnEditFocusGained>
										self:HighlightText();
										self.text:SetText("")
									</OnEditFocusGained>
								</Scripts>
								<FontString inherits="GameFontNormalSmall"/>
							</EditBox>
						</Frames>
						<Scripts>
							<OnLoad>
								self:SetBackdropColor(0, 0, 0);
								self:SetBackdropBorderColor(0.5, 0.5, 0.5);
							</OnLoad>
						</Scripts>
					</Frame>

					<ScrollFrame name="$parentScrollFrame2" inherits="MacaroonScrollFrameTemplate1">
						<Anchors>
							<Anchor point="TOPLEFT">
								<Offset x="4" y="-15"/>
							</Anchor>
							<Anchor point="BOTTOMRIGHT">
								<Offset x="-4" y="15"/>
							</Anchor>
						</Anchors>
						<Backdrop bgFile="Interface\ItemTextFrame\ItemText-Stone-TopLeft" edgeFile="Interface\Tooltips\UI-Tooltip-Border" tile="true">
							<EdgeSize>
								<AbsValue val="16"/>
							</EdgeSize>
							<TileSize>
								<AbsValue val="16"/>
							</TileSize>
							<BackgroundInsets>
								<AbsInset left="5" right="5" top="5" bottom="5"/>
							</BackgroundInsets>
						</Backdrop>
						<ScrollChild>
							<Frame name="$parentScrollChildFrame">
								<Size x="198" y="400"/>
							</Frame>
						</ScrollChild>
						<Frames>
							<Frame name="$parentBG">
								<Anchors>
									<Anchor point="TOPLEFT">
										<Offset x="-4" y="15"/>
									</Anchor>
									<Anchor point="BOTTOMRIGHT">
										<Offset x="4" y="-15"/>
									</Anchor>
								</Anchors>
								<Backdrop bgFile="Interface\ItemTextFrame\ItemText-Stone-TopLeft" edgeFile="Interface\Tooltips\UI-Tooltip-Border" tile="true">
									<EdgeSize>
										<AbsValue val="16"/>
									</EdgeSize>
									<TileSize>
										<AbsValue val="16"/>
									</TileSize>
									<BackgroundInsets>
										<AbsInset left="5" right="5" top="5" bottom="5"/>
									</BackgroundInsets>
								</Backdrop>
								<Scripts>
									<OnLoad>
										self:SetBackdropColor(0, 0, 0);
										self:SetBackdropBorderColor(0.5, 0.5, 0.5);
									</OnLoad>
								</Scripts>
							</Frame>
						</Frames>
						<Scripts>
							<OnLoad>
								self:Hide()
								self.offset = 0
							</OnLoad>
							<OnHide>
								MacaroonButtonEditorMacroEditMacroIcon.click = false
							</OnHide>
							<OnVerticalScroll>
								FauxScrollFrame_OnVerticalScroll(self, offset, 2, Macaroon.MacroEditor_ScrollFrame2Update)
							</OnVerticalScroll>
						</Scripts>
					</ScrollFrame>

					<ScrollFrame name="$parentScrollFrame3" inherits="MacaroonScrollFrameTemplate1">
						<Anchors>
							<Anchor point="TOPLEFT">
								<Offset x="4" y="-15"/>
							</Anchor>
							<Anchor point="BOTTOMRIGHT">
								<Offset x="-4" y="15"/>
							</Anchor>
						</Anchors>
						<Backdrop bgFile="Interface\ItemTextFrame\ItemText-Stone-TopLeft" edgeFile="Interface\Tooltips\UI-Tooltip-Border" tile="true">
							<EdgeSize>
								<AbsValue val="16"/>
							</EdgeSize>
							<TileSize>
								<AbsValue val="16"/>
							</TileSize>
							<BackgroundInsets>
								<AbsInset left="5" right="5" top="5" bottom="5"/>
							</BackgroundInsets>
						</Backdrop>
						<ScrollChild>
							<Frame name="$parentScrollChildFrame">
								<Size x="198" y="400"/>
							</Frame>
						</ScrollChild>
						<Frames>
							<Button name="$parentCopy" inherits="MacaroonButtonTemplate1">
								<Size x="55" y="22"/>
								<Anchors>
									<Anchor point="TOPLEFT">
										<Offset x="3" y="10"/>
									</Anchor>
								</Anchors>
								<Scripts>
									<OnLoad>
										self.button = "copy"
										_G[self:GetName().."Text"]:SetText(MACAROON_STRINGS.COPY)
									</OnLoad>
									<OnClick>
										PlaySound("gsTitleOptionOK");
										self:GetParent():Hide()

										GetNumMacroIcons()

										local currButton = MacaroonButtonEditorMacroEditScrollFrame3.currButton

										if (currButton) then

											MacaroonButtonEditorMacroEditScrollFrame1Edit1:SetText(currButton.macro)
											MacaroonButtonEditorMacroEditTooltipEditEdit1:SetText(currButton.macroNote)
											MacaroonButtonEditorMacroEditNameEdit:SetText(currButton.macroName)

											if (currButton.macroUseNote) then
												MacaroonButtonEditorMacroEditTooltipCheck:SetChecked(nil)
												MacaroonButtonEditorMacroEditTooltipCheck:Click()
											else
												MacaroonButtonEditorMacroEditTooltipCheck:SetChecked(1)
												MacaroonButtonEditorMacroEditTooltipCheck:Click()
											end

											if (type(Macaroon.CurrentButton.config.macroIcon) == "table") then

											else
												Macaroon.CurrentButton.config.macroIcon = currButton.macroIcon
												MacaroonButtonEditorMacroEditMacroIconIcon:SetTexture(GetMacroIconInfo(currButton.macroIcon))
											end
										end

										Macaroon.MacroEditor_SaveMacro()
									</OnClick>
								</Scripts>
							</Button>
							<Button name="$parentDelete" inherits="MacaroonButtonTemplate1">
								<Size x="55" y="22"/>
								<Anchors>
									<Anchor point="TOP">
										<Offset x="0" y="10"/>
									</Anchor>
								</Anchors>
								<Scripts>
									<OnLoad>
										self.button = "delete"
										_G[self:GetName().."Text"]:SetText(MACAROON_STRINGS.DELETE)
									</OnLoad>
									<OnClick>
										PlaySound("gsTitleOptionOK");
										if (MacaroonButtonEditorMacroEditScrollFrame3.buttonIndex) then
											MacaroonMacroMaster[MacaroonButtonEditorMacroEditScrollFrame3.buttonIndex] = nil
										end
										Macaroon.MacroEditor_ScrollFrame3Update()
									</OnClick>
								</Scripts>
							</Button>
							<Button name="$parentDone" inherits="MacaroonButtonTemplate1">
								<Size x="55" y="22"/>
								<Anchors>
									<Anchor point="TOPRIGHT">
										<Offset x="-3" y="10"/>
									</Anchor>
								</Anchors>
								<Scripts>
									<OnLoad>
										self.button = "done"
										_G[self:GetName().."Text"]:SetText(MACAROON_STRINGS.DONE)
									</OnLoad>
									<OnClick>
										PlaySound("gsTitleOptionOK");
										self:GetParent():Hide()
									</OnClick>
								</Scripts>
							</Button>
							<Frame name="$parentBG">
								<Anchors>
									<Anchor point="TOPLEFT">
										<Offset x="-4" y="15"/>
									</Anchor>
									<Anchor point="BOTTOMRIGHT">
										<Offset x="4" y="-15"/>
									</Anchor>
								</Anchors>
								<Backdrop bgFile="Interface\ItemTextFrame\ItemText-Stone-TopLeft" edgeFile="Interface\Tooltips\UI-Tooltip-Border" tile="true">
									<EdgeSize>
										<AbsValue val="16"/>
									</EdgeSize>
									<TileSize>
										<AbsValue val="16"/>
									</TileSize>
									<BackgroundInsets>
										<AbsInset left="5" right="5" top="5" bottom="5"/>
									</BackgroundInsets>
								</Backdrop>
								<Scripts>
									<OnLoad>
										self:SetBackdropColor(0, 0, 0);
										self:SetBackdropBorderColor(0.5, 0.5, 0.5);
									</OnLoad>
								</Scripts>
							</Frame>
						</Frames>
						<Scripts>
							<OnLoad>
								self:Hide()
								self.offset = 0
								_G[self:GetName().."ScrollBar"]:SetPoint("TOPLEFT", self, "TOPRIGHT", -14, -30)
							</OnLoad>
							<OnHide>

							</OnHide>
							<OnVerticalScroll>
								FauxScrollFrame_OnVerticalScroll(self, offset, 2, Macaroon.MacroEditor_ScrollFrame3Update)
							</OnVerticalScroll>
						</Scripts>
					</ScrollFrame>
				</Frames>
				<Scripts>
					<OnLoad>
						self:SetBackdropBorderColor(0.7, 0.7, 0.7);
						self:SetBackdropColor(0,0,0,1);
						self.optionSet = 1
						_G[self:GetName().."Title"]:SetText(MACAROON_STRINGS.MACRO_EDIT)

						Macaroon.MacroEditor_OnLoad(self)
					</OnLoad>
					<OnShow>
						Macaroon.MacroEditor_ScrollFrame2Update()
						Macaroon.MacroEditor_ScrollFrame3Update()
						MacaroonButtonEditorNextPage:Enable()
						MacaroonButtonEditorPrevPage:Enable()
					</OnShow>
					<OnHide>
						Macaroon.MacroEditor_SaveMacro()
					</OnHide>
				</Scripts>
			</Frame>

			<Frame name="$parentActionEdit">
				<Size x="235" y="70"/>
				<Anchors>
					<Anchor point="TOP" relativeTo="$parent" relativePoint="TOP">
						<Offset x="0" y="-20"/>
					</Anchor>
				</Anchors>
				<Backdrop bgFile="Interface\Tooltips\UI-Tooltip-Background" edgeFile="Interface\Tooltips\UI-Tooltip-Border" tile="true">
					<EdgeSize>
						<AbsValue val="16"/>
					</EdgeSize>
					<TileSize>
						<AbsValue val="16"/>
					</TileSize>
					<BackgroundInsets>
						<AbsInset left="5" right="5" top="5" bottom="5"/>
					</BackgroundInsets>
				</Backdrop>
				<Layers>
					<Layer level="ARTWORK">
						<FontString name="$parentTitle" inherits="GameFontNormalSmall" justifyH="LEFT">
							<Anchors>
								<Anchor point="TOP">
									<Offset x="0" y="10"/>
								</Anchor>
							</Anchors>
						</FontString>
					</Layer>
				</Layers>
				<Frames>
					<Frame name="$parentBackdrop">
						<Anchors>
							<Anchor point="TOPLEFT">
								<Offset x="3" y="-3"/>
							</Anchor>
							<Anchor point="BOTTOMRIGHT">
								<Offset x="-3" y="27"/>
							</Anchor>
						</Anchors>
						<Backdrop bgFile="Interface\Tooltips\UI-Tooltip-Background" edgeFile="Interface\Tooltips\UI-Tooltip-Border" tile="true">
							<EdgeSize>
								<AbsValue val="16"/>
							</EdgeSize>
							<TileSize>
								<AbsValue val="16"/>
							</TileSize>
							<BackgroundInsets>
								<AbsInset left="5" right="5" top="5" bottom="5"/>
							</BackgroundInsets>
						</Backdrop>
						<Scripts>
							<OnLoad>
								self:SetBackdropBorderColor(0.5, 0.5, 0.5);
								self:SetBackdropColor(0,0,0,0.5);
							</OnLoad>
						</Scripts>
					</Frame>
					<Slider name="$parentSlider" inherits="MacaroonSliderTemplate1" minValue="1" maxValue="132" valueStep="1" id="101">
						<Size x="160" y="20"/>
						<Anchors>
							<Anchor point="TOPLEFT">
								<Offset x="15" y="-10"/>
							</Anchor>
						</Anchors>
						<Scripts>
							<OnLoad>
								self.text = _G[self:GetName().."Text"]
								self.text2 = _G[self:GetName().."Text2"]
								self.low = _G[self:GetName().."Low"]
								self.high = _G[self:GetName().."High"]

								self.text:SetPoint("BOTTOM", "$parent", "TOP", 0, 0)

								self.text2:SetText(MACAROON_STRINGS["SLIDER_"..self:GetID()])

								self.low:SetText("")
								self.low:SetText("1")
								self.low:SetTextColor(1,0.82,0)
								self.low:ClearAllPoints()
								self.low:SetPoint("LEFT", 0, -12)

								self.high:SetText("")
								self.high:SetText(Macaroon.maxActionID)
								self.high:SetTextColor(1,0.82,0)
								self.high:ClearAllPoints()
								self.high:SetPoint("RIGHT", 0, -12)
							</OnLoad>
							<OnShow>
								Macaroon.ActionEditSlider_OnShow(self)
							</OnShow>
							<OnValueChanged>
								Macaroon.ActionEditSlider_OnValueChanged(self)
							</OnValueChanged>
						</Scripts>
					</Slider>
					<EditBox name="$parentSliderEdit" letters="3" inherits="MacaroonEditBoxTemplate2" id="101">
						<Size x="45" y="25"/>
						<Anchors>
							<Anchor point="LEFT" relativeTo="$parentSlider" relativePoint="RIGHT">
								<Offset x="2" y="0"/>
							</Anchor>
						</Anchors>
						<Scripts>
							<OnTabPressed>
								self:ClearFocus()
								_G[self:GetParent():GetName().."Slider"]:SetValue(self:GetText())
							</OnTabPressed>
							<OnEnterPressed>
								self:ClearFocus()
								_G[self:GetParent():GetName().."Slider"]:SetValue(self:GetText())
							</OnEnterPressed>
						</Scripts>
					</EditBox>
					<Button name="$parentPropagate" inherits="MacaroonButtonTemplate1" id="1">
						<Size x="40" y="22"/>
						<Anchors>
							<Anchor point="BOTTOMRIGHT">
								<Offset x="-15" y="5"/>
							</Anchor>
						</Anchors>
						<Layers>
							<Layer level="ARTWORK">
								<FontString name="$parentTitle" inherits="GameFontNormalSmall" justifyH="LEFT">
									<Anchors>
										<Anchor point="RIGHT" relativePoint="LEFT">
											<Offset x="-5" y="0"/>
										</Anchor>
									</Anchors>
								</FontString>
							</Layer>
						</Layers>
						<Scripts>
							<OnLoad>
								_G[self:GetName().."Text"]:SetText(MACAROON_STRINGS.APPLY)
								_G[self:GetName().."Title"]:SetText(MACAROON_STRINGS.ACTION_PROP)
							</OnLoad>
							<OnClick>
								Macaroon.ActionEditPropagate_OnClick(self)
							</OnClick>
						</Scripts>
					</Button>
				</Frames>
				<Scripts>
					<OnLoad>
						self:SetBackdropBorderColor(0.7, 0.7, 0.7);
						self:SetBackdropColor(0,0,0,1);
						_G[self:GetName().."Title"]:SetText(MACAROON_STRINGS.ACTION_EDIT)

						Macaroon.ActionEditor_OnLoad(self)
					</OnLoad>
					<OnShow>
						Macaroon.ActionEditor_OnShow(self)
					</OnShow>
				</Scripts>
			</Frame>
		</Frames>
		<Scripts>
			<OnLoad>
				self:SetBackdropBorderColor(0.7, 0.7, 0.7);
				self:SetBackdropColor(0,0,0,1);
				self:RegisterEvent("ADDON_LOADED")
				self:RegisterForDrag("LeftButton", "RightButton")
				self.bottom = 0
			</OnLoad>
			<OnEvent>
                                if (... == "Macaroon") then
					self:Hide()
                                end
			</OnEvent>
			<OnShow>
				Macaroon.ButtonEditor_OnShow(self)
			</OnShow>
			<OnHide>
				Macaroon.ButtonEditor_OnHide(self)
			</OnHide>
			<OnUpdate>
				Macaroon.ButtonEditor_OnUpdate(self)
			</OnUpdate>
			<OnDragStart>
				Macaroon.PanelMover_OnDragStart(self)
			</OnDragStart>
			<OnDragStop>
				Macaroon.PanelMover_OnDragStop(self)
			</OnDragStop>
		</Scripts>
	</Frame>

	<Frame name="MacaroonButtonOptions" enableMouse="true" movable="true" frameStrata="FULLSCREEN_DIALOG" parent="UIParent" clampedToScreen="true">
		<Size x="251" y="185"/>
		<Anchors>
			<Anchor point="TOP" relativeTo="UIParent" relativePoint="TOP">
				<Offset x="0" y="0"/>
			</Anchor>
		</Anchors>
		<Backdrop bgFile="Interface\Tooltips\UI-Tooltip-Background" edgeFile="Interface\Tooltips\UI-Tooltip-Border" tile="true">
			<EdgeSize>
				<AbsValue val="22"/>
			</EdgeSize>
			<TileSize>
				<AbsValue val="16"/>
			</TileSize>
			<BackgroundInsets>
				<AbsInset left="5" right="5" top="5" bottom="5"/>
			</BackgroundInsets>
		</Backdrop>
		<Frames>
			<Button name="$parentDone" inherits="MacaroonButtonTemplate1">
				<Anchors>
					<Anchor point="BOTTOM">
						<Offset x="0" y="7.5"/>
					</Anchor>
				</Anchors>
				<Scripts>
					<OnLoad>
						self.button = "close"
						_G[self:GetName().."Text"]:SetText(MACAROON_STRINGS.DONE)
					</OnLoad>
					<OnClick>
						Macaroon.ButtonOptions_OnClick(self)
					</OnClick>
				</Scripts>
			</Button>

			<Button name="$parentPrevPage">
				<Size>
					<AbsDimension x="24" y="24"/>
				</Size>
				<Anchors>
					<Anchor point="BOTTOMLEFT">
						<Offset>
							<AbsDimension x="5" y="5"/>
						</Offset>
					</Anchor>
				</Anchors>
				<Layers>
					<Layer level="BACKGROUND">
						<FontString inherits="GameFontNormal" justifyH="LEFT" text="PREV">
							<Anchors>
								<Anchor point="LEFT" relativeTo="$parent" relativePoint="RIGHT"/>
							</Anchors>
						</FontString>
					</Layer>
				</Layers>
				<Scripts>
					<OnLoad>
						self.button = "prev"
					</OnLoad>
					<OnClick>
						Macaroon.ButtonEditorPage_OnClick(self:GetParent())
					</OnClick>
				</Scripts>
				<NormalTexture file="Interface\Buttons\UI-SpellbookIcon-PrevPage-Up"/>
				<PushedTexture file="Interface\Buttons\UI-SpellbookIcon-PrevPage-Down"/>
				<DisabledTexture file="Interface\Buttons\UI-SpellbookIcon-PrevPage-Disabled"/>
				<HighlightTexture file="Interface\Buttons\UI-Common-MouseHilight" alphaMode="ADD"/>
			</Button>

			<Button name="$parentNextPage">
				<Size>
					<AbsDimension x="24" y="24"/>
				</Size>
				<Anchors>
					<Anchor point="BOTTOMRIGHT">
						<Offset>
							<AbsDimension x="-5" y="5"/>
						</Offset>
					</Anchor>
				</Anchors>
				<Layers>
					<Layer level="BACKGROUND">
						<FontString inherits="GameFontNormal" justifyH="RIGHT" text="NEXT">
							<Anchors>
								<Anchor point="RIGHT" relativeTo="$parent" relativePoint="LEFT"/>
							</Anchors>
						</FontString>
					</Layer>
				</Layers>
				<Scripts>
					<OnLoad>
						self.button = "next"
					</OnLoad>
					<OnClick>
						Macaroon.ButtonEditorPage_OnClick(self:GetParent())
					</OnClick>
				</Scripts>
				<NormalTexture file="Interface\Buttons\UI-SpellbookIcon-NextPage-Up"/>
				<PushedTexture file="Interface\Buttons\UI-SpellbookIcon-NextPage-Down"/>
				<DisabledTexture file="Interface\Buttons\UI-SpellbookIcon-NextPage-Disabled"/>
				<HighlightTexture file="Interface\Buttons\UI-Common-MouseHilight" alphaMode="ADD"/>
			</Button>

			<Frame name="$parentAnchorOptions">
				<Size x="236" y="57"/>
				<Anchors>
					<Anchor point="TOP" relativeTo="$parent" relativePoint="TOP">
						<Offset x="0" y="-20"/>
					</Anchor>
				</Anchors>
				<Backdrop bgFile="Interface\Tooltips\UI-Tooltip-Background" edgeFile="Interface\Tooltips\UI-Tooltip-Border" tile="true">
					<EdgeSize>
						<AbsValue val="16"/>
					</EdgeSize>
					<TileSize>
						<AbsValue val="16"/>
					</TileSize>
					<BackgroundInsets>
						<AbsInset left="5" right="5" top="5" bottom="5"/>
					</BackgroundInsets>
				</Backdrop>
				<Layers>
					<Layer level="ARTWORK">
						<FontString name="$parentTitle" inherits="GameFontNormalSmall" justifyH="LEFT">
							<Anchors>
								<Anchor point="TOP">
									<Offset x="0" y="10"/>
								</Anchor>
							</Anchors>
						</FontString>
					</Layer>
				</Layers>
				<Scripts>
					<OnLoad>
						self:SetBackdropBorderColor(0.7, 0.7, 0.7)
						self:SetBackdropColor(0,0,0,1)
						self:RegisterEvent("ADDON_LOADED")
						_G[self:GetName().."Title"]:SetText(MACAROON_STRINGS.BUTTON_OPTIONS)
					</OnLoad>
					<OnEvent>
                                                if (... == "Macaroon") then
							Macaroon.BuildAnchorOptions(self)
                                                end
					</OnEvent>
					<OnShow>
						Macaroon.AnchorOptions_OnShow(self)
					</OnShow>
					<OnHide>
						Macaroon.AnchorOptions_OnHide(self)
					</OnHide>
				</Scripts>
			</Frame>

			<!--
			<Frame name="$parentDesign">
				<Anchors>
					<Anchor point="TOPLEFT" relativeTo="$parentAnchorOptions" relativePoint="BOTTOMLEFT">
						<Offset x="0" y="-80"/>
					</Anchor>
					<Anchor point="BOTTOMRIGHT" relativeTo="$parent" relativePoint="BOTTOMRIGHT">
						<Offset x="-7" y="30"/>
					</Anchor>
				</Anchors>
				<Backdrop bgFile="Interface\Tooltips\UI-Tooltip-Background" edgeFile="Interface\Tooltips\UI-Tooltip-Border" tile="true">
					<EdgeSize>
						<AbsValue val="16"/>
					</EdgeSize>
					<TileSize>
						<AbsValue val="16"/>
					</TileSize>
					<BackgroundInsets>
						<AbsInset left="5" right="5" top="5" bottom="5"/>
					</BackgroundInsets>
				</Backdrop>
				<Frames>
					<CheckButton name="$parentButton">
						<Size x="36" y="36"/>
						<Anchors>
							<Anchor point="LEFT">
								<Offset x="8.5" y="0"/>
							</Anchor>
						</Anchors>
						<Layers>
							<Layer level="ARTWORK">
								<Texture name="$parentFlash" file="Interface\Buttons\UI-QuickslotRed" hidden="true"/>

								<FontString name="$parentName" inherits="GameFontHighlightSmallOutline">
									<Anchors>
										<Anchor point="CENTER">
											<Offset x="0" y="2"/>
										</Anchor>
									</Anchors>
								</FontString>
							</Layer>
							<Layer level="OVERLAY">
								<Texture name="$parentBorder" file="Interface\Buttons\UI-ActionButton-Border" hidden="true" alphaMode="ADD">
									<Size x="60" y="60"/>
									<Anchors>
										<Anchor point="CENTER">
											<Offset x="0" y="0"/>
										</Anchor>
									</Anchors>
								</Texture>
								<Texture name="$parentGloss" file="" hidden="false" alphaMode="ADD">
									<Size x="39" y="32"/>
									<Anchors>
										<Anchor point="CENTER">
											<Offset x="0" y="1"/>
										</Anchor>
									</Anchors>
								</Texture>
								<FontString name="$parentHotKey" inherits="GameFontNormalSmall" justifyH="CENTER">
									<Anchors>
										<Anchor point="CENTER">
											<Offset x="0" y="0"/>
										</Anchor>
									</Anchors>
								</FontString>
								<FontString name="$parentCount" inherits="NumberFontNormal" justifyH="CENTER">
									<Anchors>
										<Anchor point="CENTER">
											<Offset x="0" y="0"/>
										</Anchor>
									</Anchors>
								</FontString>
								<FontString name="$parentCooldownText" inherits="GameFontNormalLarge" justifyH="CENTER" justifyV="CENTER">
									<Anchors>
										<Anchor point="CENTER">
											<Offset x="0" y="0"/>
										</Anchor>
									</Anchors>
								</FontString>
								<FontString name="$parentCooldownTextHuge" inherits="GameFontNormalHuge" justifyH="CENTER" justifyV="CENTER">
									<Anchors>
										<Anchor point="CENTER">
											<Offset x="0" y="0"/>
										</Anchor>
									</Anchors>
								</FontString>
							</Layer>
						</Layers>
						<Frames>
							<Frame name="$parentIconFrame" hidden="false">
								<Size x="32" y="32"/>
								<Anchors>
									<Anchor point="CENTER">
										<Offset x="0" y="0"/>
									</Anchor>
								</Anchors>
								<Layers>
									<Layer level="ARTWORK">
										<Texture name="$parentIcon"/>
									</Layer>
									<Layer level="BACKGROUND">
										<Texture name="$parentBackGround">
											<Size x="60" y="60"/>
											<Anchors>
												<Anchor point="CENTER">
													<Offset x="0" y="0"/>
												</Anchor>
											</Anchors>
										</Texture>
									</Layer>
								</Layers>
								<Frames>
									<Cooldown name="$parentCooldown" inherits="CooldownFrameTemplate">
										<Anchors>
											<Anchor point="TOPLEFT"/>
											<Anchor point="BOTTOMRIGHT"/>
										</Anchors>
										<Scripts>
											<OnLoad>
												self:SetFrameLevel(3)
											</OnLoad>
										</Scripts>
									</Cooldown>
									<Cooldown name="$parentBuffup" inherits="CooldownFrameTemplate" reverse="true">
										<Anchors>
											<Anchor point="TOPLEFT" relativeTo="$parentCooldown" relativePoint="TOPLEFT"/>
											<Anchor point="BOTTOMRIGHT" relativeTo="$parentCooldown" relativePoint="BOTTOMRIGHT"/>
										</Anchors>
										<Scripts>
											<OnLoad>
												self:SetFrameLevel(3)
											</OnLoad>
										</Scripts>
									</Cooldown>
								</Frames>
								<Scripts>
									<OnLoad>
										self:SetFrameLevel(2)
									</OnLoad>
								</Scripts>
							</Frame>
							<CheckButton name="$parentBindFrame" inherits="MacaroonBindFrameTemplate">
								<Anchors>
									<Anchor point="TOPLEFT"/>
									<Anchor point="BOTTOMRIGHT"/>
								</Anchors>
							</CheckButton>
							<CheckButton name="$parentEditFrame" inherits="MacaroonEditFrameTemplate">
								<Anchors>
									<Anchor point="TOPLEFT"/>
									<Anchor point="BOTTOMRIGHT"/>
								</Anchors>
							</CheckButton>
						</Frames>
						<NormalTexture name="$parentNormalTexture" file="Interface\Buttons\UI-Quickslot2">
							<Size x="56" y="56"/>
							<Anchors>
								<Anchor point="CENTER">
									<Offset x="0" y="0"/>
								</Anchor>
							</Anchors>
						</NormalTexture>
						<PushedTexture name="$parentPushedTexture" inherits="MacaroonCheckButtonTextureTemplate" file="Interface\Buttons\UI-Quickslot-Depress">
							<Size  x="33" y="33"/>
							<Anchors>
								<Anchor point="CENTER">
									<Offset x="0" y="0"/>
								</Anchor>
							</Anchors>
						</PushedTexture>
						<HighlightTexture name="$parentHighlightTexture" inherits="MacaroonCheckButtonTextureTemplate" alphaMode="ADD" file="Interface\Buttons\ButtonHilight-Square">
							<Size  x="33" y="33"/>
							<Anchors>
								<Anchor point="CENTER">
									<Offset x="0" y="0"/>
								</Anchor>
							</Anchors>
						</HighlightTexture>
						<CheckedTexture name="$parentCheckedTexture" inherits="MacaroonCheckButtonTextureTemplate" alphaMode="ADD" file="Interface\Buttons\CheckButtonHilight">
							<Size  x="33" y="33"/>
							<Anchors>
								<Anchor point="CENTER">
									<Offset x="0" y="0"/>
								</Anchor>
							</Anchors>
						</CheckedTexture>
						<Scripts>
							<OnLoad>
								Macaroon.ButtonOptionsButton_OnLoad(self)
							</OnLoad>
							<OnDragStart>

							</OnDragStart>
							<OnDragStop>

							</OnDragStop>
							<OnReceiveDrag>

							</OnReceiveDrag>
							<PreClick>

							</PreClick>
							<PostClick>

							</PostClick>
						</Scripts>
					</CheckButton>
					<Frame name="$parentPosition">
						<Size x="70" y="70"/>
						<Anchors>
							<Anchor point="LEFT" relativeTo="$parentButton" relativePoint="RIGHT">
								<Offset x="-3" y="0"/>
							</Anchor>
						</Anchors>
						<Frames>
							<Button name="$parentUp">
								<Size x="20" y="20"/>
								<Anchors>
									<Anchor point="CENTER">
										<Offset x="0" y="15"/>
									</Anchor>
								</Anchors>
								<Scripts>
									<OnLoad>
										self.elapsed = 0;
										self.click = nil;
										self:RegisterForClicks("AnyUp");
										self.count = 1
										self.pushed = false
										self.value = ""
									</OnLoad>
									<OnClick>
										PlaySound("gsTitleOptionOK");
										self:GetParent().count = 0;
										self.click = button
										if (self.func) then

										end
										self.elapsed = 0;
										self.count = 1
										self.pushed = false
									</OnClick>
									<OnEnter>
										GameTooltip:SetOwner(self, "ANCHOR_RIGHT");
										GameTooltip:SetText("")
									</OnEnter>
									<OnLeave>
										GameTooltip:Hide();
									</OnLeave>
									<OnUpdate>
										if (self:GetButtonState() == "PUSHED") then

											self.elapsed = self.elapsed + elapsed

											if (self.elapsed > 0.20) then
												self.pushed = true
											end
											if (self.pushed and self.func) then
												self.count = self.count + 1
											end
										else
											self.elapsed = 0
											self.pushed = false
										end
									</OnUpdate>
								</Scripts>
								<NormalTexture file="Interface\Addons\Macaroon\Images\UI-SpellbookIcon-Up-Up"/>
								<PushedTexture file="Interface\Addons\Macaroon\Images\UI-SpellbookIcon-Up-Down"/>
								<HighlightTexture file="Interface\Buttons\UI-Common-MouseHilight" alphaMode="ADD"/>
							</Button>
							<Button name="$parentDown">
								<Size x="20" y="20"/>
								<Anchors>
									<Anchor point="CENTER">
										<Offset x="0" y="-15"/>
									</Anchor>
								</Anchors>
								<Scripts>
									<OnLoad>
										self.elapsed = 0;
										self.click = nil;
										self:RegisterForClicks("AnyUp");
										self.count = 1
										self.pushed = false
										self.value = ""
									</OnLoad>
									<OnClick>
										PlaySound("gsTitleOptionOK");
										self:GetParent().count = 0;
										self.click = button
										if (self.func) then

										end
										self.elapsed = 0;
										self.count = 1
										self.pushed = false
									</OnClick>
									<OnEnter>
										GameTooltip:SetOwner(self, "ANCHOR_RIGHT");
										GameTooltip:SetText("")
									</OnEnter>
									<OnLeave>
										GameTooltip:Hide();
									</OnLeave>
									<OnUpdate>
										if (self:GetButtonState() == "PUSHED") then

											self.elapsed = self.elapsed + elapsed

											if (self.elapsed > 0.20) then
												self.pushed = true
											end
											if (self.pushed and self.func) then
												self.count = self.count + 1
											end
										else
											self.elapsed = 0
											self.pushed = false
										end
									</OnUpdate>
								</Scripts>
								<NormalTexture file="Interface\Addons\Macaroon\Images\UI-SpellbookIcon-Down-Up"/>
								<PushedTexture file="Interface\Addons\Macaroon\Images\UI-SpellbookIcon-Down-Down"/>
								<HighlightTexture file="Interface\Buttons\UI-Common-MouseHilight" alphaMode="ADD"/>
							</Button>
							<Button name="$parentLeft">
								<Size x="20" y="20"/>
								<Anchors>
									<Anchor point="CENTER">
										<Offset x="-15" y="0"/>
									</Anchor>
								</Anchors>
								<Scripts>
									<OnLoad>
										self.elapsed = 0;
										self.click = nil;
										self:RegisterForClicks("AnyUp");
										self.count = 1
										self.pushed = false
										self.value = ""
									</OnLoad>
									<OnClick>
										PlaySound("gsTitleOptionOK");
										self:GetParent().count = 0;
										self.click = button
										if (self.func) then

										end
										self.elapsed = 0;
										self.count = 1
										self.pushed = false
									</OnClick>
									<OnEnter>
										GameTooltip:SetOwner(self, "ANCHOR_RIGHT");
										GameTooltip:SetText("")
									</OnEnter>
									<OnLeave>
										GameTooltip:Hide();
									</OnLeave>
									<OnUpdate>
										if (self:GetButtonState() == "PUSHED") then

											self.elapsed = self.elapsed + elapsed

											if (self.elapsed > 0.20) then
												self.pushed = true
											end
											if (self.pushed and self.func) then
												self.count = self.count + 1
											end
										else
											self.elapsed = 0
											self.pushed = false
										end
									</OnUpdate>
								</Scripts>
								<NormalTexture file="Interface\Buttons\UI-SpellbookIcon-PrevPage-Up"/>
								<PushedTexture file="Interface\Buttons\UI-SpellbookIcon-PrevPage-Down"/>
								<HighlightTexture file="Interface\Buttons\UI-Common-MouseHilight" alphaMode="ADD"/>
							</Button>
							<Button name="$parentRight">
								<Size x="20" y="20"/>
								<Anchors>
									<Anchor point="CENTER">
										<Offset x="15" y="0"/>
									</Anchor>
								</Anchors>
								<Scripts>
									<OnLoad>
										self.elapsed = 0;
										self.click = nil;
										self:RegisterForClicks("AnyUp");
										self.count = 1
										self.pushed = false
										self.value = ""
									</OnLoad>
									<OnClick>
										PlaySound("gsTitleOptionOK");
										self:GetParent().count = 0;
										self.click = button
										if (self.func) then

										end
										self.elapsed = 0;
										self.count = 1
										self.pushed = false
									</OnClick>
									<OnEnter>
										GameTooltip:SetOwner(self, "ANCHOR_RIGHT");
										GameTooltip:SetText("")
									</OnEnter>
									<OnLeave>
										GameTooltip:Hide();
									</OnLeave>
									<OnUpdate>
										if (self:GetButtonState() == "PUSHED") then

											self.elapsed = self.elapsed + elapsed

											if (self.elapsed > 0.20) then
												self.pushed = true
											end
											if (self.pushed and self.func) then
												self.count = self.count + 1
											end
										else
											self.elapsed = 0
											self.pushed = false
										end
									</OnUpdate>
								</Scripts>
								<NormalTexture file="Interface\Buttons\UI-SpellbookIcon-NextPage-Up"/>
								<PushedTexture file="Interface\Buttons\UI-SpellbookIcon-NextPage-Down"/>
								<HighlightTexture file="Interface\Buttons\UI-Common-MouseHilight" alphaMode="ADD"/>
							</Button>
						</Frames>
					</Frame>

				</Frames>
				<Scripts>
					<OnLoad>
						self:SetBackdropBorderColor(0.7, 0.7, 0.7)
						self:SetBackdropColor(0,0,0,1)
						self:RegisterEvent("ADDON_LOADED")
					</OnLoad>
					<OnEvent>
                                                if (... == "Macaroon") then

                                                end
					</OnEvent>
					<OnShow>

					</OnShow>
					<OnHide>

					</OnHide>
				</Scripts>
			</Frame>
			-->

			<Frame name="$parentOptions">
				<Anchors>
					<Anchor point="TOPLEFT" relativeTo="$parentAnchorOptions" relativePoint="BOTTOMLEFT">
						<Offset x="0" y="-3"/>
					</Anchor>
					<Anchor point="BOTTOMRIGHT" relativeTo="$parent" relativePoint="BOTTOMRIGHT">
						<Offset x="-7" y="30"/>
					</Anchor>
				</Anchors>
				<Backdrop bgFile="Interface\Tooltips\UI-Tooltip-Background" edgeFile="Interface\Tooltips\UI-Tooltip-Border" tile="true">
					<EdgeSize>
						<AbsValue val="16"/>
					</EdgeSize>
					<TileSize>
						<AbsValue val="16"/>
					</TileSize>
					<BackgroundInsets>
						<AbsInset left="5" right="5" top="5" bottom="5"/>
					</BackgroundInsets>
				</Backdrop>
				<Frames>

				</Frames>
				<Scripts>
					<OnLoad>
						self:SetBackdropBorderColor(0.7, 0.7, 0.7)
						self:SetBackdropColor(0,0,0,1)
						self:RegisterEvent("ADDON_LOADED")
					</OnLoad>
					<OnEvent>
                                                if (... == "Macaroon") then
							Macaroon.BuildButtonOptions(self)
						end
					</OnEvent>
					<OnShow>
						Macaroon.ButtonOptions_OnShow(self)
					</OnShow>
					<OnHide>
						Macaroon.ButtonOptions_OnHide(self)
					</OnHide>
				</Scripts>
			</Frame>
		</Frames>
		<Scripts>
			<OnLoad>
				self:SetBackdropBorderColor(0.7, 0.7, 0.7)
				self:SetBackdropColor(0,0,0,1)
				self:RegisterEvent("PLAYER_LOGIN")
				self:RegisterForDrag("LeftButton", "RightButton")
			</OnLoad>
			<OnEvent>
				Macaroon.ButtonOptions_OnEvent(self, event, ...)
			</OnEvent>
			<OnUpdate>
				Macaroon.ButtonOptions_OnUpdate(self)
			</OnUpdate>
			<OnDragStart>
				Macaroon.PanelMover_OnDragStart(self)
			</OnDragStart>
			<OnDragStop>
				Macaroon.PanelMover_OnDragStop(self)
			</OnDragStop>
			<OnHide>
				Macaroon.MacroEditor_SaveMacro()
			</OnHide>
		</Scripts>
	</Frame>
</Ui>