﻿<Ui xmlns:xsi="http://www.w3.org/2001/XMLSchema-instance" xmlns="http://www.blizzard.com/wow/ui/" xsi:schemaLocation="http://www.blizzard.com/wow/ui/
..\FrameXML\UI.xsd">
  <Script file="Libs\LibStub\LibStub.lua"/>
  <Include file="Libs\CallbackHandler-1.0\CallbackHandler-1.0.xml"/>
  <Include file="Libs\AceAddon-3.0\AceAddon-3.0.xml"/>
  <Include file="Libs\AceGUI-3.0\AceGUI-3.0.xml"/>
  <Include file="Libs\AceDB-3.0\AceDB-3.0.xml"/>
  <Include file="Libs\AceDBOptions-3.0\AceDBOptions-3.0.xml"/>
  <Include file="Libs\AceConfig-3.0\AceConfig-3.0.xml"/>
  <Include file="Libs\AceConsole-3.0\AceConsole-3.0.xml"/>
  <Include file="Libs\AceEvent-3.0\AceEvent-3.0.xml"/>
  <Include file="Libs\LibGUIDRegistry-0.1\lib.xml"/>
  <Include file="Libs\LibSink-2.0\lib.xml"/>
</Ui>