﻿<Ui xmlns:xsi="http://www.w3.org/2001/XMLSchema-instance" xmlns:xsd="http://www.w3.org/2001/XMLSchema" xmlns="http://www.blizzard.com/wow/ui/">
	<Script file="WG_Announcements.lua" />
	<Frame name="WG_Announcements" hidden="true" parent="UIParent" toplevel="true" movable="true">
		<Size>
			<AbsDimension x="158" y="294" />
		</Size>
		<Anchors>
			<Anchor point="CENTER">
				<Offset>
					<AbsDimension x="0" y="0" />
				</Offset>
			</Anchor>
		</Anchors>
		<Scripts>
			<OnMouseDown>self:StartMoving();</OnMouseDown>
			<OnMouseUp>self:StopMovingOrSizing();</OnMouseUp>
		</Scripts>
		<Layers>
			<Layer>
				<FontString name="FontString2" inherits="GameFontRed" text="Spamming Announcements can result in loss of GM Privileges!">
					<Size x="128" y="61" />
					<Anchors>
						<Anchor point="TOPLEFT">
							<Offset x="15" y="-41" />
						</Anchor>
					</Anchors>
				</FontString>
				<FontString name="FontString1" inherits="GameFontNormal" text="Announcements">
					<Size x="128" y="20" />
					<Anchors>
						<Anchor point="TOPLEFT">
							<Offset x="15" y="-15" />
						</Anchor>
					</Anchors>
				</FontString>
			</Layer>
		</Layers>
		<Backdrop bgFile="Interface\DialogFrame\UI-DialogBox-Background" edgeFile="Interface\DialogFrame\UI-DialogBox-Border" tile="true">
			<BackgroundInsets>
				<AbsInset left="11" right="12" top="12" bottom="11" />
			</BackgroundInsets>
			<TileSize>
				<AbsValue val="32" />
			</TileSize>
			<EdgeSize>
				<AbsValue val="32" />
			</EdgeSize>
		</Backdrop>
		<Frames>
			<Button name="Button6" inherits="UIPanelButtonTemplate" text="Close">
				<Size x="48" y="20" />
				<Anchors>
					<Anchor point="TOPLEFT">
						<Offset x="55" y="-259" />
					</Anchor>
				</Anchors>
				<Scripts>
					<OnClick>WG_Announcements:Hide()</OnClick>
				</Scripts>
			</Button>
			<Button name="Button5" inherits="UIPanelButtonTemplate" text="LFG Rules">
				<Size x="114" y="20" />
				<Anchors>
					<Anchor point="TOPLEFT">
						<Offset x="22" y="-212" />
					</Anchor>
				</Anchors>
				<Scripts>
					<OnClick>LFGRulesAnn()</OnClick>
				</Scripts>
			</Button>
			<Button name="Button4" inherits="UIPanelButtonTemplate" text="Voting">
				<Size x="114" y="20" />
				<Anchors>
					<Anchor point="TOPLEFT">
						<Offset x="22" y="-186" />
					</Anchor>
				</Anchors>
				<Scripts>
					<OnClick>VotingAnn()</OnClick>
				</Scripts>
			</Button>
			<Button name="Button3" inherits="UIPanelButtonTemplate" text="Stances/Pets">
				<Size x="114" y="20" />
				<Anchors>
					<Anchor point="TOPLEFT">
						<Offset x="22" y="-160" />
					</Anchor>
				</Anchors>
				<Scripts>
					<OnClick>StancesAnn()</OnClick>
				</Scripts>
			</Button>
			<Button name="Button2" inherits="UIPanelButtonTemplate" text="Guild Recruit">
				<Size x="114" y="20" />
				<Anchors>
					<Anchor point="TOPLEFT">
						<Offset x="22" y="-134" />
					</Anchor>
				</Anchors>
				<Scripts>
					<OnClick>GRAnn()</OnClick>
				</Scripts>
			</Button>
			<Button name="Button1" inherits="UIPanelButtonTemplate" text="Donation Tickets">
				<Size x="114" y="20" />
				<Anchors>
					<Anchor point="TOPLEFT">
						<Offset x="22" y="-108" />
					</Anchor>
				</Anchors>
				<Scripts>
					<OnClick>DonationAnn()</OnClick>
				</Scripts>
			</Button>
		</Frames>
	</Frame>
</Ui>