﻿<Ui xmlns:xsi="http://www.w3.org/2001/XMLSchema-instance" xmlns:xsd="http://www.w3.org/2001/XMLSchema" xmlns="http://www.blizzard.com/wow/ui/">
	<Button name="WG_MinimapButton" parent="Minimap" toplevel="true" movable="true" frameStrata="LOW" enableMouse="true" text="WG_MinimapButton">
		<Size>
			<AbsDimension x="27" y="27" />
		</Size>
		<Anchors>
			<Anchor point="TOPLEFT">
				<Offset>
					<AbsDimension x="-25" y="-60" />
				</Offset>
			</Anchor>
		</Anchors>
		<Scripts>
			<OnLoad>
				this:RegisterForClicks("LeftButtonUp","RightButtonUp","MiddleButtonUp");
				this:RegisterForDrag("RightButton");
			</OnLoad>
			<OnEnter>
				GameTooltip:SetOwner(this, "ANCHOR_LEFT");
				GameTooltip:AddLine("WoWGasm GM Helper v 0.81");
                GameTooltip:AddLine(" ");
                GameTooltip:AddLine("Designed by Ranik based on Maven's GMH");
                GameTooltip:AddLine("Coding by Blackjack and Hellbilly");
				GameTooltip:AddLine("Left click to show/hide");
				GameTooltip:AddLine("Right click to drag this");
				GameTooltip:Show();
			</OnEnter>
			<OnLeave>
				GameTooltip:Hide();
			</OnLeave>
			<OnClick>
				MiniMap_Button()
			</OnClick>
			<OnLoad>
				this:RegisterForDrag("RightButton");
			</OnLoad>
			<OnDragStart>
				this:StartMoving();
			</OnDragStart>
			<OnDragStop>
				this:StopMovingOrSizing();
			</OnDragStop>
		</Scripts>
		<Layers>
			<Layer level="OVERLAY">
				<Texture name="Texture1" file="Interface\Minimap\MiniMap-TrackingBorder">
					<Size>
						<AbsDimension x="46" y="46" />
					</Size>
					<Anchors>
						<Anchor point="TOPLEFT" />
					</Anchors>
				</Texture>
			</Layer>
			<Layer level="BACKGROUND">
				<Texture name="$parent_Texture">
					<Size>
						<AbsDimension x="15" y="15" />
					</Size>
					<Anchors>
						<Anchor point="TOPLEFT">
							<Offset>
								<AbsDimension x="6" y="-6" />
							</Offset>
						</Anchor>
					</Anchors>
					<TexCoords left="0.075" right="0.925" top="0.075" bottom="0.925" />
				</Texture>
			</Layer>
		</Layers>
		<NormalTexture file="Interface\AddOns\WG_Ticket_Tracker\Textures\MMB_Up" />
		<PushedTexture file="Interface\AddOns\WG_Ticket_Tracker\Textures\MMB_Down" />
		<HighlightTexture file="Interface\Minimap\UI-Minimap-ZoomButton-Highlight" alphaMode="ADD" />
	</Button>
</Ui>