﻿<Ui xmlns:xsi="http://www.w3.org/2001/XMLSchema-instance" xmlns:xsd="http://www.w3.org/2001/XMLSchema" xmlns="http://www.blizzard.com/wow/ui/">
	<Script file="WG_Professions.lua" />
	<Frame name="WG_Professions" setAllPoints="true" hidden="true" parent="UIParent" toplevel="true" movable="true" enableMouse="true" enableKeyboard="true">
		<Size>
			<AbsDimension x="314" y="544" />
		</Size>
		<Anchors>
			<Anchor point="CENTER">
				<Offset>
					<AbsDimension x="0" y="0" />
				</Offset>
			</Anchor>
		</Anchors>
		<Scripts>
			<OnMouseDown>self:StartMoving();</OnMouseDown>
			<OnMouseUp>self:StopMovingOrSizing();</OnMouseUp>
		</Scripts>
		<Layers>
			<Layer>
				<FontString name="FontString11" inherits="GameFontNormalLarge" text="Professions">
					<Size x="234" y="31" />
					<Anchors>
						<Anchor point="TOPLEFT">
							<Offset x="40" y="-15" />
						</Anchor>
					</Anchors>
				</FontString>
				<FontString name="FontString10" inherits="GameFontNormal" text="Tools of the Trade">
					<Size x="130" y="20" />
					<Anchors>
						<Anchor point="TOPLEFT">
							<Offset x="154" y="-312" />
						</Anchor>
					</Anchors>
				</FontString>
				<FontString name="FontString8" inherits="GameFontNormal" text="Skill Level">
					<Anchors>
						<Anchor point="TOPLEFT">
							<Offset x="174" y="-104" />
						</Anchor>
					</Anchors>
				</FontString>
				<FontString name="FontString6" inherits="GameFontNormalSmall" text="275-375">
					<Size x="56" y="20" />
					<Anchors>
						<Anchor point="TOPLEFT">
							<Offset x="239" y="-234" />
						</Anchor>
					</Anchors>
				</FontString>
				<FontString name="FontString5" inherits="GameFontNormalSmall" text="200-375">
					<Size x="56" y="20" />
					<Anchors>
						<Anchor point="TOPLEFT">
							<Offset x="239" y="-208" />
						</Anchor>
					</Anchors>
				</FontString>
				<FontString name="FontString4" inherits="GameFontNormalSmall" text="125-225">
					<Size x="56" y="20" />
					<Anchors>
						<Anchor point="TOPLEFT">
							<Offset x="239" y="-182" />
						</Anchor>
					</Anchors>
				</FontString>
				<FontString name="FontString3" inherits="GameFontNormalSmall" text="50-150">
					<Size x="56" y="20" />
					<Anchors>
						<Anchor point="TOPLEFT">
							<Offset x="239" y="-156" />
						</Anchor>
					</Anchors>
				</FontString>
				<FontString name="FontString1" inherits="GameFontNormal" text="Primary">
					<Anchors>
						<Anchor point="TOPLEFT">
							<Offset x="15" y="-52" />
						</Anchor>
					</Anchors>
				</FontString>
				<FontString name="FontString2" inherits="GameFontNormalSmall" text="1-75">
					<Size x="56" y="20" />
					<Anchors>
						<Anchor point="TOPLEFT">
							<Offset x="239" y="-130" />
						</Anchor>
					</Anchors>
				</FontString>
				<FontString name="FontString7" inherits="GameFontNormalSmall" text="350-450">
					<Size x="56" y="20" />
					<Anchors>
						<Anchor point="TOPLEFT">
							<Offset x="239" y="-260" />
						</Anchor>
					</Anchors>
				</FontString>
				<FontString name="FontString9" inherits="GameFontNormal" text="Secondary">
					<Anchors>
						<Anchor point="TOPLEFT">
							<Offset x="15" y="-364" />
						</Anchor>
					</Anchors>
				</FontString>
				<FontString name="FontString14" inherits="GameFontNormalSmall" text="Apprentice">
					<Size x="100" y="20" />
					<Anchors>
						<Anchor point="TOPLEFT">
							<Offset x="133" y="-130" />
						</Anchor>
					</Anchors>
				</FontString>
				<FontString name="FontString15" inherits="GameFontNormalSmall" text="Journeyman">
					<Size x="100" y="20" />
					<Anchors>
						<Anchor point="TOPLEFT">
							<Offset x="133" y="-156" />
						</Anchor>
					</Anchors>
				</FontString>
				<FontString name="FontString16" inherits="GameFontNormalSmall" text="Expert">
					<Size x="100" y="20" />
					<Anchors>
						<Anchor point="TOPLEFT">
							<Offset x="133" y="-182" />
						</Anchor>
					</Anchors>
				</FontString>
				<FontString name="FontString17" inherits="GameFontNormalSmall" text="Artisan">
					<Size x="100" y="20" />
					<Anchors>
						<Anchor point="TOPLEFT">
							<Offset x="133" y="-208" />
						</Anchor>
					</Anchors>
				</FontString>
				<FontString name="FontString18" inherits="GameFontNormalSmall" text="Master">
					<Size x="100" y="20" />
					<Anchors>
						<Anchor point="TOPLEFT">
							<Offset x="133" y="-234" />
						</Anchor>
					</Anchors>
				</FontString>
				<FontString name="FontString19" inherits="GameFontNormalSmall" text="Grand Master">
					<Size x="100" y="20" />
					<Anchors>
						<Anchor point="TOPLEFT">
							<Offset x="133" y="-260" />
						</Anchor>
					</Anchors>
				</FontString>
				<FontString name="FontString20" inherits="GameFontNormal" text="This will give them the Apprentice level spell.  To train up, please have them visit a trainer!">
					<Size x="285" y="35" />
					<Anchors>
						<Anchor point="TOPLEFT">
							<Offset x="15" y="-494" />
						</Anchor>
					</Anchors>
				</FontString>
			</Layer>
		</Layers>
		<Backdrop bgFile="Interface\DialogFrame\UI-DialogBox-Background" edgeFile="Interface\DialogFrame\UI-DialogBox-Border" tile="true">
			<BackgroundInsets>
				<AbsInset left="11" right="12" top="12" bottom="11" />
			</BackgroundInsets>
			<TileSize>
				<AbsValue val="32" />
			</TileSize>
			<EdgeSize>
				<AbsValue val="32" />
			</EdgeSize>
		</Backdrop>
		<Frames>
			<MessageFrame name="MessageFrame1" fade="false">
				<Size x="178" y="32" />
				<Anchors>
					<Anchor point="TOPLEFT">
						<Offset x="121" y="-49" />
					</Anchor>
				</Anchors>
				<Layers>
					<Layer>
						<FontString name="FontString12" inherits="GameFontNormalSmall" text="Min">
							<Size x="29" y="20" />
							<Anchors>
								<Anchor point="TOPLEFT">
									<Offset x="3" y="-6" />
								</Anchor>
							</Anchors>
						</FontString>
						<FontString name="FontString13" inherits="GameFontNormalSmall" text="Max">
							<Size x="31" y="20" />
							<Anchors>
								<Anchor point="TOPLEFT">
									<Offset x="91" y="-6" />
								</Anchor>
							</Anchors>
						</FontString>
					</Layer>
				</Layers>
				<Frames>
					<EditBox name="profMax" inherits="InputBoxTemplate" alpha="5">
						<Size x="52" y="20" />
						<Anchors>
							<Anchor point="TOPLEFT">
								<Offset x="122" y="-6" />
							</Anchor>
						</Anchors>
						<Scripts>
							<OnLoad>profMax:SetAutoFocus(false)</OnLoad>
						</Scripts>
					</EditBox>
					<EditBox name="profMin" inherits="InputBoxTemplate" alpha="5">
						<Size x="52" y="20" />
						<Anchors>
							<Anchor point="TOPLEFT">
								<Offset x="33" y="-6" />
							</Anchor>
						</Anchors>
						<Scripts>
							<OnLoad>profMin:SetAutoFocus(false)</OnLoad>
						</Scripts>
					</EditBox>
				</Frames>
			</MessageFrame>
			<Button name="Button21" inherits="UIPanelButtonGrayTemplate" text="Skinning Knife">
				<Size x="130" y="20" />
				<Anchors>
					<Anchor point="TOPLEFT">
						<Offset x="154" y="-442" />
					</Anchor>
				</Anchors>
				<Scripts>
					<OnClick>toolKnife()</OnClick>
				</Scripts>
			</Button>
			<Button name="Button20" inherits="UIPanelButtonGrayTemplate" text="Jewelers Kit">
				<Size x="130" y="20" />
				<Anchors>
					<Anchor point="TOPLEFT">
						<Offset x="154" y="-390" />
					</Anchor>
				</Anchors>
				<Scripts>
					<OnClick>toolJKit()</OnClick>
				</Scripts>
			</Button>
			<Button name="Button19" inherits="UIPanelButtonGrayTemplate" text="Virtuoso Inking Set">
				<Size x="130" y="20" />
				<Anchors>
					<Anchor point="TOPLEFT">
						<Offset x="154" y="-468" />
					</Anchor>
				</Anchors>
				<Scripts>
					<OnClick>toolInk()</OnClick>
				</Scripts>
			</Button>
			<Button name="Button18" inherits="UIPanelButtonGrayTemplate" text="Blacksmith Hammer">
				<Size x="130" y="20" />
				<Anchors>
					<Anchor point="TOPLEFT">
						<Offset x="154" y="-338" />
					</Anchor>
				</Anchors>
				<Scripts>
					<OnClick>toolBSHammer()</OnClick>
				</Scripts>
			</Button>
			<Button name="Button17" inherits="UIPanelButtonGrayTemplate" text="Enchanting Rod">
				<Size x="130" y="20" />
				<Anchors>
					<Anchor point="TOPLEFT">
						<Offset x="154" y="-364" />
					</Anchor>
				</Anchors>
				<Scripts>
					<OnClick>toolERod()</OnClick>
				</Scripts>
			</Button>
			<Button name="Button16" inherits="UIPanelButtonTemplate" text="X">
				<Size x="21" y="20" />
				<Anchors>
					<Anchor point="TOPLEFT">
						<Offset x="279" y="-15" />
					</Anchor>
				</Anchors>
				<Scripts>
					<OnClick>WG_Professions:Hide()</OnClick>
				</Scripts>
			</Button>
			<Button name="Button15" inherits="UIPanelButtonTemplate" text="Riding">
				<Size x="100" y="20" />
				<Anchors>
					<Anchor point="TOPLEFT">
						<Offset x="15" y="-468" />
					</Anchor>
				</Anchors>
				<Scripts>
					<OnClick>profRiding()</OnClick>
				</Scripts>
			</Button>
			<Button name="Button14" inherits="UIPanelButtonTemplate" text="Fishing">
				<Size x="100" y="20" />
				<Anchors>
					<Anchor point="TOPLEFT">
						<Offset x="15" y="-442" />
					</Anchor>
				</Anchors>
				<Scripts>
					<OnClick>profFish()</OnClick>
				</Scripts>
			</Button>
			<Button name="Button13" inherits="UIPanelButtonTemplate" text="First Aid">
				<Size x="100" y="20" />
				<Anchors>
					<Anchor point="TOPLEFT">
						<Offset x="15" y="-416" />
					</Anchor>
				</Anchors>
				<Scripts>
					<OnClick>profAid()</OnClick>
				</Scripts>
			</Button>
			<Button name="Button12" inherits="UIPanelButtonTemplate" text="Cooking">
				<Size x="100" y="20" />
				<Anchors>
					<Anchor point="TOPLEFT">
						<Offset x="15" y="-390" />
					</Anchor>
				</Anchors>
				<Scripts>
					<OnClick>profCook()</OnClick>
				</Scripts>
			</Button>
			<Button name="Button11" inherits="UIPanelButtonTemplate" text="Tailoring">
				<Size x="100" y="20" />
				<Anchors>
					<Anchor point="TOPLEFT">
						<Offset x="15" y="-338" />
					</Anchor>
				</Anchors>
				<Scripts>
					<OnClick>profTailor()</OnClick>
				</Scripts>
			</Button>
			<Button name="Button10" inherits="UIPanelButtonTemplate" text="Skinning">
				<Size x="100" y="20" />
				<Anchors>
					<Anchor point="TOPLEFT">
						<Offset x="15" y="-312" />
					</Anchor>
				</Anchors>
				<Scripts>
					<OnClick>profSkin()</OnClick>
				</Scripts>
			</Button>
			<Button name="Button9" inherits="UIPanelButtonTemplate" text="Mining">
				<Size x="100" y="20" />
				<Anchors>
					<Anchor point="TOPLEFT">
						<Offset x="15" y="-286" />
					</Anchor>
				</Anchors>
				<Scripts>
					<OnClick>profMining()</OnClick>
				</Scripts>
			</Button>
			<Button name="Button8" inherits="UIPanelButtonTemplate" text="Leatherworking">
				<Size x="100" y="20" />
				<Anchors>
					<Anchor point="TOPLEFT">
						<Offset x="15" y="-260" />
					</Anchor>
				</Anchors>
				<Scripts>
					<OnClick>profLeather()</OnClick>
				</Scripts>
			</Button>
			<Button name="Button7" inherits="UIPanelButtonTemplate" text="Jewelcrafting">
				<Size x="100" y="20" />
				<Anchors>
					<Anchor point="TOPLEFT">
						<Offset x="15" y="-234" />
					</Anchor>
				</Anchors>
				<Scripts>
					<OnClick>profJewel()</OnClick>
				</Scripts>
			</Button>
			<Button name="Button6" inherits="UIPanelButtonTemplate" text="Inscription">
				<Size x="100" y="20" />
				<Anchors>
					<Anchor point="TOPLEFT">
						<Offset x="15" y="-208" />
					</Anchor>
				</Anchors>
				<Scripts>
					<OnClick>profInscrip()</OnClick>
				</Scripts>
			</Button>
			<Button name="Button5" inherits="UIPanelButtonTemplate" text="Herbalism">
				<Size x="100" y="20" />
				<Anchors>
					<Anchor point="TOPLEFT">
						<Offset x="15" y="-182" />
					</Anchor>
				</Anchors>
				<Scripts>
					<OnClick>profHerb()</OnClick>
				</Scripts>
			</Button>
			<Button name="Button4" inherits="UIPanelButtonTemplate" text="Engineering">
				<Size x="100" y="20" />
				<Anchors>
					<Anchor point="TOPLEFT">
						<Offset x="15" y="-156" />
					</Anchor>
				</Anchors>
				<Scripts>
					<OnClick>profEngin()</OnClick>
				</Scripts>
			</Button>
			<Button name="Button3" inherits="UIPanelButtonTemplate" text="Enchanting">
				<Size x="100" y="20" />
				<Anchors>
					<Anchor point="TOPLEFT">
						<Offset x="15" y="-130" />
					</Anchor>
				</Anchors>
				<Scripts>
					<OnClick>profEnch()</OnClick>
				</Scripts>
			</Button>
			<Button name="Button2" inherits="UIPanelButtonTemplate" text="Blacksmithing">
				<Size x="100" y="20" />
				<Anchors>
					<Anchor point="TOPLEFT">
						<Offset x="15" y="-104" />
					</Anchor>
				</Anchors>
				<Scripts>
					<OnClick>profBlack()</OnClick>
				</Scripts>
			</Button>
			<Button name="Button1" inherits="UIPanelButtonTemplate" text="Alchemy">
				<Size x="100" y="20" />
				<Anchors>
					<Anchor point="TOPLEFT">
						<Offset x="15" y="-78" />
					</Anchor>
				</Anchors>
				<Scripts>
					<OnClick>profAlch()</OnClick>
				</Scripts>
			</Button>
			<Button name="Button22" inherits="UIPanelButtonGrayTemplate" text="Mining Pick">
				<Size x="130" y="20" />
				<Anchors>
					<Anchor point="TOPLEFT">
						<Offset x="154" y="-416" />
					</Anchor>
				</Anchors>
				<Scripts>
					<OnClick>toolPick()</OnClick>
				</Scripts>
			</Button>
		</Frames>
	</Frame>
</Ui>