﻿<Ui xmlns="http://www.blizzard.com/wow/ui/" xmlns:xsi="http://www.w3.org/2001/XMLSchema-instance" xsi:schemaLocation="http://www.blizzard.com/wow/ui/
..\FrameXML\UI.xsd">
	<Script file="TitanCarbonite.lua"/>
	<Frame parent="UIParent">
		<Frames>
			<Button name="TitanPanelCarboniteButton" inherits="TitanPanelIconTemplate" frameStrata="FULLSCREEN" toplevel="true">
			    <Scripts>
                    <OnLoad>
					    TitanPanelCarboniteButton_OnLoad(self)
                        TitanPanelButton_OnLoad(self)
                    </OnLoad>
                    <OnEvent>
                        TitanPanelCarboniteButton_OnEvent(event, arg1)
                    </OnEvent>    
                    <OnDoubleClick>
                        TitanPanelCarboniteButton_OnDoubleClick(button)
                    </OnDoubleClick>
                    <OnUpdate>
                        TitanPanelCarboniteButton_OnUpdate()
                    </OnUpdate>
                </Scripts>
			</Button>
		</Frames>
	</Frame>	
</Ui>