<?xml version="1.0" encoding="utf-8"?>
<Ui xmlns:xsi="http://www.w3.org/2001/XMLSchema-instance" xmlns="http://www.blizzard.com/wow/ui/" xsi:schemaLocation="http://www.blizzard.com/wow/ui/FrameXML/UI.xsd">
  <Script file="Libs\LibStub\LibStub.lua"/>
  <Include file="Libs\CallbackHandler-1.0\CallbackHandler-1.0.xml"/>
  <Script file="Libs\AceAddon-3.0\AceAddon-3.0.lua"/>
  <Script file="Libs\AceDB-3.0\AceDB-3.0.lua"/>
  <Script file="Libs\AceConsole-3.0\AceConsole-3.0.lua"/>
  <Script file="Libs\AceEvent-3.0\AceEvent-3.0.lua"/>
  <Script file="Libs\AceTimer-3.0\AceTimer-3.0.lua"/>
  <Include file="Libs\LibSharedMedia-3.0\lib.xml"/>
</Ui>
