<Ui xsi:schemaLocation="http://www.blizzard.com/wow/ui/">
	<Script file="autograts.lua"/>
	<Frame name="autogratsMainFrame">
		<Scripts>
			<OnLoad>
				AG_OnLoad();
			</OnLoad>
			<OnEvent> 
				AG_OnEvent(event);
			</OnEvent>
		</Scripts>
	</Frame>
	<Frame name="autogratsOptionsFrame" toplevel="true" frameStrata="MEDIUM" movable="true" enableMouse="true" hidden="true" parent="UIParent">
		<Size>
			<AbsDimension x="600" y="500"/>
		</Size>
		<Anchors>
			<Anchor point="CENTER"/>
		</Anchors>
		<Backdrop bgFile="Interface\DialogFrame\UI-DialogBox-Background" edgeFile="Interface\DialogFrame\UI-DialogBox-Border" tile="true">
			<BackgroundInsets>
				<AbsInset left="11" right="12" top="12" bottom="11"/>
			</BackgroundInsets>
			<TileSize>
				<AbsValue val="32"/>
			</TileSize>
			<EdgeSize>
				<AbsValue val="32"/>
			</EdgeSize>
		</Backdrop>
		<Layers>
			<Layer level="ARTWORK">
				<Texture name="autogratsOptionsFrameTitleTexture" file="Interface\DialogFrame\UI-DialogBox-Header">
					<Size>
						<AbsDimension x="320" y="64"/>
					</Size>
					<Anchors>
						<Anchor point="TOP">
							<Offset>
								<AbsDimension x="0" y="12"/>
							</Offset>
						</Anchor>
					</Anchors>
				</Texture>
				<FontString name="autogratsOptionsFrameTitle" inherits="GameTooltipHeaderText" text="Autograts Options">
					<Anchors>
						<Anchor point="TOP" relativeTo="autogratsOptionsFrameTitleTexture">
							<Offset>
								<AbsDimension x="0" y="-13"/>
							</Offset>
						</Anchor>
					</Anchors>
				</FontString>
			</Layer>
		</Layers>
		<Frames>
			<EditBox name="$parent_BoxL1" inherits="InputBoxTemplate" id="15">
				<Size> 
					<AbsDimension x="30" y="26"/> 
				</Size> 
				<Anchors> 
					<Anchor point="TOPLEFT">
						<Offset>
							<AbsDimension x="40" y="-40"/>
						</Offset>
					</Anchor>
				</Anchors>           
			</EditBox>
			<Button name="$parent_ButtonUL1" inherits="UIPanelScrollUpButtonTemplate" id="2">
				<Anchors> 
					<Anchor point="TOPLEFT" RelativeTo="$parent_BoxL1">
						<Offset>
							<AbsDimension x="20" y="3"/>
						</Offset>
					</Anchor>
				</Anchors> 
				<Scripts>
					<OnClick></OnClick>
				</Scripts>
			</Button>
			<Button name="$parent_ButtonDL1" inherits="UIPanelScrollDownButtonTemplate" id="3">
				<Anchors> 
					<Anchor point="TOPLEFT" RelativeTo="$parent_ButtonUL1">
						<Offset>
							<AbsDimension x="0" y="-15"/>
						</Offset>
					</Anchor>
				</Anchors> 
				<Scripts>
					<OnClick></OnClick>
				</Scripts>
			</Button>
		</Frames>
	</Frame>
</Ui>