<Ui xmlns="http://www.blizzard.com/wow/ui/" xmlns:xsi="http://www.w3.org/2001/XMLSchema-instance" xsi:schemaLocation="http://www.blizzard.com/wow/ui/
..\FrameXML\UI.xsd">
	<!-- Titan Panel support -->
	<Frame parent="UIParent">
		<Frames>
			<Button name="TitanPanelSkillsButton" inherits="TitanPanelComboTemplate" frameStrata="FULLSCREEN" toplevel="true">
				<Scripts>
					<OnLoad>
						if TitanPanelButton_OnLoad then
							Titan_Skills_OnLoad(self);
							TitanPanelButton_OnLoad(self);
						end
					</OnLoad>
					<OnShow>
						Titan_SKills_OnShow(self);
						TitanPanelButton_OnShow(self);
					</OnShow>
					<OnEvent>
						Titan_Skills_OnEvent(self, event, ...);
					</OnEvent>
					<OnClick>
						Titan_Skills_OnClick(self, arg1);
						TitanPanelButton_OnClick(self, arg1);
					</OnClick>
				</Scripts>
			</Button>
		</Frames>
	</Frame>
</Ui>
