<Ui>
	<Script file="Notepad.lua"/>

	<!-- Template for titlebar buttons -->
	<Button name="NotepadButtonTemplate" virtual="true">
		<Size>
			<AbsDimension x="18" y="18"/>
		</Size>
		<NormalTexture file="Interface\AddOns\WG_Ticket_Tracker\Textures\Buttons">
			<TexCoords left=".25" right=".375" top=".375" bottom=".5"/>
		</NormalTexture>
		<PushedTexture file="Interface\AddOns\WG_Ticket_Tracker\Textures\Buttons">
			<TexCoords left=".375" right=".5" top=".375" bottom=".5"/>
		</PushedTexture>
		<HighlightTexture file="Interface\AddOns\WG_Ticket_Tracker\Textures\Buttons" alphaMode="ADD">
			<TexCoords left=".125" right=".25" top=".25" bottom=".375"/>
		</HighlightTexture>
		<Scripts>
			<OnEnter>
				Notepad.Tooltip()
			</OnEnter>
			<OnLeave>
				GameTooltip:Hide()
			</OnLeave>
			<OnClick>
				Notepad.OnClick()
			</OnClick>
		</Scripts>
	</Button>

	<Frame name="NotepadFrame" parent="UIParent" movable="true" resizable="true" enableMouse="true" toplevel="true" hidden="true">
		<Size>
			<AbsDimension x="300" y="200"/>
		</Size>
		<Anchors>
			<Anchor point="CENTER"/>
		</Anchors>
		<Backdrop bgFile="Interface\DialogFrame\UI-DialogBox-Background" edgeFile="Interface\Tooltips\UI-Tooltip-Border" tile="true">
			<BackgroundInsets>
				<AbsInset left="4" right="4" top="4" bottom="4" />
			</BackgroundInsets>
			<TileSize>
				<AbsValue val="16" />
			</TileSize>
			<EdgeSize>
				<AbsValue val="16" />
			</EdgeSize>
		</Backdrop>
		<Frames>
			<Frame name="NotepadEditFrame">
				<Anchors>
					<Anchor point="TOPLEFT">
						<Offset>
							<AbsDimension x="8" y="-20"/>
						</Offset>
					</Anchor>
					<Anchor point="BOTTOMRIGHT">
						<Offset>
							<AbsDimension x="-8" y="4"/>
						</Offset>
					</Anchor>
				</Anchors>
				<Backdrop bgFile="Interface\DialogFrame\UI-DialogBox-Background" edgeFile="Interface\Buttons\UI-SliderBar-Border" tile="true">
					<BackgroundInsets>
						<AbsInset left="3" right="4" top="4" bottom="4" />
					</BackgroundInsets>
					<TileSize>
						<AbsValue val="16" />
					</TileSize>
					<EdgeSize>
						<AbsValue val="9" />
					</EdgeSize>
				</Backdrop>
				<Frames>
					<ScrollFrame name="NotepadEditScrollFrame" inherits="UIPanelScrollFrameTemplate">
						<Anchors>
							<Anchor point="TOPLEFT">
								<Offset>
									<AbsDimension x="6" y="-12"/>
								</Offset>
							</Anchor>
							<Anchor point="BOTTOMRIGHT">
								<Offset>
									<AbsDimension x="-26" y="8"/>
								</Offset>
							</Anchor>
						</Anchors>
						<!-- Entire purpose of this layer is to do a gradient for the gutter -->
						<Layers>
							<Layer level="BORDER">
								<Texture file="Interface\DialogFrame\UI-DialogBox-Background">
									<Anchors>
										<Anchor point="TOPLEFT" relativeTo="NotepadEditScrollFrame" relativePoint="TOPRIGHT">
											<Offset>
												<AbsDimension x="0" y="0"/>
											</Offset>
										</Anchor>
										<Anchor point="BOTTOMRIGHT" relativeTo="NotepadEditScrollFrame" relativePoint="BOTTOMRIGHT">
											<Offset>
												<AbsDimension x="23" y="0"/>
											</Offset>
										</Anchor>
									</Anchors>
									<Gradient>
										<MinColor r="0.1" g="0.1" b="0.1"/>
										<MaxColor r="0" g="0" b="0"/>
									</Gradient>
								</Texture>
							</Layer>
						</Layers>
						<!-- Basically copy/pasted from MacroFrame -->
						<ScrollChild>
							<EditBox name="NotepadEditBox" multiLine="true" maxLines="9" letters="4096" nonspacewrap="true" spacing="1" autoFocus="false">
								<Size>
									<AbsDimension x="100" y="100"/>
								</Size>
								<Anchors>
									<Anchor point="TOPLEFT"/>
									<Anchor point="BOTTOMRIGHT"/>
								</Anchors>
								<Scripts>
									<OnTextChanged>
										Notepad.OnTextChanged()
									</OnTextChanged>
									<OnEscapePressed>
										this:ClearFocus();
									</OnEscapePressed>
								</Scripts>
								<FontString inherits="GameFontHighlight"/>
							</EditBox>
						</ScrollChild>
					</ScrollFrame>
				</Frames>
				<Scripts>
					<OnLoad>
						this:SetBackdropColor(.1,.1,.1,1)
					</OnLoad>
				</Scripts>
			</Frame>

			<!-- FocusGrabber is just an overlay to set focus since multiline EditBoxes vary in size -->
			<Button name="NotepadFocusGrabber">
				<Anchors>
					<Anchor point="TOPLEFT" relativeTo="NotepadEditFrame" relativePoint="TOPLEFT">
						<Offset>
							<AbsDimension x="8" y="-8"/>
						</Offset>
					</Anchor>
					<Anchor point="BOTTOMRIGHT" relativeTo="NotepadEditFrame" relativePoint="BOTTOMRIGHT">
						<Offset>
							<AbsDimension x="-8" y="8"/>
						</Offset>
					</Anchor>
				</Anchors>
				<Scripts>
					<OnClick>
						NotepadEditBox:SetFocus()
					</OnClick>
				</Scripts>
			</Button>

			<!-- Grip in lower-right corner used to resize window -->
			<Button name="NotepadResizeGrip">
				<Size>
					<AbsDimension x="16" y="16"/>
				</Size>
				<Anchors>
					<Anchor point="BOTTOMRIGHT">
						<AbsDimension x="-1" y="-1"/>
					</Anchor>
				</Anchors>
				<NormalTexture file="Interface\AddOns\WG_Ticket_Tracker\Textures\Buttons">
					<TexCoords left="0" right=".125" top=".25" bottom=".375"/>
				</NormalTexture>
				<PushedTexture file="Interface\AddOns\WG_Ticket_Tracker\Textures\Buttons">
					<TexCoords left="0" right=".125" top=".25" bottom=".375"/>
				</PushedTexture>
				<HighlightTexture file="Interface\AddOns\WG_Ticket_Tracker\Textures\Buttons" alphaMode="ADD">
					<TexCoords left="0" right=".125" top=".25" bottom=".375"/>
				</HighlightTexture>
				<Scripts>
					<OnMouseDown>
						NotepadFrame:StartSizing()
					</OnMouseDown>
					<OnMouseUp>
						NotepadFrame:StopMovingOrSizing()
						NotepadEditBox:SetWidth(NotepadFrame:GetWidth()-50)
					</OnMouseUp>
				</Scripts>
			</Button>

			<!-- Titlebar buttons -->
			<Button name="NotepadClose" inherits="NotepadButtonTemplate">
				<Anchors>
					<Anchor point="TOPRIGHT">
						<Offset>
							<AbsDimension x="-8" y="-6"/>
						</Offset>
					</Anchor>
				</Anchors>
				<NormalTexture file="Interface\AddOns\WG_Ticket_Tracker\Textures\Buttons">
					<TexCoords left=".25" right=".375" top=".125" bottom=".25"/>
				</NormalTexture>
				<PushedTexture file="Interface\AddOns\WG_Ticket_Tracker\Textures\Buttons">
					<TexCoords left=".375" right=".5" top=".125" bottom=".25"/>
				</PushedTexture>
			</Button>
			<Button name="NotepadSearch" inherits="NotepadButtonTemplate">
				<Anchors>
					<Anchor point="TOPRIGHT" relativeTo="NotepadClose" relativePoint="TOPLEFT">
						<Offset>
							<AbsDimension x="-2" y="0"/>
						</Offset>
					</Anchor>
				</Anchors>
				<NormalTexture file="Interface\AddOns\WG_Ticket_Tracker\Textures\Buttons">
					<TexCoords left=".75" right=".875" top=".0" bottom=".125"/>
				</NormalTexture>
				<PushedTexture file="Interface\AddOns\WG_Ticket_Tracker\Textures\Buttons">
					<TexCoords left=".875" right="1" top=".0" bottom=".125"/>
				</PushedTexture>
			</Button>		

			<Button name="NotepadNew" inherits="NotepadButtonTemplate">
				<Anchors>
					<Anchor point="TOPLEFT">
						<Offset>
							<AbsDimension x="8" y="-6"/>
						</Offset>
					</Anchor>
				</Anchors>
				<NormalTexture file="Interface\AddOns\WG_Ticket_Tracker\Textures\Buttons">
					<TexCoords left="0" right=".125" top="0" bottom=".125"/>
				</NormalTexture>
				<PushedTexture file="Interface\AddOns\WG_Ticket_Tracker\Textures\Buttons">
					<TexCoords left=".125" right=".25" top="0" bottom=".125"/>
				</PushedTexture>
			</Button>		
			<Button name="NotepadDelete" inherits="NotepadButtonTemplate">
				<Anchors>
					<Anchor point="TOPLEFT" relativeTo="NotepadNew" relativePoint="TOPRIGHT">
						<Offset>
							<AbsDimension x="2" y="0"/>
						</Offset>
					</Anchor>
				</Anchors>
				<NormalTexture file="Interface\AddOns\WG_Ticket_Tracker\Textures\Buttons">
					<TexCoords left=".25" right=".375" top="0" bottom=".125"/>
				</NormalTexture>
				<PushedTexture file="Interface\AddOns\WG_Ticket_Tracker\Textures\Buttons">
					<TexCoords left=".375" right=".5" top="0" bottom=".125"/>
				</PushedTexture>
			</Button>		
			<Button name="NotepadRun" inherits="NotepadButtonTemplate">
				<Anchors>
					<Anchor point="TOPLEFT" relativeTo="NotepadDelete" relativePoint="TOPRIGHT">
						<Offset>
							<AbsDimension x="2" y="0"/>
						</Offset>
					</Anchor>
				</Anchors>
				<NormalTexture file="Interface\AddOns\WG_Ticket_Tracker\Textures\Buttons">
					<TexCoords left="0" right=".125" top=".125" bottom=".25"/>
				</NormalTexture>
				<PushedTexture file="Interface\AddOns\WG_Ticket_Tracker\Textures\Buttons">
					<TexCoords left=".125" right=".25" top=".125" bottom=".25"/>
				</PushedTexture>
			</Button>		
			<Button name="NotepadUndo" inherits="NotepadButtonTemplate">
				<Anchors>
					<Anchor point="TOPLEFT" relativeTo="NotepadRun" relativePoint="TOPRIGHT">
						<Offset>
							<AbsDimension x="2" y="0"/>
						</Offset>
					</Anchor>
				</Anchors>
				<NormalTexture file="Interface\AddOns\WG_Ticket_Tracker\Textures\Buttons">
					<TexCoords left=".5" right=".625" top=".375" bottom=".5"/>
				</NormalTexture>
				<PushedTexture file="Interface\AddOns\WG_Ticket_Tracker\Textures\Buttons">
					<TexCoords left=".625" right=".75" top=".375" bottom=".5"/>
				</PushedTexture>
				<DisabledTexture file="Interface\AddOns\WG_Ticket_Tracker\Textures\Buttons">
					<TexCoords left=".75" right=".875" top=".375" bottom=".5"/>
				</DisabledTexture>
			</Button>		

			<Button name="NotepadStart" inherits="NotepadButtonTemplate">
				<Size>
					<AbsDimension x="12" y="18"/>
				</Size>
				<Anchors>
					<Anchor point="TOPLEFT" relativeTo="NotepadUndo" relativePoint="TOPRIGHT">
						<Offset>
							<AbsDimension x="4" y="0"/>
						</Offset>
					</Anchor>
				</Anchors>
			</Button>
			<Button name="NotepadLeft" inherits="NotepadButtonTemplate">
				<Anchors>
					<Anchor point="TOPLEFT" relativeTo="NotepadStart" relativePoint="TOPRIGHT">
						<Offset>
							<AbsDimension x="2" y="0"/>
						</Offset>
					</Anchor>
				</Anchors>
				<NormalTexture file="Interface\AddOns\WG_Ticket_Tracker\Textures\Buttons">
					<TexCoords left="0" right=".125" top=".375" bottom=".5"/>
				</NormalTexture>
				<PushedTexture file="Interface\AddOns\WG_Ticket_Tracker\Textures\Buttons">
					<TexCoords left=".125" right=".25" top=".375" bottom=".5"/>
				</PushedTexture>
			</Button>
			<Button name="NotepadRight" inherits="NotepadButtonTemplate">
				<Anchors>
					<Anchor point="TOPLEFT" relativeTo="NotepadLeft" relativePoint="TOPRIGHT">
						<Offset>
							<AbsDimension x="32" y="0"/>
						</Offset>
					</Anchor>
				</Anchors>
				<NormalTexture file="Interface\AddOns\WG_Ticket_Tracker\Textures\Buttons">
					<TexCoords left=".25" right=".375" top=".25" bottom=".375"/>
				</NormalTexture>
				<PushedTexture file="Interface\AddOns\WG_Ticket_Tracker\Textures\Buttons">
					<TexCoords left=".375" right=".5" top=".25" bottom=".375"/>
				</PushedTexture>
			</Button>		
			<Button name="NotepadEnd" inherits="NotepadButtonTemplate">
				<Size>
					<AbsDimension x="12" y="18"/>
				</Size>
				<Anchors>
					<Anchor point="TOPLEFT" relativeTo="NotepadRight" relativePoint="TOPRIGHT">
						<Offset>
							<AbsDimension x="2" y="0"/>
						</Offset>
					</Anchor>
				</Anchors>
			</Button>

			<!-- Page number -->
			<Button>
				<Layers>
					<Layer level="BACKGROUND">
						<FontString name="NotepadPageNum" inherits="GameFontHighlight" text="1">
							<Anchors>
								<Anchor point="TOPLEFT" relativeTo="NotepadLeft" relativePoint="TOPRIGHT"/>
								<Anchor point="BOTTOMRIGHT" relativeTo="NotepadRight" relativePoint="BOTTOMLEFT"/>
							</Anchors>
						</FontString>
					</Layer>
				</Layers>
			</Button>

		</Frames>
		<Scripts>
			<OnLoad>
				Notepad.OnLoad()
			</OnLoad>
			<OnEvent>
				Notepad.OnEvent()
			</OnEvent>
			<OnShow>
				Notepad.OnShow()
			</OnShow>
			<OnHide>
				Notepad.OnHide()
			</OnHide>
			<OnMouseDown>
				Notepad.StartMoving()
			</OnMouseDown>
			<OnMouseUp>
				Notepad.StopMoving()
			</OnMouseUp>
		</Scripts>
	</Frame>

	<!-- Search panel anchored to top of NotepadFrame -->
	<Frame name="NotepadSearchFrame" parent="NotepadFrame" toplevel="true" hidden="true">
		<Anchors>
			<Anchor point="TOPLEFT" relativePoint="TOPLEFT">
				<Offset>
					<AbsDimension x="0" y="32"/>
				</Offset>
			</Anchor>
			<Anchor point="BOTTOMRIGHT" relativePoint="TOPRIGHT">
				<Offset>
					<AbsDimension x="0" y="-4"/>
				</Offset>
			</Anchor>
		</Anchors>
		<Backdrop bgFile="Interface\DialogFrame\UI-DialogBox-Background" edgeFile="Interface\Tooltips\UI-Tooltip-Border" tile="true">
			<BackgroundInsets>
				<AbsInset left="4" right="4" top="4" bottom="4" />
			</BackgroundInsets>
			<TileSize>
				<AbsValue val="16" />
			</TileSize>
			<EdgeSize>
				<AbsValue val="16" />
			</EdgeSize>
		</Backdrop>
		<Layers>
			<Layer level="ARTWORK">
				<FontString name="NotepadSearchResults" font="GameFontHighlightSmall" justifyH="RIGHT" text="Search:">
					<Size>
						<AbsDimension x="55" y="24"/>
					</Size>
					<Anchors>
						<Anchor point="LEFT">
							<Offset>
								<AbsDimension x="4" y="0"/>
							</Offset>
						</Anchor>
					</Anchors>
				</FontString>
			</Layer>
		</Layers>
		<Frames>
			<Button name="NotepadSearchNext" inherits="NotepadButtonTemplate">
				<Size>
					<AbsDimension x="18" y="18"/>
				</Size>
				<Anchors>
					<Anchor point="RIGHT">
						<Offset>
							<AbsDimension x="-46" y="0"/>
						</Offset>
					</Anchor>
				</Anchors>
				<NormalTexture file="Interface\AddOns\WG_Ticket_Tracker\Textures\Buttons">
					<TexCoords left=".5" right=".625" top=".0" bottom=".125"/>
				</NormalTexture>
				<PushedTexture file="Interface\AddOns\WG_Ticket_Tracker\Textures\Buttons">
					<TexCoords left=".625" right=".75" top=".0" bottom=".125"/>
				</PushedTexture>
			</Button>		
			<Button name="NotepadFont" inherits="NotepadButtonTemplate">
				<Anchors>
					<Anchor point="TOPLEFT" relativeTo="NotepadSearchNext" relativePoint="TOPRIGHT">
						<Offset>
							<AbsDimension x="2" y="0"/>
						</Offset>
					</Anchor>
				</Anchors>
				<NormalTexture file="Interface\AddOns\WG_Ticket_Tracker\Textures\Buttons">
					<TexCoords left=".5" right=".625" top=".25" bottom=".375"/>
				</NormalTexture>
				<PushedTexture file="Interface\AddOns\WG_Ticket_Tracker\Textures\Buttons">
					<TexCoords left=".625" right=".75" top=".25" bottom=".375"/>
				</PushedTexture>
			</Button>
			<Button name="NotepadLock" inherits="NotepadButtonTemplate">
				<Anchors>
					<Anchor point="TOPLEFT" relativeTo="NotepadFont" relativePoint="TOPRIGHT">
						<Offset>
							<AbsDimension x="2" y="0"/>
						</Offset>
					</Anchor>
				</Anchors>
				<NormalTexture file="Interface\AddOns\WG_Ticket_Tracker\Textures\Buttons">
					<TexCoords left=".5" right=".625" top=".125" bottom=".25"/>
				</NormalTexture>
				<PushedTexture file="Interface\AddOns\WG_Ticket_Tracker\Textures\Buttons">
					<TexCoords left=".625" right=".75" top=".125" bottom=".25"/>
				</PushedTexture>
			</Button>

			<EditBox name="NotepadSearchEditBox" historyLines="0" enableMouse="true" autoFocus="false" letters="256">
				<Anchors>
					<Anchor point="TOPLEFT" relativeTo="NotepadSearchResults" relativePoint="TOPRIGHT">
						<Offset>
							<AbsDimension x="12" y="-2"/>
						</Offset>
					</Anchor>
					<Anchor point="BOTTOMRIGHT" relativeTo="NotepadSearchNext" relativePoint="BOTTOMLEFT">
						<Offset>
							<AbsDimension x="-12" y="0"/>
						</Offset>
					</Anchor>
				</Anchors>
				<Layers>
					<Layer level="BACKGROUND">
						<Texture name="$parentLeft" file="Interface\ClassTrainerFrame\UI-ClassTrainer-FilterBorder">
							<Size>
								<AbsDimension x="12" y="29"/>
							</Size>
							<Anchors>
								<Anchor point="TOPLEFT">
									<Offset>
										<AbsDimension x="-9" y="2"/>
									</Offset>
								</Anchor>
							</Anchors>
							<TexCoords left="0" right="0.09375" top="0" bottom="1.0"/>
						</Texture>
						<Texture name="$parentRight" file="Interface\ClassTrainerFrame\UI-ClassTrainer-FilterBorder">
							<Size>
								<AbsDimension x="12" y="29"/>
							</Size>
							<Anchors>
								<Anchor point="TOPRIGHT">
									<Offset>
										<AbsDimension x="10" y="2"/>
									</Offset>
								</Anchor>
							</Anchors>
							<TexCoords left="0.90625" right="1.0" top="0" bottom="1.0"/>
						</Texture>
						<Texture file="Interface\ClassTrainerFrame\UI-ClassTrainer-FilterBorder">
							<Anchors>
								<Anchor point="TOPLEFT" relativeTo="$parentLeft" relativePoint="TOPRIGHT"/>
								<Anchor point="BOTTOMRIGHT" relativeTo="$parentRight" relativePoint="BOTTOMLEFT"/>
							</Anchors>
							<TexCoords left="0.09375" right="0.90625" top="0" bottom="1.0"/>
						</Texture>
					</Layer>
				</Layers>
				<FontString inherits="GameFontHighlight" justifyH="LEFT"/>
				<Scripts>
					<OnEnter>
						Notepad.Tooltip()
					</OnEnter>
					<OnLeave>
						GameTooltip:Hide()
					</OnLeave>
					<OnEscapePressed>
						this:ClearFocus()
						if string.len(NotepadSearchEditBox:GetText() or "")==0 then
							NotepadSearchFrame:Hide()
						end
					</OnEscapePressed>
					<OnEnterPressed>
						Notepad.DoSearch()
					</OnEnterPressed>
					<OnTextChanged>
						Notepad.SearchEditBoxOnChange()
					</OnTextChanged>
				</Scripts>
			</EditBox>
		</Frames>
		<Scripts>
			<OnLoad>
				this:SetBackdropColor(.3,.3,.3,1)
			</OnLoad>
			<OnMouseDown>
				Notepad.StartMoving()
			</OnMouseDown>
			<OnMouseUp>
				Notepad.StopMoving()
			</OnMouseUp>
			<OnShow>
				Notepad.SearchOnShow()
			</OnShow>
			<OnHide>
				Notepad.SearchOnHide()
			</OnHide>
		</Scripts>
	</Frame>

</Ui>
