﻿<Ui xmlns:xsi="http://www.w3.org/2001/XMLSchema-instance" xmlns:xsd="http://www.w3.org/2001/XMLSchema" xmlns="http://www.blizzard.com/wow/ui/">
	<Script file="WG_Announcements.lua" />
	<Frame name="WG_Announcements" hidden="true" parent="UIParent" toplevel="true" movable="true">
		<Size>
			<AbsDimension x="181" y="294" />
		</Size>
		<Anchors>
			<Anchor point="CENTER">
				<Offset>
					<AbsDimension x="0" y="0" />
				</Offset>
			</Anchor>
		</Anchors>
		<Scripts>
			<OnMouseDown>self:StartMoving();</OnMouseDown>
			<OnMouseUp>self:StopMovingOrSizing();</OnMouseUp>
		</Scripts>
		<Layers>
			<Layer>
				<Texture name="$parentTitleBorder" file="Interface\DialogFrame\UI-DialogBox-Header">
					<Size>
						<AbsDimension x="155" y="32" />
					</Size>
					<Anchors>
						<Anchor point="TOP">
							<Offset>
								<AbsDimension x="0" y="10" />
							</Offset>
						</Anchor>
					</Anchors>
					<TexCoords left="0.2" right="0.8" top="0" bottom="0.6" />
				</Texture>
				<FontString name="$parentTitleString" font="Fonts\MORPHEUS.TTF" text="Announcements">
					<Size>
						<AbsDimension x="140" y="0" />
					</Size>
					<Anchors>
						<Anchor point="TOP">
							<Offset>
								<AbsDimension x="0" y="1" />
							</Offset>
						</Anchor>
					</Anchors>
					<FontHeight>
						<AbsValue val="14.5" />
					</FontHeight>
					<Color r="1" g="0.8196079" b="0" />
					<Shadow>
						<Color r="0" g="0" b="0" />
						<Offset>
							<AbsDimension x="1" y="-1" />
						</Offset>
					</Shadow>
				</FontString>
			</Layer>
		</Layers>
		<Layers>
			<Layer>
				<FontString name="FontString2" inherits="GameFontRed" text="Spamming announcements can result in loss of GM privileges!">
					<Size x="140" y="61" />
					<Anchors>
						<Anchor point="TOPLEFT">
							<Offset x="21" y="-40" />
						</Anchor>
					</Anchors>
				</FontString>
			</Layer>
		</Layers>
		<Backdrop bgFile="Interface\DialogFrame\UI-DialogBox-Background" edgeFile="Interface\Tooltips\UI-Tooltip-Border" tile="true">
      <BackgroundInsets>
        <AbsInset left="4" right="4" top="4" bottom="4" />
      </BackgroundInsets>
      <TileSize>
        <AbsValue val="16" />
      </TileSize>
      <EdgeSize>
        <AbsValue val="16" />
      </EdgeSize>
    </Backdrop>
		<Frames>
			<Button name="Button6" inherits="UIPanelButtonTemplate" text="Back">
				<Size x="48" y="20" />
				<Anchors>
					<Anchor point="TOPLEFT">
						<Offset x="66" y="-251" />
					</Anchor>
				</Anchors>
				<Scripts>
					<OnClick>
						WG_Announcements:Hide();
						WG_Main_Small:Show();
					</OnClick>
				</Scripts>
			</Button>
			<Button name="Button5" inherits="UIPanelButtonTemplate" text="LFG Rules">
				<Size x="114" y="20" />
				<Anchors>
					<Anchor point="TOPLEFT">
						<Offset x="35" y="-212" />
					</Anchor>
				</Anchors>
				<Scripts>
					<OnClick>
						LFGRulesAnn()
					</OnClick>
				</Scripts>
			</Button>
			<Button name="Button4" inherits="UIPanelButtonTemplate" text="Voting">
				<Size x="114" y="20" />
				<Anchors>
					<Anchor point="TOPLEFT">
						<Offset x="35" y="-186" />
					</Anchor>
				</Anchors>
				<Scripts>
					<OnClick>VotingAnn()</OnClick>
				</Scripts>
			</Button>
			<Button name="Button3" inherits="UIPanelButtonTemplate" text="Stances/Pets">
				<Size x="114" y="20" />
				<Anchors>
					<Anchor point="TOPLEFT">
						<Offset x="35" y="-160" />
					</Anchor>
				</Anchors>
				<Scripts>
					<OnClick>StancesAnn()</OnClick>
				</Scripts>
			</Button>
			<Button name="Button2" inherits="UIPanelButtonTemplate" text="Guild Recruit">
				<Size x="114" y="20" />
				<Anchors>
					<Anchor point="TOPLEFT">
						<Offset x="35" y="-134" />
					</Anchor>
				</Anchors>
				<Scripts>
					<OnClick>GRAnn()</OnClick>
				</Scripts>
			</Button>
			<Button name="Button1" inherits="UIPanelButtonTemplate" text="Donation Tickets">
				<Size x="114" y="20" />
				<Anchors>
					<Anchor point="TOPLEFT">
						<Offset x="35" y="-108" />
					</Anchor>
				</Anchors>
				<Scripts>
					<OnClick>DonationAnn()</OnClick>
				</Scripts>
			</Button>
		</Frames>
	</Frame>
</Ui>