﻿<Ui xmlns="http://www.blizzard.com/wow/ui" xmlns:xsi="http://www.w3.org/2001/XMLSchema-instance">
  <!--Autogenerated by wowuides, Version=1.0.300.0, Culture=neutral, PublicKeyToken=null-->
  <Frame name="WG_Main" hidden="true" alpha="0.5" movable="true" enableMouse="true" enableKeyboard="true">
    <!--<FrameSkin skinid="dcb143e1-a4ab-4e7c-b934-1efa40101d21" frameid="2d508883-59c2-4f83-ae10-27aaad48391b" />-->
    <Size>
      <AbsDimension x="181" y="577" />
    </Size>
    <Anchors>
      <Anchor point="CENTER" relativeTo="UIParent">
        <Offset>
          <AbsDimension x="0" y="0" />
        </Offset>
      </Anchor>
    </Anchors>
    <TitleRegion setAllPoints="true" />
    <Backdrop bgFile="Interface\DialogFrame\UI-DialogBox-Background" edgeFile="Interface\Tooltips\UI-Tooltip-Border" tile="true">
      <BackgroundInsets>
        <AbsInset left="4" right="4" top="4" bottom="4" />
      </BackgroundInsets>
      <TileSize>
        <AbsValue val="16" />
      </TileSize>
      <EdgeSize>
        <AbsValue val="16" />
      </EdgeSize>
    </Backdrop>
    <Layers>
      <Layer>
        <Texture name="$parentTitleBorder" file="Interface\DialogFrame\UI-DialogBox-Header">
          <Size>
            <AbsDimension x="160" y="32" />
          </Size>
          <Anchors>
            <Anchor point="TOP">
              <Offset>
                <AbsDimension x="0" y="5" />
              </Offset>
            </Anchor>
          </Anchors>
          <TexCoords left="0.2" right="0.8" top="0" bottom="0.6" />
        </Texture>
        <FontString name="$parentTitleString" font="Fonts\FRIZQT__.TTF" text="WoWGasm GM">
          <Size>
            <AbsDimension x="140" y="0" />
          </Size>
          <Anchors>
            <Anchor point="TOP">
              <Offset>
                <AbsDimension x="0" y="-4" />
              </Offset>
            </Anchor>
          </Anchors>
          <FontHeight>
            <AbsValue val="12" />
          </FontHeight>
          <Color r="1" g="0.8196079" b="0" />
          <Shadow>
            <Color r="0" g="0" b="0" />
            <Offset>
              <AbsDimension x="1" y="-1" />
            </Offset>
          </Shadow>
        </FontString>
      </Layer>
    </Layers>
      <Frame name="$parentPanel4">
        <!--<FrameSkin skinid="dcb143e1-a4ab-4e7c-b934-1efa40101d21" frameid="2d508888-59c2-4f83-ae10-27aaad48391b" />-->
        <Size>
          <AbsDimension x="144" y="49" />
        </Size>
        <Anchors>
          <Anchor point="TOPLEFT">
            <Offset>
              <AbsDimension x="18" y="-486" />
            </Offset>
          </Anchor>
        </Anchors>
        <Backdrop bgFile="Interface\Tooltips\UI-Tooltip-Background" edgeFile="Interface\Tooltips\UI-Tooltip-Border" tile="true">
          <BackgroundInsets>
            <AbsInset left="5" right="5" top="5" bottom="5" />
          </BackgroundInsets>
          <TileSize>
            <AbsValue val="16" />
          </TileSize>
          <EdgeSize>
            <AbsValue val="16" />
          </EdgeSize>
        </Backdrop>
        <Frames>
          <Button name="$parentButton11" text="Open Tickets">
            <!--<FrameSkin skinid="dcb143e1-a4ab-4e7c-b934-1efa40101d21" frameid="2d508884-59c2-4f83-ae10-27aaad48391b" />-->
            <Size>
              <AbsDimension x="127" y="22" />
            </Size>
            <Anchors>
              <Anchor point="TOPLEFT">
                <Offset>
                  <AbsDimension x="7" y="-12" />
                </Offset>
              </Anchor>
            </Anchors>
            <NormalTexture file="Interface\Buttons\UI-Panel-Button-Up">
              <TexCoords left="0" right="0.625" top="0" bottom="0.6875" />
            </NormalTexture>
            <PushedTexture file="Interface\Buttons\UI-Panel-Button-Down">
              <TexCoords left="0" right="0.625" top="0" bottom="0.6875" />
            </PushedTexture>
            <DisabledTexture file="Interface\Buttons\UI-Panel-Button-Disabled">
              <TexCoords left="0" right="0.625" top="0" bottom="0.6875" />
            </DisabledTexture>
            <HighlightTexture file="Interface\Buttons\UI-Panel-Button-Highlight" alphaMode="ADD">
              <TexCoords left="0" right="0.625" top="0" bottom="0.6875" />
            </HighlightTexture>
            <ButtonText name="$parentText">
              <Anchors>
                <Anchor point="CENTER">
                  <Offset>
                    <AbsDimension x="0" y="1" />
                  </Offset>
                </Anchor>
              </Anchors>
              <FontHeight>
                <AbsValue val="10" />
              </FontHeight>
            </ButtonText>
            <NormalFont style="GameFontNormal" />
            <HighlightFont style="GameFontHighlight" />
            <DisabledFont style="GameFontDisable" />
          </Button>
        </Frames>
      </Frame>
      <Frame name="$parentLabel4">
        <!--<FrameSkin skinid="dcb143e1-a4ab-4e7c-b934-1efa40101d21" frameid="2d508885-59c2-4f83-ae10-27aaad48391b" />-->
        <Size>
          <AbsDimension x="100" y="18" />
        </Size>
        <Anchors>
          <Anchor point="TOPLEFT">
            <Offset>
              <AbsDimension x="40" y="-462" />
            </Offset>
          </Anchor>
        </Anchors>
        <Layers>
          <Layer>
            <FontString name="$parentLabel" font="Fonts\FRIZQT__.TTF" text="Ticket Tracker">
              <Anchors>
                <Anchor point="TOPLEFT" />
                <Anchor point="BOTTOMRIGHT" />
              </Anchors>
              <FontHeight>
                <AbsValue val="12" />
              </FontHeight>
              <Color r="1" g="0.8196079" b="0" />
              <Shadow>
                <Color r="0" g="0" b="0" />
                <Offset>
                  <AbsDimension x="1" y="-1" />
                </Offset>
              </Shadow>
            </FontString>
          </Layer>
        </Layers>
      </Frame>
      <Frame name="$parentPanel3">
        <!--<FrameSkin skinid="dcb143e1-a4ab-4e7c-b934-1efa40101d21" frameid="2d508888-59c2-4f83-ae10-27aaad48391b" />-->
        <Size>
          <AbsDimension x="144" y="105" />
        </Size>
        <Anchors>
          <Anchor point="TOPLEFT">
            <Offset>
              <AbsDimension x="18" y="-351" />
            </Offset>
          </Anchor>
        </Anchors>
        <Backdrop bgFile="Interface\Tooltips\UI-Tooltip-Background" edgeFile="Interface\Tooltips\UI-Tooltip-Border" tile="true">
          <BackgroundInsets>
            <AbsInset left="5" right="5" top="5" bottom="5" />
          </BackgroundInsets>
          <TileSize>
            <AbsValue val="16" />
          </TileSize>
          <EdgeSize>
            <AbsValue val="16" />
          </EdgeSize>
        </Backdrop>
        <Frames>
          <Button name="$parentButton10" text="Gieff Me Gear!">
            <!--<FrameSkin skinid="dcb143e1-a4ab-4e7c-b934-1efa40101d21" frameid="2d508884-59c2-4f83-ae10-27aaad48391b" />-->
            <Size>
              <AbsDimension x="127" y="22" />
            </Size>
            <Anchors>
              <Anchor point="TOPLEFT">
                <Offset>
                  <AbsDimension x="7" y="-68" />
                </Offset>
              </Anchor>
            </Anchors>
            <NormalTexture file="Interface\Buttons\UI-Panel-Button-Up">
              <TexCoords left="0" right="0.625" top="0" bottom="0.6875" />
            </NormalTexture>
            <PushedTexture file="Interface\Buttons\UI-Panel-Button-Down">
              <TexCoords left="0" right="0.625" top="0" bottom="0.6875" />
            </PushedTexture>
            <DisabledTexture file="Interface\Buttons\UI-Panel-Button-Disabled">
              <TexCoords left="0" right="0.625" top="0" bottom="0.6875" />
            </DisabledTexture>
            <HighlightTexture file="Interface\Buttons\UI-Panel-Button-Highlight" alphaMode="ADD">
              <TexCoords left="0" right="0.625" top="0" bottom="0.6875" />
            </HighlightTexture>
            <ButtonText name="$parentText">
              <Anchors>
                <Anchor point="CENTER">
                  <Offset>
                    <AbsDimension x="0" y="1" />
                  </Offset>
                </Anchor>
              </Anchors>
              <FontHeight>
                <AbsValue val="10" />
              </FontHeight>
            </ButtonText>
            <NormalFont style="GameFontNormal" />
            <HighlightFont style="GameFontHighlight" />
            <DisabledFont style="GameFontDisable" />
          </Button>
          <Button name="$parentButton9" text="Click me on Login">
            <!--<FrameSkin skinid="dcb143e1-a4ab-4e7c-b934-1efa40101d21" frameid="2d508884-59c2-4f83-ae10-27aaad48391b" />-->
            <Size>
              <AbsDimension x="127" y="22" />
            </Size>
            <Anchors>
              <Anchor point="TOPLEFT">
                <Offset>
                  <AbsDimension x="7" y="-40" />
                </Offset>
              </Anchor>
            </Anchors>
            <NormalTexture file="Interface\Buttons\UI-Panel-Button-Up">
              <TexCoords left="0" right="0.625" top="0" bottom="0.6875" />
            </NormalTexture>
            <PushedTexture file="Interface\Buttons\UI-Panel-Button-Down">
              <TexCoords left="0" right="0.625" top="0" bottom="0.6875" />
            </PushedTexture>
            <DisabledTexture file="Interface\Buttons\UI-Panel-Button-Disabled">
              <TexCoords left="0" right="0.625" top="0" bottom="0.6875" />
            </DisabledTexture>
            <HighlightTexture file="Interface\Buttons\UI-Panel-Button-Highlight" alphaMode="ADD">
              <TexCoords left="0" right="0.625" top="0" bottom="0.6875" />
            </HighlightTexture>
            <ButtonText name="$parentText">
              <Anchors>
                <Anchor point="CENTER">
                  <Offset>
                    <AbsDimension x="0" y="1" />
                  </Offset>
                </Anchor>
              </Anchors>
              <FontHeight>
                <AbsValue val="10" />
              </FontHeight>
            </ButtonText>
            <NormalFont style="GameFontNormal" />
            <HighlightFont style="GameFontHighlight" />
            <DisabledFont style="GameFontDisable" />
          </Button>
          <Button name="$parentButton8" text="Starting Spells">
            <!--<FrameSkin skinid="dcb143e1-a4ab-4e7c-b934-1efa40101d21" frameid="2d508884-59c2-4f83-ae10-27aaad48391b" />-->
            <Size>
              <AbsDimension x="127" y="22" />
            </Size>
            <Anchors>
              <Anchor point="TOPLEFT">
                <Offset>
                  <AbsDimension x="7" y="-12" />
                </Offset>
              </Anchor>
            </Anchors>
            <NormalTexture file="Interface\Buttons\UI-Panel-Button-Up">
              <TexCoords left="0" right="0.625" top="0" bottom="0.6875" />
            </NormalTexture>
            <PushedTexture file="Interface\Buttons\UI-Panel-Button-Down">
              <TexCoords left="0" right="0.625" top="0" bottom="0.6875" />
            </PushedTexture>
            <DisabledTexture file="Interface\Buttons\UI-Panel-Button-Disabled">
              <TexCoords left="0" right="0.625" top="0" bottom="0.6875" />
            </DisabledTexture>
            <HighlightTexture file="Interface\Buttons\UI-Panel-Button-Highlight" alphaMode="ADD">
              <TexCoords left="0" right="0.625" top="0" bottom="0.6875" />
            </HighlightTexture>
            <ButtonText name="$parentText">
              <Anchors>
                <Anchor point="CENTER">
                  <Offset>
                    <AbsDimension x="0" y="1" />
                  </Offset>
                </Anchor>
              </Anchors>
              <FontHeight>
                <AbsValue val="10" />
              </FontHeight>
            </ButtonText>
            <NormalFont style="GameFontNormal" />
            <HighlightFont style="GameFontHighlight" />
            <DisabledFont style="GameFontDisable" />
          </Button>
        </Frames>
      </Frame>
      <Frame name="$parentLabel3">
        <!--<FrameSkin skinid="dcb143e1-a4ab-4e7c-b934-1efa40101d21" frameid="2d508885-59c2-4f83-ae10-27aaad48391b" />-->
        <Size>
          <AbsDimension x="100" y="18" />
        </Size>
        <Anchors>
          <Anchor point="TOPLEFT">
            <Offset>
              <AbsDimension x="40" y="-327" />
            </Offset>
          </Anchor>
        </Anchors>
        <Layers>
          <Layer>
            <FontString name="$parentLabel" font="Fonts\FRIZQT__.TTF" text="GM Fun Stuff">
              <Anchors>
                <Anchor point="TOPLEFT" />
                <Anchor point="BOTTOMRIGHT" />
              </Anchors>
              <FontHeight>
                <AbsValue val="12" />
              </FontHeight>
              <Color r="1" g="0.8196079" b="0" />
              <Shadow>
                <Color r="0" g="0" b="0" />
                <Offset>
                  <AbsDimension x="1" y="-1" />
                </Offset>
              </Shadow>
            </FontString>
          </Layer>
        </Layers>
      </Frame>
      <Frame name="$parentPanel2">
        <!--<FrameSkin skinid="dcb143e1-a4ab-4e7c-b934-1efa40101d21" frameid="2d508888-59c2-4f83-ae10-27aaad48391b" />-->
        <Size>
          <AbsDimension x="144" y="132" />
        </Size>
        <Anchors>
          <Anchor point="TOPLEFT">
            <Offset>
              <AbsDimension x="18" y="-189" />
            </Offset>
          </Anchor>
        </Anchors>
        <Backdrop bgFile="Interface\Tooltips\UI-Tooltip-Background" edgeFile="Interface\Tooltips\UI-Tooltip-Border" tile="true">
          <BackgroundInsets>
            <AbsInset left="5" right="5" top="5" bottom="5" />
          </BackgroundInsets>
          <TileSize>
            <AbsValue val="16" />
          </TileSize>
          <EdgeSize>
            <AbsValue val="16" />
          </EdgeSize>
        </Backdrop>
        <Frames>
          <Button name="$parentButton7" text="Reputation">
            <!--<FrameSkin skinid="dcb143e1-a4ab-4e7c-b934-1efa40101d21" frameid="2d508884-59c2-4f83-ae10-27aaad48391b" />-->
            <Size>
              <AbsDimension x="127" y="22" />
            </Size>
            <Anchors>
              <Anchor point="TOPLEFT">
                <Offset>
                  <AbsDimension x="7" y="-96" />
                </Offset>
              </Anchor>
            </Anchors>
            <NormalTexture file="Interface\Buttons\UI-Panel-Button-Up">
              <TexCoords left="0" right="0.625" top="0" bottom="0.6875" />
            </NormalTexture>
            <PushedTexture file="Interface\Buttons\UI-Panel-Button-Down">
              <TexCoords left="0" right="0.625" top="0" bottom="0.6875" />
            </PushedTexture>
            <DisabledTexture file="Interface\Buttons\UI-Panel-Button-Disabled">
              <TexCoords left="0" right="0.625" top="0" bottom="0.6875" />
            </DisabledTexture>
            <HighlightTexture file="Interface\Buttons\UI-Panel-Button-Highlight" alphaMode="ADD">
              <TexCoords left="0" right="0.625" top="0" bottom="0.6875" />
            </HighlightTexture>
            <ButtonText name="$parentText">
              <Anchors>
                <Anchor point="CENTER">
                  <Offset>
                    <AbsDimension x="0" y="1" />
                  </Offset>
                </Anchor>
              </Anchors>
              <FontHeight>
                <AbsValue val="10" />
              </FontHeight>
            </ButtonText>
            <NormalFont style="GameFontNormal" />
            <HighlightFont style="GameFontHighlight" />
            <DisabledFont style="GameFontDisable" />
          </Button>
          <Button name="$parentButton6" text="DK Starting Gear">
            <!--<FrameSkin skinid="dcb143e1-a4ab-4e7c-b934-1efa40101d21" frameid="2d508884-59c2-4f83-ae10-27aaad48391b" />-->
            <Size>
              <AbsDimension x="127" y="22" />
            </Size>
            <Anchors>
              <Anchor point="TOPLEFT">
                <Offset>
                  <AbsDimension x="7" y="-40" />
                </Offset>
              </Anchor>
            </Anchors>
            <NormalTexture file="Interface\Buttons\UI-Panel-Button-Up">
              <TexCoords left="0" right="0.625" top="0" bottom="0.6875" />
            </NormalTexture>
            <PushedTexture file="Interface\Buttons\UI-Panel-Button-Down">
              <TexCoords left="0" right="0.625" top="0" bottom="0.6875" />
            </PushedTexture>
            <DisabledTexture file="Interface\Buttons\UI-Panel-Button-Disabled">
              <TexCoords left="0" right="0.625" top="0" bottom="0.6875" />
            </DisabledTexture>
            <HighlightTexture file="Interface\Buttons\UI-Panel-Button-Highlight" alphaMode="ADD">
              <TexCoords left="0" right="0.625" top="0" bottom="0.6875" />
            </HighlightTexture>
            <ButtonText name="$parentText">
              <Anchors>
                <Anchor point="CENTER">
                  <Offset>
                    <AbsDimension x="0" y="1" />
                  </Offset>
                </Anchor>
              </Anchors>
              <FontHeight>
                <AbsValue val="10" />
              </FontHeight>
            </ButtonText>
            <NormalFont style="GameFontNormal" />
            <HighlightFont style="GameFontHighlight" />
            <DisabledFont style="GameFontDisable" />
          </Button>
          <Button name="$parentButton5" text="Class Skills Issuer">
            <!--<FrameSkin skinid="dcb143e1-a4ab-4e7c-b934-1efa40101d21" frameid="2d508884-59c2-4f83-ae10-27aaad48391b" />-->
            <Size>
              <AbsDimension x="127" y="22" />
            </Size>
            <Anchors>
              <Anchor point="TOPLEFT">
                <Offset>
                  <AbsDimension x="7" y="-12" />
                </Offset>
              </Anchor>
            </Anchors>
            <NormalTexture file="Interface\Buttons\UI-Panel-Button-Up">
              <TexCoords left="0" right="0.625" top="0" bottom="0.6875" />
            </NormalTexture>
            <PushedTexture file="Interface\Buttons\UI-Panel-Button-Down">
              <TexCoords left="0" right="0.625" top="0" bottom="0.6875" />
            </PushedTexture>
            <DisabledTexture file="Interface\Buttons\UI-Panel-Button-Disabled">
              <TexCoords left="0" right="0.625" top="0" bottom="0.6875" />
            </DisabledTexture>
            <HighlightTexture file="Interface\Buttons\UI-Panel-Button-Highlight" alphaMode="ADD">
              <TexCoords left="0" right="0.625" top="0" bottom="0.6875" />
            </HighlightTexture>
            <ButtonText name="$parentText">
              <Anchors>
                <Anchor point="CENTER">
                  <Offset>
                    <AbsDimension x="0" y="1" />
                  </Offset>
                </Anchor>
              </Anchors>
              <FontHeight>
                <AbsValue val="10" />
              </FontHeight>
            </ButtonText>
            <NormalFont style="GameFontNormal" />
            <HighlightFont style="GameFontHighlight" />
            <DisabledFont style="GameFontDisable" />
          </Button>
          <Button name="$parentButton4" text="Tradeskills">
            <!--<FrameSkin skinid="dcb143e1-a4ab-4e7c-b934-1efa40101d21" frameid="2d508884-59c2-4f83-ae10-27aaad48391b" />-->
            <Size>
              <AbsDimension x="127" y="22" />
            </Size>
            <Anchors>
              <Anchor point="TOPLEFT">
                <Offset>
                  <AbsDimension x="7" y="-68" />
                </Offset>
              </Anchor>
            </Anchors>
            <NormalTexture file="Interface\Buttons\UI-Panel-Button-Up">
              <TexCoords left="0" right="0.625" top="0" bottom="0.6875" />
            </NormalTexture>
            <PushedTexture file="Interface\Buttons\UI-Panel-Button-Down">
              <TexCoords left="0" right="0.625" top="0" bottom="0.6875" />
            </PushedTexture>
            <DisabledTexture file="Interface\Buttons\UI-Panel-Button-Disabled">
              <TexCoords left="0" right="0.625" top="0" bottom="0.6875" />
            </DisabledTexture>
            <HighlightTexture file="Interface\Buttons\UI-Panel-Button-Highlight" alphaMode="ADD">
              <TexCoords left="0" right="0.625" top="0" bottom="0.6875" />
            </HighlightTexture>
            <ButtonText name="$parentText">
              <Anchors>
                <Anchor point="CENTER">
                  <Offset>
                    <AbsDimension x="0" y="1" />
                  </Offset>
                </Anchor>
              </Anchors>
              <FontHeight>
                <AbsValue val="10" />
              </FontHeight>
            </ButtonText>
            <NormalFont style="GameFontNormal" />
            <HighlightFont style="GameFontHighlight" />
            <DisabledFont style="GameFontDisable" />
          </Button>
        </Frames>
      </Frame>
      <Frame name="$parentLabel2">
        <!--<FrameSkin skinid="dcb143e1-a4ab-4e7c-b934-1efa40101d21" frameid="2d508885-59c2-4f83-ae10-27aaad48391b" />-->
        <Size>
          <AbsDimension x="107" y="18" />
        </Size>
        <Anchors>
          <Anchor point="TOPLEFT">
            <Offset>
              <AbsDimension x="37" y="-165" />
            </Offset>
          </Anchor>
        </Anchors>
        <Layers>
          <Layer>
            <FontString name="$parentLabel" font="Fonts\FRIZQT__.TTF" text="Skills and Spells">
              <Anchors>
                <Anchor point="TOPLEFT" />
                <Anchor point="BOTTOMRIGHT" />
              </Anchors>
              <FontHeight>
                <AbsValue val="12" />
              </FontHeight>
              <Color r="1" g="0.8196079" b="0" />
              <Shadow>
                <Color r="0" g="0" b="0" />
                <Offset>
                  <AbsDimension x="1" y="-1" />
                </Offset>
              </Shadow>
            </FontString>
          </Layer>
        </Layers>
      </Frame>
      <Frame name="$parentPanel1">
        <!--<FrameSkin skinid="dcb143e1-a4ab-4e7c-b934-1efa40101d21" frameid="2d508888-59c2-4f83-ae10-27aaad48391b" />-->
        <Size>
          <AbsDimension x="144" y="103" />
        </Size>
        <Anchors>
          <Anchor point="TOPLEFT">
            <Offset>
              <AbsDimension x="18" y="-56" />
            </Offset>
          </Anchor>
        </Anchors>
        <Backdrop bgFile="Interface\Tooltips\UI-Tooltip-Background" edgeFile="Interface\Tooltips\UI-Tooltip-Border" tile="true">
          <BackgroundInsets>
            <AbsInset left="5" right="5" top="5" bottom="5" />
          </BackgroundInsets>
          <TileSize>
            <AbsValue val="16" />
          </TileSize>
          <EdgeSize>
            <AbsValue val="16" />
          </EdgeSize>
        </Backdrop>
        <Frames>
          <Button name="$parentButton3" text="Frostmourne">
            <!--<FrameSkin skinid="dcb143e1-a4ab-4e7c-b934-1efa40101d21" frameid="2d508884-59c2-4f83-ae10-27aaad48391b" />-->
            <Size>
              <AbsDimension x="127" y="22" />
            </Size>
            <Anchors>
              <Anchor point="TOPLEFT">
                <Offset>
                  <AbsDimension x="7" y="-68" />
                </Offset>
              </Anchor>
            </Anchors>
            <NormalTexture file="Interface\Buttons\UI-Panel-Button-Up">
              <TexCoords left="0" right="0.625" top="0" bottom="0.6875" />
            </NormalTexture>
            <PushedTexture file="Interface\Buttons\UI-Panel-Button-Down">
              <TexCoords left="0" right="0.625" top="0" bottom="0.6875" />
            </PushedTexture>
            <DisabledTexture file="Interface\Buttons\UI-Panel-Button-Disabled">
              <TexCoords left="0" right="0.625" top="0" bottom="0.6875" />
            </DisabledTexture>
            <HighlightTexture file="Interface\Buttons\UI-Panel-Button-Highlight" alphaMode="ADD">
              <TexCoords left="0" right="0.625" top="0" bottom="0.6875" />
            </HighlightTexture>
            <ButtonText name="$parentText">
              <Anchors>
                <Anchor point="CENTER">
                  <Offset>
                    <AbsDimension x="0" y="1" />
                  </Offset>
                </Anchor>
              </Anchors>
              <FontHeight>
                <AbsValue val="10" />
              </FontHeight>
            </ButtonText>
            <NormalFont style="GameFontNormal" />
            <HighlightFont style="GameFontHighlight" />
            <DisabledFont style="GameFontDisable" />
          </Button>
          <Button name="$parentButton2" text="BT/Kara">
            <!--<FrameSkin skinid="dcb143e1-a4ab-4e7c-b934-1efa40101d21" frameid="2d508884-59c2-4f83-ae10-27aaad48391b" />-->
            <Size>
              <AbsDimension x="127" y="22" />
            </Size>
            <Anchors>
              <Anchor point="TOPLEFT">
                <Offset>
                  <AbsDimension x="7" y="-40" />
                </Offset>
              </Anchor>
            </Anchors>
            <NormalTexture file="Interface\Buttons\UI-Panel-Button-Up">
              <TexCoords left="0" right="0.625" top="0" bottom="0.6875" />
            </NormalTexture>
            <PushedTexture file="Interface\Buttons\UI-Panel-Button-Down">
              <TexCoords left="0" right="0.625" top="0" bottom="0.6875" />
            </PushedTexture>
            <DisabledTexture file="Interface\Buttons\UI-Panel-Button-Disabled">
              <TexCoords left="0" right="0.625" top="0" bottom="0.6875" />
            </DisabledTexture>
            <HighlightTexture file="Interface\Buttons\UI-Panel-Button-Highlight" alphaMode="ADD">
              <TexCoords left="0" right="0.625" top="0" bottom="0.6875" />
            </HighlightTexture>
            <ButtonText name="$parentText">
              <Anchors>
                <Anchor point="CENTER">
                  <Offset>
                    <AbsDimension x="0" y="1" />
                  </Offset>
                </Anchor>
              </Anchors>
              <FontHeight>
                <AbsValue val="10" />
              </FontHeight>
            </ButtonText>
            <NormalFont style="GameFontNormal" />
            <HighlightFont style="GameFontHighlight" />
            <DisabledFont style="GameFontDisable" />
          </Button>
          <Button name="$parentButton1" text="Nexus">
            <!--<FrameSkin skinid="dcb143e1-a4ab-4e7c-b934-1efa40101d21" frameid="2d508884-59c2-4f83-ae10-27aaad48391b" />-->
            <Size>
              <AbsDimension x="127" y="22" />
            </Size>
            <Anchors>
              <Anchor point="TOPLEFT">
                <Offset>
                  <AbsDimension x="7" y="-12" />
                </Offset>
              </Anchor>
            </Anchors>
            <NormalTexture file="Interface\Buttons\UI-Panel-Button-Up">
              <TexCoords left="0" right="0.625" top="0" bottom="0.6875" />
            </NormalTexture>
            <PushedTexture file="Interface\Buttons\UI-Panel-Button-Down">
              <TexCoords left="0" right="0.625" top="0" bottom="0.6875" />
            </PushedTexture>
            <DisabledTexture file="Interface\Buttons\UI-Panel-Button-Disabled">
              <TexCoords left="0" right="0.625" top="0" bottom="0.6875" />
            </DisabledTexture>
            <HighlightTexture file="Interface\Buttons\UI-Panel-Button-Highlight" alphaMode="ADD">
              <TexCoords left="0" right="0.625" top="0" bottom="0.6875" />
            </HighlightTexture>
            <ButtonText name="$parentText">
              <Anchors>
                <Anchor point="CENTER">
                  <Offset>
                    <AbsDimension x="0" y="1" />
                  </Offset>
                </Anchor>
              </Anchors>
              <FontHeight>
                <AbsValue val="10" />
              </FontHeight>
            </ButtonText>
            <NormalFont style="GameFontNormal" />
            <HighlightFont style="GameFontHighlight" />
            <DisabledFont style="GameFontDisable" />
          </Button>
        </Frames>
      </Frame>
      <Frame name="$parentLabel1">
        <!--<FrameSkin skinid="dcb143e1-a4ab-4e7c-b934-1efa40101d21" frameid="2d508885-59c2-4f83-ae10-27aaad48391b" />-->
        <Size>
          <AbsDimension x="100" y="18" />
        </Size>
        <Anchors>
          <Anchor point="TOPLEFT">
            <Offset>
              <AbsDimension x="40" y="-32" />
            </Offset>
          </Anchor>
        </Anchors>
        <Layers>
          <Layer>
            <FontString name="$parentLabel" font="Fonts\FRIZQT__.TTF" text="Donations">
              <Anchors>
                <Anchor point="TOPLEFT" />
                <Anchor point="BOTTOMRIGHT" />
              </Anchors>
              <FontHeight>
                <AbsValue val="12" />
              </FontHeight>
              <Color r="1" g="0.8196079" b="0" />
              <Shadow>
                <Color r="0" g="0" b="0" />
                <Offset>
                  <AbsDimension x="1" y="-1" />
                </Offset>
              </Shadow>
            </FontString>
          </Layer>
        </Layers>
      </Frame>
    </Frames>
  </Frame>
</Ui>