<Ui xmlns="http://www.blizzard.com/wow/ui/" xmlns:xsi="http://www.w3.org/2001/XMLSchema-instance" xsi:schemaLocation="http://www.blizzard.com/wow/ui/
..\FrameXML\UI.xsd">
	<!-- Retrieval functions go in separate files so they won't be 
	affected by errors in scanner and so that everything but those
	functions can be unloaded if needed. -->
	<Script file="ItemDataCache_ByID_selltovendor_Functions.lua"/>
	<Script file="ItemDataCache_API_GetSellValue.lua"/>
	<Script file="ItemDataCache_ByID_class_Functions.lua"/>

	<!-- Everything else -->
<GameTooltip name="ItemDataCacheTooltip" inherits="GameTooltipTemplate">
<Scripts>
     <Onload>
       this:SetOwner(WorldFrame, "ANCHOR_NONE")
     </Onload>
   </Scripts>
</GameTooltip>
	
<Script file="ItemDataCache_Scan_Tooltip.lua"/>
	<Script file="ItemDataCache_Scan_Merchant.lua"/>
	<Script file="ItemDataCache_Addon_BtmScan.lua"/>
	<Frame name="ItemDataCacheFrame" parent="UIParent" hidden="true">
		<Scripts>
			<OnLoad>ItemDataCache:OnLoad()</OnLoad>
			<OnEvent>ItemDataCache.OnEvent(event, arg1)</OnEvent>
		</Scripts>	
	</Frame>
</Ui>
