<Ui xmlns="http://www.blizzard.com/wow/ui/" xmlns:xsi="http://www.w3.org/2001/XMLSchema-instance" xsi:schemaLocation="http://www.blizzard.com/wow/ui/
..\FrameXML\UI.xsd">

	<Frame name="flagRSP2Info_Frame" toplevel="true" movable="true" resizable="true" hidden="true">
		<Size x="200" y="200"/>
		<Anchors>
			<Anchor point="LEFT">
				<Offset x="-3" y="-10"/>
			</Anchor>
		</Anchors>
		<TitleRegion setAllPoints="true"/>
		<Frames>
			<Frame name="flagRSP2Info" setAllPoints="true" hidden="false">
				<Layers>
					<Layer level="OVERLAY">
						<FontString name="flagRSP2InfoName" inherits="GameFontNormal" justifyH="LEFT" hidden="false" virtual="true">
							<Anchors>
								<Anchor point="TOPLEFT" relativeTo="flagRSP2Info" relativePoint="TOPLEFT">
									<Offset>
										<AbsDimension x="10" y="-8"/>
									</Offset>
								</Anchor>
								<FontHeight>
									<AbsValue val="20"/>
								</FontHeight>
							</Anchors>
							<Color r="0.996" g="0.945" b="0.7"/>
						</FontString>
						<FontString name="flagRSP2InfoTitle" inherits="GameFontNormal" justifyH="LEFT" hidden="false" virtual="true">
							<Anchors>
								<Anchor point="TOPLEFT" relativeTo="flagRSP2InfoName" relativePoint="BOTTOMLEFT">
									<Offset>
										<AbsDimension x="0" y="0"/>
									</Offset>
								</Anchor>
								<FontHeight>
									<AbsValue val="12"/>
								</FontHeight>
							</Anchors>
							<Color r="0.996" g="0.945" b="0.7"/>
						</FontString>
						<FontString name="flagRSP2InfoStatus" inherits="GameFontNormal" justifyH="LEFT" hidden="false" virtual="true">
							<Anchors>
								<Anchor point="TOPLEFT" relativeTo="flagRSP2InfoTitle" relativePoint="BOTTOMLEFT">
									<Offset>
										<AbsDimension x="0" y="0"/>
									</Offset>
								</Anchor>
								<FontHeight>
									<AbsValue val="12"/>
								</FontHeight>
							</Anchors>
							<Color r="0.996" g="0.945" b="0.7"/>
						</FontString>
						<FontString name="flagRSP2InfoDescSizer" inherits="GameFontNormal" justifyH="LEFT" hidden="true" virtual="true">
							<Anchors>
								<Anchor point="TOPLEFT" relativeTo="flagRSP2InfoStatus" relativePoint="BOTTOMLEFT">
									<Offset>
										<AbsDimension x="0" y="0"/>
									</Offset>
								</Anchor>
								<FontHeight>
									<AbsValue val="12"/>
								</FontHeight>
							</Anchors>
							<Color r="1" g="1" b="1"/>
						</FontString>
					</Layer>
				</Layers>
			</Frame>
			<Button name="flagRSP2InfoCloseButton" inherits="UIPanelCloseButton">
				<Anchors>
					<Anchor point="TOPRIGHT" relativeTo="flagRSP2Info" relativePoint="TOPRIGHT">
						<Offset>
							<AbsDimension x="0" y="0"/>
						</Offset>
					</Anchor>
				</Anchors>
				<Scripts>
					<OnClick>
						flagRSP2Info_Frame:Hide();
					</OnClick>
				</Scripts>
			</Button>
			<Button name="$parentResizeBottomRight">
				<Size>
					<AbsDimension x="16" y="16"/>
				</Size>
				<Anchors>
					<Anchor point="BOTTOMRIGHT" relativeTo="flagRSP2Info">
						<Offset>
							<AbsDimension x="2" y="-3"/>
						</Offset>
					</Anchor>
				</Anchors>
				<Scripts>
					<OnLoad>
						
					</OnLoad>
					<OnMouseDown>
						flagRSP2StartResize(self);
					</OnMouseDown>
					<OnMouseUp>
						flagRSP2StopResize(self);
					</OnMouseUp>
				</Scripts>
			</Button>
			<ScrollFrame name="flagRSP2InfoDescScrollFrame" resizable="true" inherits="UIPanelScrollFrameTemplate">
				<Anchors>
					<Anchor point="TOPLEFT" relativeTo="flagRSP2InfoStatus" relativePoint="BOTTOMLEFT">
						<Offset>
							<AbsDimension x="0" y="0"/>
						</Offset>
					</Anchor>
					<Anchor point="BOTTOMRIGHT" relativeTo="flagRSP2Info_Frame" relativePoint="BOTTOMRIGHT">
						<Offset>
							<AbsDimension x="-30" y="20"/>
						</Offset>
					</Anchor>
				</Anchors>
				<ScrollChild>
					<EditBox name="flagRSP2InfoDesc" multiLine="true" enableMouse="false" autoFocus="false" resizable="true">
						<Anchors>
							<Anchor point="TOPLEFT" relativeTo="flagRSP2InfoDescScrollFrame" relativePoint="TOPLEFT">
								<Offset>
									<AbsDimension x="0" y="0"/>
								</Offset>
							</Anchor>
							<Anchor point="BOTTOMRIGHT" relativeTo="flagRSP2InfoDescScrollFrame" relativePoint="BOTTOMRIGHT">
								<Offset>
									<AbsDimension x="-30" y="20"/>
								</Offset>
							</Anchor>
						</Anchors>
						<Scripts>
							<OnTextChanged>
								local scrollBar = getglobal(self:GetParent():GetName().."ScrollBar")
								self:GetParent():UpdateScrollChildRect();
								local min;
								local max;
								min, max = scrollBar:GetMinMaxValues();
								if ( max > 0 and (self.max ~= max) ) then
								self.max = max;
								scrollBar:SetValue(min);
								end
							</OnTextChanged>
							<OnEscapePressed>
								self:ClearFocus();
							</OnEscapePressed>
						</Scripts>
						<FontString inherits="GameFontNormal">
							<Anchors>
								<FontHeight>
									<AbsValue val="12"/>
								</FontHeight>
							</Anchors>
							<Color r="1" g="1" b="1"/>
						</FontString>
					</EditBox>
				</ScrollChild>
			</ScrollFrame>
		</Frames>
		<Scripts>
			<OnMouseDown>
				self:StartMoving();
			</OnMouseDown>
			<OnMouseUp>
				self:StopMovingOrSizing();
			</OnMouseUp>
		</Scripts>
	</Frame>
	
<!-- =========================VIEWER FRAME========================= -->
	<Button name="flagRSP2Viewer_FrameTextTemplate" virtual="true">
		<Size>
			<AbsDimension x="412" y="19.5"/>
		</Size>
		<Layers>
			<Layer level="OVERLAY">
				<FontString name="$parentLeftText" inherits="GameFontHighlight" justifyH="LEFT" SetAllPoints="true"/>
				<FontString name="$parentRightText" inherits="GameFontHighlight" justifyH="RIGHT" SetAllPoints="true"/>
			</Layer>
		</Layers>
		<Scripts>
			<OnEnter>
				flagRSP2ShowDesc(self.name)	
			</OnEnter>
			<OnLeave>
				GameTooltip:Hide()
			</OnLeave>
			<OnMouseWheel>
				flagRSP2ViewerSlider:SetValue(flagRSP2ViewerSlider:GetValue() - arg1*2)
				flagRSP2ShowDesc(self.name)
			</OnMouseWheel>
		</Scripts>
	</Button>
	<Frame name="flagRSP2Viewer_Frame" toplevel="true" parent="UIParent" movable="true" hidden="true">
		<Size x="472" y="560"/>
		<Anchors>
			<Anchor point="TOPLEFT" relativePoint="TOPLEFT">
				<Offset x="-3" y="-10"/>
			</Anchor>
		</Anchors>
		<Frames>
			<Frame name="flagRSP2Viewer" setAllPoints="true" hidden="false">
				<Backdrop bgFile="Interface\Tooltips\UI-Tooltip-Background" edgeFile="Interface\Tooltips\UI-Tooltip-Border" tile="true">
					<EdgeSize>
						<AbsValue val="16"/>
					</EdgeSize>
					<TileSize>
						<AbsValue val="16"/>
					</TileSize>
					<BackgroundInsets>
						<AbsInset left="3" right="3" top="3" bottom="3"/>
					</BackgroundInsets>
				</Backdrop>
				<Layers>
					<Layer level="OVERLAY">
						<FontString name="flagRSP2Viewer_FrameTitleText" inherits="GameFontNormal">
							<Size>
								<AbsDimension x="512" y="14"/>
							</Size>
							<Anchors>
								<Anchor point="TOP" relativeTo="flagRSP2Viewer" relativePoint="TOP">
									<Offset>
										<AbsDimension x="0" y="-14"/>
									</Offset>
								</Anchor>
							</Anchors>
						</FontString>
						<FontString name="flagRSP2Viewer_SearchText" justifyH="RIGHT" inherits="GameFontNormalLarge" text="FLAGRSP2_SEARCH_TEXT">
							<Size>
								<AbsDimension x="175" y="18"/>
							</Size>
							<Anchors>
								<Anchor point="TOPLEFT" relativeTo="flagRSP2Viewer_Frame" relativePoint="TOPLEFT">
									<Offset>
										<AbsDimension x="24" y="-35"/>
									</Offset>
								</Anchor>
							</Anchors>
						</FontString>
					</Layer>
				</Layers>
			</Frame>
			<Frame name="flagRSP2ViewerListBG" setAllPoints="true" hidden="false">
				<Backdrop bgFile="Interface\ChatFrame\ChatFrameBackground" edgeFile="Interface\Addons\flagRSP2\images\plain" tile="true">
					<EdgeSize>
						<AbsValue val="2"/>
					</EdgeSize>
					<TileSize>
						<AbsValue val="2"/>
					</TileSize>
					<BackgroundInsets>
						<AbsInset left="2" right="2" top="2" bottom="2"/>
					</BackgroundInsets>
				</Backdrop>
				<Anchors>
					<Anchor point="TOPLEFT" relativeTo="flagRSP2Viewer_Frame" relativePoint="TOPLEFT">
						<Offset>
							<AbsDimension x="25" y="-65"/>
						</Offset>
					</Anchor>
				</Anchors>
				<Size>
					<AbsDimension x="412" y="388"/>
				</Size>
				<Scripts>
					<OnLoad>
						self:SetBackdropColor(0, 0, 0, 1)
						self:SetBackdropBorderColor(1, 1, 1, 0.75)
					</OnLoad>
				</Scripts>
			</Frame>
			<Button name="flagRSP2ViewerCloseButton" inherits="UIPanelCloseButton">
				<Anchors>
					<Anchor point="TOPRIGHT" relativeTo="flagRSP2Viewer_Frame" relativePoint="TOPRIGHT">
						<Offset>
							<AbsDimension x="-6" y="-6"/>
						</Offset>
					</Anchor>
				</Anchors>
				<Scripts>
					<OnClick>
						flagRSP2Viewer_Frame:Hide();
					</OnClick>
				</Scripts>
			</Button>
			<EditBox name="flagRSP2ViewerSearch" multiLine="false" enableMouse="true" autoFocus="false">
				<Size>
					<AbsDimension x="237" y="18"/>
				</Size>
				<Backdrop bgFile="Interface\ChatFrame\ChatFrameBackground" edgeFile="Interface\Addons\flagRSP2\images\plain" tile="true">
					<EdgeSize>
						<AbsValue val="2"/>
					</EdgeSize>
					<TileSize>
						<AbsValue val="2"/>
					</TileSize>
					<BackgroundInsets>
						<AbsInset left="2" right="2" top="2" bottom="2"/>
					</BackgroundInsets>
				</Backdrop>
				<TextInsets>
					<AbsInset left="2" right="2" top="2" bottom="2"/>
				</TextInsets>
				<Anchors>
					<Anchor point="TOPLEFT" relativeTo="flagRSP2Viewer_Frame" relativePoint="TOPLEFT">
						<Offset>
							<AbsDimension x="200" y="-35"/>
						</Offset>
					</Anchor>
				</Anchors>
				<Scripts>
					<OnLoad>
						self:SetBackdropColor(0, 0, 0, 1)
						self:SetBackdropBorderColor(1, 1, 1, 0.75)
					</OnLoad>
					<OnTextChanged>
						flagRSP2ViewerOnShow()
					</OnTextChanged>
					<OnEscapePressed>
						self:ClearFocus()
					</OnEscapePressed>
				</Scripts>
				<FontString inherits="ChatFontNormal"/>
			</EditBox>
			<Button name="flagRSP2ViewerTextLine1" inherits="flagRSP2Viewer_FrameTextTemplate" ID="1">
				<Anchors>
					<Anchor point="TOPLEFT" relativeTo="flagRSP2Viewer_Frame" relativePoint="TOPLEFT">
						<Offset>
							<AbsDimension x="27" y="-65"/>
						</Offset>
					</Anchor>
				</Anchors>
			</Button>
			<Button name="flagRSP2ViewerTextLine2" inherits="flagRSP2Viewer_FrameTextTemplate" ID="2">
				<Anchors>
					<Anchor point="TOP" relativeTo="flagRSP2ViewerTextLine1" relativePoint="BOTTOM"/>
				</Anchors>
			</Button>
			<Button name="flagRSP2ViewerTextLine3" inherits="flagRSP2Viewer_FrameTextTemplate" ID="3">
				<Anchors>
					<Anchor point="TOP" relativeTo="flagRSP2ViewerTextLine2" relativePoint="BOTTOM"/>
				</Anchors>
			</Button>
			<Button name="flagRSP2ViewerTextLine4" inherits="flagRSP2Viewer_FrameTextTemplate" ID="4">
				<Anchors>
					<Anchor point="TOP" relativeTo="flagRSP2ViewerTextLine3" relativePoint="BOTTOM"/>
				</Anchors>
			</Button>
			<Button name="flagRSP2ViewerTextLine5" inherits="flagRSP2Viewer_FrameTextTemplate" ID="5">
				<Anchors>
					<Anchor point="TOP" relativeTo="flagRSP2ViewerTextLine4" relativePoint="BOTTOM"/>
				</Anchors>
			</Button>
			<Button name="flagRSP2ViewerTextLine6" inherits="flagRSP2Viewer_FrameTextTemplate" ID="6">
				<Anchors>
					<Anchor point="TOP" relativeTo="flagRSP2ViewerTextLine5" relativePoint="BOTTOM"/>
				</Anchors>
			</Button>
			<Button name="flagRSP2ViewerTextLine7" inherits="flagRSP2Viewer_FrameTextTemplate" ID="7">
				<Anchors>
					<Anchor point="TOP" relativeTo="flagRSP2ViewerTextLine6" relativePoint="BOTTOM"/>
				</Anchors>
			</Button>
			<Button name="flagRSP2ViewerTextLine8" inherits="flagRSP2Viewer_FrameTextTemplate" ID="8">
				<Anchors>
					<Anchor point="TOP" relativeTo="flagRSP2ViewerTextLine7" relativePoint="BOTTOM"/>
				</Anchors>
			</Button>
			<Button name="flagRSP2ViewerTextLine9" inherits="flagRSP2Viewer_FrameTextTemplate" ID="9">
				<Anchors>
					<Anchor point="TOP" relativeTo="flagRSP2ViewerTextLine8" relativePoint="BOTTOM"/>
				</Anchors>
			</Button>
			<Button name="flagRSP2ViewerTextLine10" inherits="flagRSP2Viewer_FrameTextTemplate" ID="10">
				<Anchors>
					<Anchor point="TOP" relativeTo="flagRSP2ViewerTextLine9" relativePoint="BOTTOM"/>
				</Anchors>
			</Button>
			<Button name="flagRSP2ViewerTextLine11" inherits="flagRSP2Viewer_FrameTextTemplate" ID="11">
				<Anchors>
					<Anchor point="TOP" relativeTo="flagRSP2ViewerTextLine10" relativePoint="BOTTOM"/>
				</Anchors>
			</Button>
			<Button name="flagRSP2ViewerTextLine12" inherits="flagRSP2Viewer_FrameTextTemplate" ID="12">
				<Anchors>
					<Anchor point="TOP" relativeTo="flagRSP2ViewerTextLine11" relativePoint="BOTTOM"/>
				</Anchors>
			</Button>
			<Button name="flagRSP2ViewerTextLine13" inherits="flagRSP2Viewer_FrameTextTemplate" ID="13">
				<Anchors>
					<Anchor point="TOP" relativeTo="flagRSP2ViewerTextLine12" relativePoint="BOTTOM"/>
				</Anchors>
			</Button>
			<Button name="flagRSP2ViewerTextLine14" inherits="flagRSP2Viewer_FrameTextTemplate" ID="14">
				<Anchors>
					<Anchor point="TOP" relativeTo="flagRSP2ViewerTextLine13" relativePoint="BOTTOM"/>
				</Anchors>
			</Button>
			<Button name="flagRSP2ViewerTextLine15" inherits="flagRSP2Viewer_FrameTextTemplate" ID="15">
				<Anchors>
					<Anchor point="TOP" relativeTo="flagRSP2ViewerTextLine14" relativePoint="BOTTOM"/>
				</Anchors>
			</Button>
			<Button name="flagRSP2ViewerTextLine16" inherits="flagRSP2Viewer_FrameTextTemplate" ID="16">
				<Anchors>
					<Anchor point="TOP" relativeTo="flagRSP2ViewerTextLine15" relativePoint="BOTTOM"/>
				</Anchors>
			</Button>
			<Button name="flagRSP2ViewerTextLine17" inherits="flagRSP2Viewer_FrameTextTemplate" ID="17">
				<Anchors>
					<Anchor point="TOP" relativeTo="flagRSP2ViewerTextLine16" relativePoint="BOTTOM"/>
				</Anchors>
			</Button>
			<Button name="flagRSP2ViewerTextLine18" inherits="flagRSP2Viewer_FrameTextTemplate" ID="18">
				<Anchors>
					<Anchor point="TOP" relativeTo="flagRSP2ViewerTextLine17" relativePoint="BOTTOM"/>
				</Anchors>
			</Button>
			<Button name="flagRSP2ViewerTextLine19" inherits="flagRSP2Viewer_FrameTextTemplate" ID="19">
				<Anchors>
					<Anchor point="TOP" relativeTo="flagRSP2ViewerTextLine18" relativePoint="BOTTOM"/>
				</Anchors>
			</Button>
			<Button name="flagRSP2ViewerTextLine20" inherits="flagRSP2Viewer_FrameTextTemplate" ID="20">
				<Anchors>
					<Anchor point="TOP" relativeTo="flagRSP2ViewerTextLine19" relativePoint="BOTTOM"/>
				</Anchors>
			</Button>
			<Slider name="flagRSP2ViewerSlider">
				<Size>
					<AbsDimension x="16" y="357"/>
				</Size>
				<Anchors>
					<Anchor point="TOPLEFT" relativeTo="flagRSP2Viewer_Frame" relativePoint="TOPLEFT">
						<Offset>
							<AbsDimension x="438" y="-81"/>
						</Offset>	
					</Anchor>
				</Anchors>
				<Frames>
					<Button name="flagRSP2ViewerSliderUpButton" inherits="UIPanelScrollUpButtonTemplate">
						<Anchors>
							<Anchor point="BOTTOM" relativePoint="TOP"/>
						</Anchors>
						<Scripts>
							<OnClick>
								flagRSP2ViewerSlider:SetValue(flagRSP2ViewerSlider:GetValue() - 1)
							</OnClick>
						</Scripts>
					</Button>
					<Button name="flagRSP2ViewerSliderDownButton" inherits="UIPanelScrollDownButtonTemplate">
						<Anchors>
							<Anchor point="TOP" relativePoint="BOTTOM"/>
						</Anchors>
						<Scripts>
							<OnClick>
								flagRSP2ViewerSlider:SetValue(flagRSP2ViewerSlider:GetValue() + 1)
							</OnClick>
						</Scripts>
					</Button>
				</Frames>
				<ThumbTexture name="$parentThumbTexture" file="Interface\Buttons\UI-ScrollBar-Knob">
					<Size>
						<AbsDimension x="16" y="16"/>
					</Size>
					<TexCoords left="0.25" right="0.75" top="0.25" bottom="0.75"/>
				</ThumbTexture>
				<Scripts>
					<OnValueChanged>
						flagRSP2ViewerOnShow()
					</OnValueChanged>
					<OnMouseWheel>
						flagRSP2ViewerSlider:SetValue(flagRSP2ViewerSlider:GetValue() - arg1*2)
					</OnMouseWheel>
				</Scripts>
			</Slider>			
		</Frames>
		<Scripts>
			<OnLoad>
				flagRSP2Viewer_FrameTitleText:SetText("Profile Viewer");
				flagRSP2Viewer:SetBackdropColor(0.0, 0.0, 0.0, 1.0);
			</OnLoad>
			<OnShow>
				flagRSP2CloneDatabase()
				flagRSP2ViewerSearch:SetText("")
			</OnShow>
			<OnHide>
				FlagList.temp = nil
			</OnHide>
			<OnMouseDown>
				self:StartMoving();
			</OnMouseDown>
			<OnMouseUp>
				self:StopMovingOrSizing();
			</OnMouseUp>
		</Scripts>
	</Frame>
	
</Ui>