<Ui xmlns="http://www.blizzard.com/wow/ui/" xmlns:xsi="http://www.w3.org/2001/XMLSchema-instance" xsi:schemaLocation="http://www.blizzard.com/wow/ui/
..\FrameXML\UI.xsd">
	<GameTooltip name="GuildCraftTT" inherits="GameTooltipTemplate" parent="UIParent" enableMouse="false" toplevel="true" movable="true" frameStrata="TOOLTIP" hidden="true">
		<Size>
			<AbsDimension x="128" y="64"/>
		</Size>
		<Anchors>
			<Anchor point="BOTTOM">
				<Offset>
					<AbsDimension x="0" y="80"/>
				</Offset>
			</Anchor>
		</Anchors>
	</GameTooltip>
</Ui>
