<Ui xmlns="http://www.blizzard.com/wow/ui/" xmlns:xsi="http://www.w3.org/2001/XMLSchema-instance" xsi:schemaLocation="http://www.blizzard.com/wow/ui/ ..\FrameXML\UI.xsd">
	<!-- INCLUDE BEGIN -->
	<!-- Script files -->
	<Script file="localization.lua"/>
	<Script file="localization.de.lua"/>
	<Script file="localization.fr.lua"/>
	<Script file="localization.cn.lua"/>
	<Script file="localization.tw.lua"/>
	<Script file="Comix.lua"/>
	<!-- Image files -->
	<Script file="Images\Blades_set\ComixImages.lua"/>
	<Script file="Images\Fire_set\ComixFireImages.lua"/>
	<Script file="Images\Frost_set\ComixFrostImages.lua"/>
	<Script file="Images\Frostfire_set\ComixFrostfireImages.lua"/>
	<Script file="Images\Shadow_set\ComixShadowImages.lua"/>
	<Script file="Images\Arcane_set\ComixArcaneImages.lua"/>
	<Script file="Images\Nature_set\ComixNatureImages.lua"/>
	<Script file="Images\Holy_set\ComixHolyImages.lua"/>
	<Script file="Images\Death_set\ComixDeathImages.lua"/>
	<Script file="Images\Overkill_set\ComixOverkillImages.lua"/>
	<Script file="Specials\ComixSpecials.lua"/>
	<!-- Sound file -->
	<Script file="Sounds\ComixSounds.lua"/>
	<!-- INCLUDE END -->

	<Frame name="FlashTemplate" hidden="true" setAllPoints="true" 	virtual="true">
		<Scripts>
			<OnLoad>
				self:SetAlpha(0)
			</OnLoad>
		</Scripts>
	</Frame> 




<Frame name="Comix_Frame" parent="WorldFrame" setAllPoints="true">
	<Frames>
		<Frame name="$parentFlash" inherits="FlashTemplate">
			<Layers>
				<Layer level="BACKGROUND">
					<Texture name="$parentTexture" file="Interface\Addons\Comix\Images\flash1.tga" alphaMode="ADD" />
				</Layer>
			</Layers>
		</Frame>
	
	</Frames>
		<Scripts>
	      		<OnLoad>
	       			Comix_OnLoad();
					self.TimeSinceLastUpdate = 0;
	      		</OnLoad>
	      		<!-- <OnEvent>
	        		Comix_OnEvent();
	      		</OnEvent> -->
				<OnEvent function="Comix_OnEvent"/>

		        <!-- <OnUpdate>
		          	Comix_OnUpdate(arg1)
		        </OnUpdate>   -->
				<OnUpdate function="Comix_OnUpdate" />   
		</Scripts> 
</Frame>











</Ui>
