<Ui xmlns="http://www.blizzard.com/wow/ui/" 
    xmlns:xsi="http://www.w3.org/2001/XMLSchema-instance"
    xsi:schemaLocation="http://www.blizzard.com/wow/ui/
..\FrameXML\UI.xsd">
  <Frame name="BookwormScanFrame" hidden="true">
    <Scripts>
      <OnLoad>
	Bookworm_Core_Init();
	Bookworm_Command_Init();
	Bookworm_Scan_OnLoad();
      </OnLoad>
      <OnEvent>
	Bookworm_Scan_OnEvent(event);
      </OnEvent>
      <OnUpdate>
	Bookworm_Scan_OnUpdate();
      </OnUpdate>
    </Scripts>
  </Frame>

  <Frame name="BookwormNotifyFrame" hidden="true">
    <Scripts>
      <OnUpdate>
	Bookworm_Notify_OnUpdate(this);
      </OnUpdate>
    </Scripts>
  </Frame>
</Ui>