<Ui xmlns="http://www.blizzard.com/wow/ui/" xmlns:xsi="http://www.w3.org/2001/XMLSchema-instance" xsi:schemaLocation="http://www.blizzard.com/wow/ui/
..\..\FrameXML\UI.xsd">

  <Script file="BookwormViewFrame.lua"/>

  <Frame name="BookwormViewHackFrame" hidden="true">
    <Scripts>
      <OnUpdate>
	Bookworm_ViewHack_OnUpdate();
      </OnUpdate>
    </Scripts>
  </Frame>

  <Font name="BookwormPlainFont" font="Fonts\ARIALN.TTF"
	virtual="true" justifyH="LEFT">
    <FontHeight>
      <AbsValue val="15"/>
    </FontHeight>
    <Color r="0.18" g="0.12" b="0.06"/>
  </Font>

  <Frame name="BookwormViewFrame" toplevel="true" movable="true"
	 enableMouse="true" hidden="true" parent="UIParent">
    <Size>
      <AbsDimension x="384" y="512"/>
    </Size>
    <Anchors>
      <Anchor point="TOPLEFT">
	<Offset>
	  <AbsDimension x="0" y="-104"/>
	</Offset>
      </Anchor>
    </Anchors>
    <HitRectInsets>
      <AbsInset left="0" right="30" top="0" bottom="70"/>
    </HitRectInsets>
    <Layers>
      <Layer level="BACKGROUND">
	<Texture file="Interface\Spellbook\Spellbook-Icon">
	  <Size>
	    <AbsDimension x="58" y="58"/>
	  </Size>
	  <Anchors>
	    <Anchor point="TOPLEFT">
	      <Offset>
		<AbsDimension x="10" y="-8"/>
	      </Offset>
	    </Anchor>
	  </Anchors>
	</Texture>
      </Layer>
      <Layer level="BORDER">
	<Texture file="Interface\ItemTextFrame\UI-ItemText-TopLeft">
	  <Size>
	    <AbsDimension x="256" y="256"/>
	  </Size>
	  <Anchors>
	    <Anchor point="TOPLEFT"/>
	  </Anchors>
	</Texture>
	<Texture file="Interface\Spellbook\UI-SpellbookPanel-TopRight">
	  <Size>
	    <AbsDimension x="128" y="256"/>
	  </Size>
	  <Anchors>
	    <Anchor point="TOPLEFT">
	      <Offset>
		<AbsDimension x="256" y="0"/>
	      </Offset>
	    </Anchor>
	  </Anchors>
	</Texture>
	<Texture file="Interface\ItemTextFrame\UI-ItemText-BotLeft">
	  <Size>
	    <AbsDimension x="256" y="256"/>
	  </Size>
	  <Anchors>
	    <Anchor point="TOPLEFT">
	      <Offset>
		<AbsDimension x="0" y="-256"/>
	      </Offset>
	    </Anchor>
	  </Anchors>
	</Texture>
	<Texture file="Interface\Spellbook\UI-SpellbookPanel-BotRight">
	  <Size>
	    <AbsDimension x="128" y="256"/>
	  </Size>
	  <Anchors>
	    <Anchor point="TOPLEFT">
	      <Offset>
		<AbsDimension x="256" y="-256"/>
	      </Offset>
	    </Anchor>
	  </Anchors>
	</Texture>
      </Layer>
      <Layer level="ARTWORK">
	<Texture name="$parentMaterialTopLeft" file="">
	  <Size>
	    <AbsDimension x="256" y="256"/>
	  </Size>
	  <Anchors>
	    <Anchor point="TOPLEFT">
	      <Offset>
		<AbsDimension x="21" y="-75"/>
	      </Offset>
	    </Anchor>
	  </Anchors>
	</Texture>
	<Texture name="$parentMaterialTopRight" file="">
	  <Size>
	    <AbsDimension x="64" y="256"/>
	  </Size>
	  <Anchors>
	    <Anchor point="TOPLEFT" relativeTo="$parentMaterialTopLeft" relativePoint="TOPRIGHT"/>
	  </Anchors>
	</Texture>
	<Texture name="$parentMaterialBotLeft" file="">
	  <Size>
	    <AbsDimension x="256" y="128"/>
	  </Size>
	  <Anchors>
	    <Anchor point="TOPLEFT" relativeTo="$parentMaterialTopLeft" relativePoint="BOTTOMLEFT"/>
	  </Anchors>
	</Texture>
	<Texture name="$parentMaterialBotRight" file="">
	  <Size>
	    <AbsDimension x="64" y="128"/>
	  </Size>
	  <Anchors>
	    <Anchor point="TOPLEFT" relativeTo="$parentMaterialTopLeft" relativePoint="BOTTOMRIGHT"/>
	  </Anchors>
	</Texture>
      </Layer>
      <Layer level="OVERLAY">
	<FontString name="$parentTitleText" inherits="GameFontNormal">
	  <Size>
	    <AbsDimension x="224" y="14"/>
	  </Size>
	  <Anchors>
	    <Anchor point="CENTER">
	      <Offset>
		<AbsDimension x="6" y="230"/>
	      </Offset>
	    </Anchor>
	  </Anchors>
	</FontString>
	<FontString name="$parentCurrentPage" inherits="GameFontNormal">
	  <Size>
	    <AbsDimension x="192" y="0"/>
	  </Size>
	  <Anchors>
	    <Anchor point="TOP">
	      <Offset>
		<AbsDimension x="10" y="-50"/>
	      </Offset>
	    </Anchor>
	  </Anchors>
	</FontString>
      </Layer>
    </Layers>
    <Frames>
      <Button name="$parentBookButton">
	<Size>
	  <AbsDimension x="58" y="58"/>
	</Size>
	<Anchors>
	  <Anchor point="TOPLEFT">
	    <Offset>
	      <AbsDimension x="10" y="-8"/>
	    </Offset>
	  </Anchor>
	</Anchors>
	<Scripts>
	  <OnClick>
	    Bookworm_View_Back();
	  </OnClick>
	</Scripts>
      </Button>
      <ScrollFrame name="$parentScrollFrame" inherits="UIPanelScrollFrameTemplate">
	<Size>
	  <AbsDimension x="280" y="355"/>
	</Size>
	<Anchors>
	  <Anchor point="TOPRIGHT">
	    <Offset>
	      <AbsDimension x="-66" y="-76"/>
	    </Offset>
	  </Anchor>
	</Anchors>
	<Layers>
	  <Layer level="ARTWORK">
	    <Texture name="$parentTop" file="Interface\PaperDollInfoFrame\UI-Character-ScrollBar" hidden="true">
	      <Size>
		<AbsDimension x="28" y="256"/>
	      </Size>
	      <Anchors>
		<Anchor point="TOPLEFT" relativePoint="TOPRIGHT">
		  <Offset>
		    <AbsDimension x="0" y="5"/>
		  </Offset>
		</Anchor>
	      </Anchors>
	      <TexCoords left="0" right="0.484375" top="0" bottom="1.0"/>
	    </Texture>
	    <Texture name="$parentBottom" file="Interface\PaperDollInfoFrame\UI-Character-ScrollBar" hidden="true">
	      <Size>
		<AbsDimension x="28" y="107"/>
	      </Size>
	      <Anchors>
		<Anchor point="BOTTOMLEFT" relativePoint="BOTTOMRIGHT">
		  <Offset>
		    <AbsDimension x="0" y="-3"/>
		  </Offset>
		</Anchor>
	      </Anchors>
	      <TexCoords left="0.515625" right="1.0" top="0" bottom="0.4140625"/>
	    </Texture>
	  </Layer>
	  <Layer level="BACKGROUND">
	    <Texture name="$parentMiddle" hidden="true">
	      <Size>
		<AbsDimension x="25" y="365"/>
	      </Size>
	      <Anchors>
		<Anchor point="TOPRIGHT" relativeTo="$parentTop"/>
	      </Anchors>
	      <Color r="0" g="0" b="0" a="0.8"/>
	    </Texture>
	  </Layer>
	</Layers>
	<ScrollChild>
	  <Frame name="$parentScrollChild">
	    <Size>
	      <AbsDimension x="10" y="10"/>
	    </Size>
	    <Frames>
	      <SimpleHTML name="$parentPageText">
		<Size>
		  <AbsDimension x="270" y="304"/>
		</Size>
		<Anchors>
		  <Anchor point="TOPLEFT">
		    <Offset>
		      <AbsDimension x="0" y="-15"/>
		    </Offset>
		  </Anchor>
		</Anchors>

		<Scripts>
		  <OnHyperlinkClick>
		    Bookworm_View_Hyperlink(arg1);
		  </OnHyperlinkClick>
		</Scripts>

		<FontString inherits="ItemTextFontNormal"/>
	      </SimpleHTML>
	    </Frames>
	  </Frame>
	</ScrollChild>
      </ScrollFrame>
      <StatusBar name="$parentStatusBar">
	<Size>
	  <AbsDimension x="250" y="21"/>
	</Size>
	<Anchors>
	  <Anchor point="BOTTOM" relativeTo="$parent">
	    <Offset>
	      <AbsDimension x="-5" y="128"/>
	    </Offset>
	  </Anchor>
	</Anchors>
	<Layers>
	  <Layer level="OVERLAY">
	    <Texture file="Interface\PaperDollInfoFrame\UI-Character-Skills-BarBorder">
	      <Size>
		<AbsDimension x="256" y="23"/>
	      </Size>
	      <Anchors>
		<Anchor point="CENTER"/>
	      </Anchors>
	      <TexCoords left="0" right="1.0" top="0.0625" bottom="0.75"/>
	    </Texture>
	  </Layer>
	</Layers>
	<Scripts>
	  <OnLoad>
	    this:SetFrameLevel(this:GetFrameLevel()+1);
	  </OnLoad>
	</Scripts>
	<BarTexture file="Interface\TargetingFrame\UI-TargetingFrame-BarFill"/>
	<BarColor r="0.25" g="0.75" b="0.25"/>
      </StatusBar>
      <Button name="$parentPrevPageButton">
	<Size>
	  <AbsDimension x="32" y="32"/>
	</Size>
	<Anchors>
	  <Anchor point="CENTER" relativePoint="TOPLEFT">
	    <Offset>
	      <AbsDimension x="90" y="-56"/>
	    </Offset>
	  </Anchor>
	</Anchors>
	<Layers>
	  <Layer level="ARTWORK">
	    <FontString inherits="GameFontNormal" justifyH="LEFT" text="PREV">
	      <Anchors>
		<Anchor point="LEFT" relativePoint="RIGHT"/>
	      </Anchors>
	    </FontString>
	  </Layer>
	</Layers>
	<Scripts>
	  <OnClick>
	    PlaySound("igMainMenuOptionCheckBoxOn");
	    Bookworm_View_PrevPage();
	  </OnClick>
	</Scripts>
	<NormalTexture file="Interface\Buttons\UI-SpellbookIcon-PrevPage-Up"/>
	<PushedTexture file="Interface\Buttons\UI-SpellbookIcon-PrevPage-Down"/>
	<DisabledTexture file="Interface\Buttons\UI-SpellbookIcon-PrevPage-Disabled"/>
	<HighlightTexture file="Interface\Buttons\UI-Common-MouseHilight" alphaMode="ADD"/>
      </Button>
      <Button name="$parentNextPageButton">
	<Size>
	  <AbsDimension x="32" y="32"/>
	</Size>
	<Anchors>
	  <Anchor point="CENTER" relativePoint="TOPRIGHT">
	    <Offset>
	      <AbsDimension x="-55" y="-56"/>
	    </Offset>
	  </Anchor>
	</Anchors>
	<Layers>
	  <Layer level="ARTWORK">
	    <FontString inherits="GameFontNormal" justifyH="RIGHT" text="NEXT">
	      <Anchors>
		<Anchor point="RIGHT" relativePoint="LEFT"/>
	      </Anchors>
	    </FontString>
	  </Layer>
	</Layers>
	<Scripts>
	  <OnClick>
	    PlaySound("igMainMenuOptionCheckBoxOn");
	    Bookworm_View_NextPage();
	  </OnClick>
	</Scripts>
	<NormalTexture file="Interface\Buttons\UI-SpellbookIcon-NextPage-Up"/>
	<PushedTexture file="Interface\Buttons\UI-SpellbookIcon-NextPage-Down"/>
	<DisabledTexture file="Interface\Buttons\UI-SpellbookIcon-NextPage-Disabled"/>
	<HighlightTexture file="Interface\Buttons\UI-Common-MouseHilight" alphaMode="ADD"/>
      </Button>
      <Button name="$parentCloseButton">
	<Size>
	  <AbsDimension x="32" y="32"/>
	</Size>
	<Anchors>
	  <Anchor point="CENTER" relativePoint="TOPRIGHT">
	    <Offset>
	      <AbsDimension x="-45" y="-26"/>
	    </Offset>
	  </Anchor>
	</Anchors>
	<Scripts>
	  <OnClick>
	    HideUIPanel(this:GetParent());
	  </OnClick>
	</Scripts>
	<NormalTexture file="Interface\Buttons\UI-Panel-MinimizeButton-Up"/>
	<PushedTexture file="Interface\Buttons\UI-Panel-MinimizeButton-Down"/>
	<HighlightTexture file="Interface\Buttons\UI-Panel-MinimizeButton-Highlight" alphaMode="ADD"/>
      </Button>
    </Frames>
    <Scripts>
      <OnLoad>
	Bookworm_View_OnLoad();
      </OnLoad>
      <OnShow>
	PlaySound("igMainMenuOpen");
	Bookworm_View_OnShow();
      </OnShow>
      <OnHide>
	Bookworm_View_OnHide();
	PlaySound("igMainMenuClose");
      </OnHide>
    </Scripts>
  </Frame>
</Ui>
