<Ui xmlns="http://www.blizzard.com/wow/ui/" xmlns:xsi="http://www.w3.org/2001/XMLSchema-instance" xsi:schemaLocation="http://www.blizzard.com/wow/ui/
..\FrameXML\UI.xsd">
    <Include file="Libs\AceLibrary\AceLibrary.lua"/>
    <Include file="Libs\AceOO-2.0\AceOO-2.0.lua"/>
    <Include file="Libs\AceDB-2.0\AceDB-2.0.lua"/>
    <Include file="Libs\AceConsole-2.0\AceConsole-2.0.lua"/>
    <Include file="Libs\AceHook-2.1\AceHook-2.1.lua"/>
    <Include file="Libs\AceEvent-2.0\AceEvent-2.0.lua"/>
	<Include file="Libs\AceLocale-2.2\AceLocale-2.2.lua"/>

    <Include file="Libs\Dewdrop-2.0\Dewdrop-2.0.lua"/>
    <Include file="Libs\Tablet-2.0\Tablet-2.0.lua"/>
    <Include file="Libs\FuBarPlugin-2.0\FuBarPlugin-2.0.lua"/>
    <Include file="Libs\SpecialEvents-Mail-2.0\SpecialEvents-Mail-2.0.lua"/>
</Ui>
