<Ui xmlns="http://www.blizzard.com/wow/ui/" xmlns:xsi="http://www.w3.org/2001/XMLSchema-instance" xsi:schemaLocation="http://www.blizzard.com/wow/ui/
..\FrameXML\UI.xsd">
	<Script file="Localization.lua"/>
	<Script file="TitanDurability.lua"/>
	<GameTooltip name="TPDurTooltip" frameStrata="TOOLTIP" hidden="true" parent="UIParent" inherits="GameTooltipTemplate"/>
	<Frame parent="UIParent">
		<Frames>
			<Button name="TitanPanelDurabilityButton" inherits="TitanPanelComboTemplate" frameStrata="FULLSCREEN" toplevel="true">
				<Scripts>
					<OnLoad>
						TitanPanelDurabilityButton_OnLoad(self);
						TitanPanelButton_OnLoad(self);
					</OnLoad>
					<OnEvent>
						TitanPanelDurabilityButton_OnEvent(self, event, ...);
					</OnEvent>
				</Scripts>
			</Button>
		</Frames>
	</Frame>
</Ui>