<Ui xmlns="http://www.blizzard.com/wow/ui/"
	xmlns:xsi="http://www.w3.org/2001/XMLSchema-instance"
	xsi:schemaLocation="http://www.blizzard.com/wow/ui/FrameXML/UI.xsd">

	<!-- Event Frame -->
	<Frame name="DHUD_EventFrame" parent="UIParent">
		<Scripts>
			<OnLoad>
				DHUD:OnLoad();
			</OnLoad>
			<OnEvent>
			    DHUD:OnEvent(event, arg1, arg2, arg3);
			</OnEvent>
			<OnUpdate>
                DHUD:OnUpdate();
			</OnUpdate>
		</Scripts>
	</Frame>

    <!-- Target Dropdown -->
    <Frame name="DHUD_Target_DropDown" inherits="UIDropDownMenuTemplate" id="1" hidden="false">
        <Size>
            <AbsDimension x="160" y="160"/>
        </Size>
        <Anchors>
            <Anchor point="TOP">
                <Offset>
                    <AbsDimension x="0" y="0"/>
                </Offset>
            </Anchor>
        </Anchors>
        <Scripts>
            <OnLoad>
                UIDropDownMenu_Initialize(this, DHUD_Target_DropDown_Initialize, "MENU");
            </OnLoad>
        </Scripts>
    </Frame>
    
    <!-- Player Dropdown -->
    <Frame name="DHUD_Player_DropDown" inherits="UIDropDownMenuTemplate" id="2" hidden="false">
        <Size>
            <AbsDimension x="160" y="160"/>
        </Size>
        <Anchors>
            <Anchor point="TOP">
                <Offset>
                    <AbsDimension x="0" y="0"/>
                </Offset>
            </Anchor>
        </Anchors>
        <Scripts>
            <OnLoad>
                UIDropDownMenu_Initialize(this, DHUD_Player_DropDown_Initialize, "MENU");
            </OnLoad>
        </Scripts>
    </Frame>	
</Ui>