<Ui xmlns="http://www.blizzard.com/wow/ui/" xmlns:xsi="http://www.w3.org/2001/XMLSchema-instance" xsi:schemaLocation="http://www.blizzard.com/wow/ui/
..\FrameXML\UI.xsd">
	<Script file="AceGUI-3.0.lua"/>
	<Script file="widgets\AceGUIWidget-Button.lua"/>
	<Script file="widgets\AceGUIWidget-CheckBox.lua"/>
	<Script file="widgets\AceGUIWidget-ColorPicker.lua"/>
	<Script file="widgets\AceGUIWidget-DropDownGroup.lua"/>
	<Script file="widgets\AceGUIWidget-DropDown.lua"/>
	<Script file="widgets\AceGUIWidget-EditBox.lua"/>
	<Script file="widgets\AceGUIWidget-Frame.lua"/>
	<Script file="widgets\AceGUIWidget-Heading.lua"/>	
	<Script file="widgets\AceGUIWidget-InlineGroup.lua"/>	
	<Script file="widgets\AceGUIWidget-Keybinding.lua"/>	
	<Script file="widgets\AceGUIWidget-ScrollFrame.lua"/>
	<Script file="widgets\AceGUIWidget-SimpleGroup.lua"/>	
	<Script file="widgets\AceGUIWidget-Slider.lua"/>	
	<Script file="widgets\AceGUIWidget-TabGroup.lua"/>	
	<Script file="widgets\AceGUIWidget-TreeGroup.lua"/>
	<Script file="widgets\AceGUIWidget-Label.lua"/>
</Ui>