<Ui xmlns="http://www.blizzard.com/wow/ui/" xmlns:xsi="http://www.w3.org/2001/XMLSchema-instance" xsi:schemaLocation="http://www.blizzard.com/wow/ui/
C:\Projects\WoW\Bin\Interface\FrameXML\UI.xsd">

	<!-- MacaroonProfiles, a World of Warcraft® user interface addon. -->
	<!-- Copyright© 2009 Connor H. Chenoweth, aka Maul - All rights reserved. -->
	<!-- License is given to copy, distribute and to make derivative works. -->
	
	<Frame name="$parentProfiles" parent="MacaroonProfileManager">
		<Anchors>
			<Anchor point="TOPLEFT">
				<Offset x="10" y="-100"/>
			</Anchor>
			<Anchor point="BOTTOMRIGHT">
				<Offset x="-10" y="90"/>
			</Anchor>
		</Anchors>
		<Backdrop bgFile="Interface\ItemTextFrame\ItemText-Stone-TopLeft" edgeFile="Interface\Tooltips\UI-Tooltip-Border" tile="true">
			<EdgeSize>
				<AbsValue val="16"/>
			</EdgeSize>
			<TileSize>
				<AbsValue val="16"/>
			</TileSize>
			<BackgroundInsets>
				<AbsInset left="5" right="5" top="5" bottom="5"/>
			</BackgroundInsets>
		</Backdrop>
		<Frames>
			<ScrollFrame name="$parentScrollFrame" inherits="MacaroonScrollFrameTemplate1">
				<Anchors>
					<Anchor point="TOPLEFT">
						<Offset x="5" y="-15"/>
					</Anchor>
					<Anchor point="BOTTOMRIGHT">
						<Offset x="-5" y="15"/>
					</Anchor>
				</Anchors>
				<ScrollChild>
					<Frame name="$parentScrollChildFrame">
						<Anchors>
							<Anchor point="TOPLEFT">
								<Offset x="5" y="-5"/>
							</Anchor>
							<Anchor point="BOTTOMRIGHT">
								<Offset x="-5" y="5"/>
							</Anchor>
						</Anchors>
					</Frame>
					<Scripts>
						<OnShow>
							--self:SetValue(0)
						</OnShow>
					</Scripts>
				</ScrollChild>
				<Scripts>
					<OnLoad>
						Macaroon.ProfilesScrollFrame_OnLoad(self)
					</OnLoad>
					<OnShow>						
						Macaroon.ProfilesScrollFrameUpdate()						
					</OnShow>
					<OnVerticalScroll>
						FauxScrollFrame_OnVerticalScroll(self, offset, 2, Macaroon.ProfilesScrollFrameUpdate)
					</OnVerticalScroll>
				</Scripts>
			</ScrollFrame>
		</Frames>
		<Scripts>
			<OnLoad>
				self:SetBackdropBorderColor(0.5, 0.5, 0.5)
				self:SetBackdropColor(0,0,0,0.7)
				self:SetFrameLevel(self:GetParent():GetFrameLevel())
				self.elapsed = 0
			</OnLoad>
			<OnShow>
				self.elapsed = 0				
			</OnShow>
			<OnUpdate>
				self.elapsed = self.elapsed + elapsed
				
				if (self.elapsed &gt; 0.25) then
					Macaroon.ProfilesScrollFrameUpdate()
					self.elapsed = 0
					self:SetScript("OnUpdate", nil)
				end
			</OnUpdate>
		</Scripts>
	</Frame>

	<Frame name="$parentOptions" parent="MacaroonProfileManager">
		<Anchors>
			<Anchor point="TOPLEFT">
				<Offset x="10" y="-10"/>
			</Anchor>
			<Anchor point="BOTTOMRIGHT" relativeTo="$parentProfiles" relativePoint="TOPRIGHT">
				<Offset x="0" y="5"/>
			</Anchor>
		</Anchors>
		<Backdrop bgFile="Interface\Tooltips\UI-Tooltip-Background" edgeFile="Interface\Tooltips\UI-Tooltip-Border" tile="true">
			<EdgeSize>
				<AbsValue val="16"/>
			</EdgeSize>
			<TileSize>
				<AbsValue val="16"/>
			</TileSize>
			<BackgroundInsets>
				<AbsInset left="5" right="5" top="5" bottom="5"/>
			</BackgroundInsets>
		</Backdrop>
		<Frames>
			<EditBox name="$parentNameEdit" inherits="MacaroonEditBoxTemplate2">
				<Size x="195" y="22"/>
				<Anchors>
					<Anchor point="TOPLEFT">
						<Offset x="5" y="-7"/>
					</Anchor>
				</Anchors>
				<Scripts>
					<OnShow>
						self.text:ClearAllPoints()
						self.text:SetPoint("CENTER")
						self:SetJustifyH("CENTER")
						self.text:SetText(MACAROONPROFILES_STRINGS.NAME_EDIT)
					</OnShow>
					<OnHide>
						self:SetText("")
					</OnHide>
					<OnEditFocusGained>
						self.text:SetText("")
					</OnEditFocusGained>
					<OnEditFocusLost>
						if (strlen(self:GetText()) &lt; 1) then
							self.text:SetText(MACAROONPROFILES_STRINGS.NAME_EDIT)
						end
					</OnEditFocusLost>
				</Scripts>
			</EditBox>
			<Frame name="$parentNote">
				<Size x="195" y="48"/>
				<Anchors>
					<Anchor point="TOPLEFT">
						<Offset x="5" y="-30"/>
					</Anchor>
				</Anchors>
				<Backdrop bgFile="Interface\Tooltips\UI-Tooltip-Background" edgeFile="Interface\Tooltips\UI-Tooltip-Border" tile="true">
					<EdgeSize>
						<AbsValue val="16"/>
					</EdgeSize>
					<TileSize>
						<AbsValue val="16"/>
					</TileSize>
					<BackgroundInsets>
						<AbsInset left="5" right="5" top="5" bottom="5"/>
					</BackgroundInsets>
				</Backdrop>
				<Frames>
					<EditBox name="$parentEdit" multiLine="true" letters="70" historyLines="0" numeric="false" autoFocus="false" nonspacewrap="true">
						<Size x="195" y="48"/>
						<Anchors>
							<Anchor point="TOPLEFT">
								<Offset x="5" y="-5"/>
							</Anchor>
							<Anchor point="BOTTOMRIGHT">
								<Offset x="-5" y="5"/>
							</Anchor>
						</Anchors>
						<Layers>
							<Layer level="ARTWORK">
								<FontString name="$parentText" inherits="GameFontNormalSmall" nonspacewrap="true">
									<Anchors>
										<Anchor point="CENTER"/>
									</Anchors>
								</FontString>
							</Layer>
						</Layers>
						<Scripts>
							<OnLoad>
								self.text = _G[self:GetName().."Text"]
							</OnLoad>
							<OnShow>
								self.text:SetText(MACAROONPROFILES_STRINGS.NOTE_EDIT)
							</OnShow>
							<OnHide>
								self:SetText("")
							</OnHide>
							<OnTabPressed>
								self:ClearFocus()
							</OnTabPressed>
							<OnEscapePressed>
								self:ClearFocus()
							</OnEscapePressed>
							<OnEditFocusGained>
								self.text:SetText("")
							</OnEditFocusGained>
							<OnEditFocusLost>
								if (strlen(self:GetText()) &lt; 1) then
									self.text:SetText(MACAROONPROFILES_STRINGS.NOTE_EDIT)
								end
							</OnEditFocusLost>
						</Scripts>
						<FontString name="$parentFont" justifyH="LEFT" inherits="GameFontHighlightSmall"/>
					</EditBox>
				</Frames>
				<Scripts>
					<OnLoad>
						self:SetBackdropBorderColor(0.5, 0.5, 0.5)
						self:SetBackdropColor(0,0,0,0.5)
						self:SetFrameLevel(self:GetParent():GetFrameLevel())
					</OnLoad>
				</Scripts>
			</Frame>
			<Button name="$parentSave" inherits="MacaroonButtonTemplate1">
				<Size x="55" y="22"/>
				<Anchors>
					<Anchor point="LEFT" relativeTo="$parentNameEdit" relativePoint="RIGHT">
						<Offset x="7" y="0"/>
					</Anchor>
				</Anchors>
				<Scripts>
					<OnLoad>
						_G[self:GetName().."Text"]:SetText(MACAROONPROFILES_STRINGS.SAVE)
						self.namedit = _G[self:GetParent():GetName().."NameEdit"]
					</OnLoad>
					<OnClick>
						Macaroon.SaveProfile(self.namedit:GetText())
					</OnClick>
				</Scripts>
			</Button>
			<Button name="$parentLoad" inherits="MacaroonButtonTemplate1">
				<Size x="55" y="22"/>
				<Anchors>
					<Anchor point="LEFT" relativeTo="$parentSave" relativePoint="RIGHT">
						<Offset x="7" y="0"/>
					</Anchor>
				</Anchors>
				<Scripts>
					<OnLoad>
						_G[self:GetName().."Text"]:SetText(MACAROONPROFILES_STRINGS.LOAD)
						self.namedit = _G[self:GetParent():GetName().."NameEdit"]
					</OnLoad>
					<OnClick>
						Macaroon.LoadProfile(self.namedit:GetText())
					</OnClick>
				</Scripts>
			</Button>
			<Button name="$parentDelete" inherits="MacaroonButtonTemplate1">
				<Size x="55" y="22"/>
				<Anchors>
					<Anchor point="LEFT" relativeTo="$parentLoad" relativePoint="RIGHT">
						<Offset x="7" y="0"/>
					</Anchor>
				</Anchors>
				<Scripts>
					<OnLoad>
						_G[self:GetName().."Text"]:SetText(MACAROONPROFILES_STRINGS.DELETE)
						self.namedit = _G[self:GetParent():GetName().."NameEdit"]
					</OnLoad>
					<OnClick>
						Macaroon.DeleteProfile(self.namedit:GetText())
					</OnClick>
				</Scripts>
			</Button>
			<CheckButton name="$parentLayout" inherits="MacaroonOptionCBTemplate">
				<Anchors>
					<Anchor point="TOPLEFT" relativeTo="$parentSave" relativePoint="BOTTOMLEFT">
						<Offset x="-5" y="-6"/>
					</Anchor>
				</Anchors>	
				<Scripts>
					<OnLoad>
						self.text = _G[self:GetName().."Text"]
						self.text:SetText(MACAROONPROFILES_STRINGS.LAYOUT)
					</OnLoad>
					<OnClick>
						
					</OnClick>
					<OnShow>
						
					</OnShow>
				</Scripts>				
			</CheckButton>
			<CheckButton name="$parentSettings" inherits="MacaroonOptionCBTemplate">
				<Anchors>
					<Anchor point="LEFT" relativeTo="$parentLayout" relativePoint="RIGHT">
						<Offset x="78" y="0"/>
					</Anchor>
				</Anchors>
				<Scripts>
					<OnLoad>
						self.text = _G[self:GetName().."Text"]
						self.text:SetText(MACAROONPROFILES_STRINGS.SETTINGS)
					</OnLoad>
					<OnClick>
						
					</OnClick>
					<OnShow>
						
					</OnShow>
				</Scripts>								
			</CheckButton>						
			<CheckButton name="$parentButtons" inherits="MacaroonOptionCBTemplate">
				<Anchors>
					<Anchor point="TOPLEFT" relativeTo="$parentLayout" relativePoint="BOTTOMLEFT">
						<Offset x="0" y="-3"/>
					</Anchor>
				</Anchors>
				<Scripts>
					<OnLoad>
						self.text = _G[self:GetName().."Text"]
						self.text:SetText(MACAROONPROFILES_STRINGS.BUTTONS)
					</OnLoad>
					<OnClick>
						
					</OnClick>
					<OnShow>
						
					</OnShow>
				</Scripts>								
			</CheckButton>			
			<CheckButton name="$parentButtonData" inherits="MacaroonOptionCBTemplate">
				<Anchors>
					<Anchor point="LEFT" relativeTo="$parentButtons" relativePoint="RIGHT">
						<Offset x="78" y="0"/>
					</Anchor>
				</Anchors>
				<Scripts>
					<OnLoad>
						self.text = _G[self:GetName().."Text"]
						self.text:SetText(MACAROONPROFILES_STRINGS.BUTTONDATA)
					</OnLoad>
					<OnClick>
						
					</OnClick>
					<OnShow>
						
					</OnShow>
				</Scripts>								
			</CheckButton>						
		</Frames>
		<Scripts>
			<OnLoad>
				self:SetBackdropBorderColor(0.5, 0.5, 0.5)
				self:SetBackdropColor(0,0,0,0.5)
				self:SetFrameLevel(self:GetParent():GetFrameLevel())
			</OnLoad>		
		</Scripts>
	</Frame>
		
	<Frame name="$parentSpecs" parent="MacaroonProfileManager">
		<Anchors>
			<Anchor point="TOPLEFT" relativeTo="$parentProfiles" relativePoint="BOTTOMLEFT">
				<Offset x="0" y="-5"/>
			</Anchor>
			<Anchor point="BOTTOMRIGHT">
				<Offset x="-10" y="10"/>
			</Anchor>			
		</Anchors>
		<Backdrop bgFile="Interface\Tooltips\UI-Tooltip-Background" edgeFile="Interface\Tooltips\UI-Tooltip-Border" tile="true">
			<EdgeSize>
				<AbsValue val="16"/>
			</EdgeSize>
			<TileSize>
				<AbsValue val="16"/>
			</TileSize>
			<BackgroundInsets>
				<AbsInset left="5" right="5" top="5" bottom="5"/>
			</BackgroundInsets>
		</Backdrop>
		<Frames>
			<CheckButton name="$parentUseProfiles" inherits="MacaroonOptionCBTemplate">
				<Anchors>
					<Anchor point="TOPLEFT">
						<Offset x="7" y="-7"/>
					</Anchor>
				</Anchors>	
				<Scripts>
					<OnLoad>
						self.text = _G[self:GetName().."Text"]
						self.text:SetText(MACAROONPROFILES_STRINGS.USEPROFILES)
					</OnLoad>
					<OnClick>
						if (self:GetChecked()) then
							MacaroonSpecProfiles.enabled = true
						else
							MacaroonSpecProfiles.enabled = false
						end
					</OnClick>
					<OnShow>
						self:SetChecked(MacaroonSpecProfiles.enabled)
						
						if (not GetNumTalentGroups) then
							self:Disable()
							self.text:SetTextColor(0.5,0.5,0.5)
						elseif (GetNumTalentGroups and GetNumTalentGroups() &lt; 2) then
							self:Disable()
							self.text:SetTextColor(0.5,0.5,0.5)
						else
							self:Enable()
							self.text:SetTextColor(1,0.82,0)
						end						
					</OnShow>
				</Scripts>				
			</CheckButton>		
			<EditBox name="$parentPrimary" inherits="MacaroonEditBoxTemplate2">
				<Size x="190" y="22"/>
				<Anchors>
					<Anchor point="BOTTOMLEFT">
						<Offset x="5" y="7"/>
					</Anchor>
				</Anchors>
				<Scripts>
					<OnShow>
						self.text:ClearAllPoints()
						self.text:SetPoint("BOTTOM", self, "TOP", 0, 2)
						self.text:SetText(MACAROONPROFILES_STRINGS.SPEC1_EDIT)						
						
						self:SetJustifyH("CENTER")
						self:SetText(MacaroonSpecProfiles[1])
						self:SetCursorPosition(0)
					</OnShow>
					<OnTextChanged>					
						local name = self:GetText()
						
						self:SetTextColor(1,1,1)
						
						if (MacaroonProfiles[name]) then
							MacaroonSpecProfiles[1] = name
						else
							self:SetTextColor(1,0,0)
						end							
					</OnTextChanged>
					<OnEditFocusLost>
						self:HighlightText(0, 0)
						self:GetParent().currFocus = nil
					</OnEditFocusLost>
					<OnEditFocusGained>
						self:HighlightText()
						self:GetParent().currFocus = self
					</OnEditFocusGained>
				</Scripts>
			</EditBox>
			<EditBox name="$parentSecondary" inherits="MacaroonEditBoxTemplate2">
				<Size x="190" y="22"/>
				<Anchors>
					<Anchor point="BOTTOMRIGHT">
						<Offset x="-5" y="7"/>
					</Anchor>
				</Anchors>
				<Scripts>
					<OnShow>
						self.text:ClearAllPoints()
						self.text:SetPoint("BOTTOM", self, "TOP", 0, 2)						
						self.text:SetText(MACAROONPROFILES_STRINGS.SPEC2_EDIT)						
						
						self:SetJustifyH("CENTER")
						self:SetText(MacaroonSpecProfiles[2])
						self:SetCursorPosition(0)
					</OnShow>
					<OnTextChanged>					
						local name = self:GetText()
						
						self:SetTextColor(1,1,1)
						
						if (MacaroonProfiles[name]) then
							MacaroonSpecProfiles[2] = name
						else
							self:SetTextColor(1,0,0)
						end							
					</OnTextChanged>
					<OnEditFocusLost>
						self:HighlightText(0, 0)
						self:GetParent().currFocus = nil
					</OnEditFocusLost>
					<OnEditFocusGained>
						self:HighlightText()
						self:GetParent().currFocus = self
					</OnEditFocusGained>					
				</Scripts>
			</EditBox>
		
		</Frames>
		<Scripts>
			<OnLoad>
				self:SetBackdropBorderColor(0.5, 0.5, 0.5)
				self:SetBackdropColor(0,0,0,0.5)
				self:SetFrameLevel(self:GetParent():GetFrameLevel())
			</OnLoad>
		</Scripts>
	</Frame>
</Ui>