<Ui xmlns="http://www.blizzard.com/wow/ui/"
 xmlns:xsi="http://www.w3.org/2001/XMLSchema-instance"
 xsi:schemaLocation="http://www.blizzard.com/wow/ui/ ..\FrameXML\UI.xsd">
	<Script file="TitanRaidDifficulty.lua"/>	
	<Frame parent="UIParent">
		<Frames>
			<Button name="TitanPanelRaidDifficultyButton" inherits="TitanPanelComboTemplate" frameStrata="FULLSCREEN" toplevel="true">
				<Scripts>
					<OnLoad>
						TitanPanelRaidDifficultyButton_OnLoad(self);
						TitanPanelButton_OnLoad(self);
					</OnLoad>
					<OnClick>
						TitanPanelRaidDifficultyButton_OnClick(self, button);
						TitanPanelButton_OnClick(self, button);
					</OnClick>
					<OnEvent>
						TitanPanelRaidDifficultyButton_OnEvent(self, event, ...);
					</OnEvent>
					<OnEnter>
						TitanPanelRaidDifficultyButton_OnEnter();
						TitanPanelButton_OnEnter(self);
					</OnEnter>
				</Scripts>
			</Button>
		</Frames>
	</Frame>
</Ui>