<Ui xmlns="http://www.blizzard.com/wow/ui/" xmlns:xsi="http://www.w3.org/2001/XMLSchema-instance" xsi:schemaLocation="http://www.blizzard.com/wow/ui/ ..\FrameXML\UI.xsd">
	<Script file="GoGoMountData.lua"/>
	<Script file="localization.lua"/>
	<Script file="GoGoMount.lua"/>
	<Frame name="GoGoFrame">
		<Scripts>
			<OnLoad>
				GoGo_OnLoad();
			</OnLoad>
			<OnEvent>
				GoGo_OnEvent(event);
			</OnEvent>
		</Scripts>
	</Frame>
	<Button name="GoGoButton" inherits="SecureActionButtonTemplate" parent="UIParent" frameStrata="LOW" hidden="false">
		<Attributes>
			<Attribute name="type" type="string" value="macro"/>
		</Attributes>
		<Scripts>
			<PreClick>
				if GoGo_Variables.Debug then GoGo_DebugAddLine("BUTTON: Button 1 pressed.") end --if
				GoGo_Variables.SelectPassengerMount = false
				GoGo_Variables.SkipFlyingMount = nil
				GoGo_PreClick(this)
			</PreClick>
		</Scripts>    
	</Button>
	<Button name="GoGoButton2" inherits="SecureActionButtonTemplate" parent="UIParent" frameStrata="LOW" hidden="false">
		<Attributes>
			<Attribute name="type" type="string" value="macro"/>
		</Attributes>
		<Scripts>
			<PreClick>
				if GoGo_Variables.Debug then GoGo_DebugAddLine("BUTTON: Button 2 pressed.") end --if
				GoGo_Variables.SelectPassengerMount = false
				GoGo_Variables.SkipFlyingMount = true
				GoGo_PreClick(this)
			</PreClick>
		</Scripts>    
	</Button>
	<Button name="GoGoButton3" inherits="SecureActionButtonTemplate" parent="UIParent" frameStrata="LOW" hidden="false">
		<Attributes>
			<Attribute name="type" type="string" value="macro"/>
		</Attributes>
		<Scripts>
			<PreClick>
				if GoGo_Variables.Debug then GoGo_DebugAddLine("BUTTON: Button 3 pressed.") end --if
				GoGo_Variables.SelectPassengerMount = true
				GoGo_Variables.SkipFlyingMount = false
				GoGo_PreClick(this)
			</PreClick>
		</Scripts>    
	</Button>

	<Frame name="GoGo_Panel">
		<Scripts>
			<OnLoad>
				GoGo_Panel_OnLoad(self);
			</OnLoad>
		</Scripts>
	</Frame>

	<Button name = "GoGo_Favorite_Button" virtual="true">
		<Size>
			<AbsDimension x="150" y="16" />
		</Size>
		<NormalFont style="GameFontHighlightLeft"/>
	</Button>
<!--
	<Frame name="GoGo_Panel_CurrentZoneFavorites">
		<Scripts>
			<OnLoad>
				GoGo_Panel_CurrentZoneFavorites_OnLoad(self);
			</OnLoad>
			<OnShow>
			</OnShow>
		</Scripts>
	</Frame>

	<Frame name="GoGo_Panel_GlobalFavorites" enableMouse="true" movable="false">
		<Scripts>
			<OnLoad>
				GoGo_Panel_GlobalFavorites_OnLoad(self);
			</OnLoad>
		</Scripts>
	</Frame>
-->
</Ui>