<Ui xmlns="http://www.blizzard.com/wow/ui/" xmlns:xsi="http://www.w3.org/2001/XMLSchema-instance"
	xsi:schemaLocation="http://www.blizzard.com/wow/ui/ ..\FrameXML\UI.xsd">
  <!-- Events Frame -->
<Script file="localization.lua"/>
<Script file="Rebuilt.lua"/>
  <Frame name="Rebuilt">
    <Scripts>
      <OnLoad function="Rebuilt_OnLoad"/>
      <OnEvent function="Rebuilt_OnEvent"/>
    </Scripts>
  </Frame>
  <!-- Minimap Icon -->
  <Button name="Rebuilt_MiniMapIcon" parent="UIParent" movable="true" enablemouse="true" toplevel="true" alpha="1"
          NormalTexture="Interface\\Addons\\Rebuilt\\Textures\\MinimapIcon" PushedTexture="Interface\\Addons\\Rebuilt\\Textures\\MinimapIconPused">
    <Size>
      <AbsDimension x="24" y="24"/>
    </Size>
    <Anchors>
      <Anchor point="CENTER" relativePoint="CENTER"/>
    </Anchors>
    <Frames>
      <!--Tooltip-->
      <Frame name="Rebuilt_Tooltip" enablemouse="true" movable="true" hidden="true" frameStrata="TOP">
        <Size>
          <AbsDimension x="175" y="62"/>
        </Size>
        <Anchors>
          <Anchor point="TOPLEFT" relativePoint="BOTTOMRIGHT" relativeTo="$parent"/>
        </Anchors>
        <Backdrop bgFile="Interface/Tooltips/UI-Tooltip-Background" edgeFile="Interface/Tooltips/UI-Tooltip-Border" tile="true">
          <EdgeSize>
            <AbsValue val="16"/>
          </EdgeSize>
          <TileSize>
            <AbsValue val="16"/>
          </TileSize>
          <BackgroundInsets>
            <AbsInset left="4" right="4" top="4" bottom="4"/>
          </BackgroundInsets>
        </Backdrop>
        <Layers>
          <Layer level="OVERLAY">
            <!--Title-->
            <FontString name="$parentTitle" inherits="GameFontNormal" text="Rebuilt_Version">
              <Anchors>
                <Anchor point="TOP" relativeTo="$parent">
                  <Offset>
                    <AbsDimension x="0" y="-10"/>
                  </Offset>
                </Anchor>
              </Anchors>
            </FontString>
            <FontString name="$parentRight" inherits="GameFontNormal" text="RightClick:">
              <Color r="1" g="1" b="1" a="1"/>
              <Anchors>
                <Anchor point="TOPLEFT" relativeTo="$parent">
                  <Offset>
                    <AbsDimension x="10" y="-25"/>
                  </Offset>
                </Anchor>
              </Anchors>
            </FontString>
            <FontString name="$parentLeft" inherits="GameFontNormal" text="LeftClick:">
              <Color r="1" g="1" b="1" a="1"/>
              <Anchors>
                <Anchor point="TOPLEFT" relativeTo="$parent">
                  <Offset>
                    <AbsDimension x="10" y="-40"/>
                  </Offset>
                </Anchor>
              </Anchors>
            </FontString>
            <FontString name="$parentRightAction" inherits="GameFontNormal" text="Lock/Unlock">
              <Color r=".5" g=".5" b="1" a="1"/>
              <Anchors>
                <Anchor point="TOPLEFT" relativeTo="$parent">
                  <Offset>
                    <AbsDimension x="80" y="-25"/>
                  </Offset>
                </Anchor>
              </Anchors>
            </FontString>
            <FontString name="$parentLeftAction" inherits="GameFontNormal" text="Options Menu">
              <Color r=".5" g=".5" b="1" a="1"/>
              <Anchors>
                <Anchor point="TOPLEFT" relativeTo="$parent">
                  <Offset>
                    <AbsDimension x="72" y="-40"/>
                  </Offset>
                </Anchor>
              </Anchors>
            </FontString>
          </Layer>
        </Layers>
        <Scripts>
          <OnLoad>
            Rebuilt_Tooltip:ClearAllPoints()
            Rebuilt_Tooltip:SetPoint("BOTTOMRIGHT", "$parent", "TOPLEFT", 0,0)
            Rebuilt_Tooltip:SetClampedToScreen(true)
          </OnLoad>
          <OnMouseDown>
            Rebuilt_Tooltip:StartMoving()
          </OnMouseDown>
          <OnMouseUp>
            Rebuilt_Tooltip:StopMovingOrSizing()
          </OnMouseUp>
          <OnDragStop>
            Rebuilt_Tooltip:StopMovingOrSizing()
          </OnDragStop>
        </Scripts>
      </Frame> 
    </Frames>
    <Scripts>
      <OnLoad>
        if not(UnitClass("player") == "Death Knight") then Rebuilt_MiniMapIcon:Hide() end
        Rebuilt_MiniMapIcon:RegisterForClicks("LeftButtonUp", "RightButtonUp")
        Rebuilt_MiniMapIcon:SetNormalTexture("Interface\\Addons\\Rebuilt\\Textures\\MinimapIcon")
        Rebuilt_MiniMapIcon:SetPushedTexture("Interface\\Addons\\Rebuilt\\Textures\\MinimapIconPushed")
        Rebuilt_Tooltip:SetBackdropColor(0,0,0,.8)
      </OnLoad>
      <OnMouseDown function="Rebuilt_IconDown"/>
      <OnClick function="Rebuilt_IconClick"/>
      <OnMouseUp function="Rebuilt_IconUp"/>
      <OnDragStop>
        Rebuilt_MiniMapIcon:StopMovingOrSizing()
        Rebuilt_Tooltip:StopMovingOrSizing()
      </OnDragStop>
      <OnEnter>
        if Rebuilt_Options:IsShown() == nil then Rebuilt_Tooltip:Show()end
      </OnEnter>
      <OnLeave>
        Rebuilt_Tooltip:Hide()
      </OnLeave>
    </Scripts>
  </Button>
  
  <!--Main Display-->
  <Frame name="Rebuilt_Display" parent="UIParent" movable ="true" enablemouse="true" hidden="false" frameStrata="BACKGROUND">
    <Size>
      <AbsDimension x="256" y="160"/>
    </Size>
    <Anchors>
      <Anchor point="CENTER" relativePoint="CENTER" relativeTo="$parent"/>
      <Offset>
        <AbsDimension x="0" y="-125"/>
      </Offset>
    </Anchors>
    <Backdrop bgFile="Interface/Tooltips/UI-Tooltip-Background" tile="true">
      <TileSize>
        <AbsValue val="32"/>
      </TileSize>
    </Backdrop>
    <Layers>
      <Layer level="ARTWORK">
        <Texture name="$parentPresenceTexture" file="">
          <Size>
            <AbsDimension x="256" y="256"/>
          </Size>
          <Anchors>
            <Anchor point="CENTER" relativeTo="$parent" relativePoint="CENTER">
              <Offset>
                <AbsDimension x="0" y="0"/>
              </Offset>
            </Anchor>
          </Anchors>
        </Texture>
        <!--Title-->
        <FontString name="$parentDragMod" inherits="GameFontNormal" text="Drag Me! (Left Click + Drag to move Icons, Middle Mouse to Show/Hide)" hidden="false">
          <Size>
            <AbsDimension x="256" y="26"/>
          </Size>
          <Anchors>
            <Anchor point="BOTTOM" relativePoint="BOTTOM" relativeTo="$parent">
              <Offset>
                <AbsDimension x="0" y="5"/>
              </Offset>
            </Anchor>
          </Anchors>
          <Script>
            <OnLoad>
              this:SetPoint("BOTTOMRIGHT", "$parent", "BOTTOMRIGHT", -5,5)
            </OnLoad>
          </Script>
        </FontString>
        <FontString name="$parentDrag" inherits="GameFontNormal" text="Rebuilt_Version" hidden="false">
          <Color r=".5" g=".5" b="1" a="1"/>
          <Anchors>
            <Anchor point="BOTTOM" relativePoint="TOP" relativeTo="$parentDragMod"/>
          </Anchors>
        </FontString>
      </Layer>
    </Layers>

    <Frames>
      <!--Next Spell-->
      <Frame name="Rebuilt_NextSpell" movable="true" enablemouse="false" hidden="false" frameStrata="BACKGROUND" alpha="1">
        <Size>
          <AbsDimension x="72" y="72"/>
        </Size>
        <Anchors>
          <Anchor point="CENTER" relativePoint="CENTER" relativeTo="$parent"/>
        </Anchors>
        <Layers>
          <Layer level ="BACKGROUND">
            <Texture name="$parentTexture" file="">
              <Size>
                <AbsDimension x="65" y="65"/>
              </Size>
              <Anchors>
                <Anchor point="CENTER" relativeTo="$parent" relativePoint="CENTER">
                  <Offset>
                    <AbsDimension x="0" y="0"/>
                  </Offset>
                </Anchor>
              </Anchors>
            </Texture>
          </Layer>
          <Layer level ="ARTWORK">
            <Texture name="$parentTextureOverlay" file="" hidden="true">
              <Size>
                <AbsDimension x="62" y="62"/>
              </Size>
              <Anchors>
                <Anchor point="CENTER" relativeTo="$parent" relativePoint="CENTER">
                  <Offset>
                    <AbsDimension x="0" y="0"/>
                  </Offset>
                </Anchor>
              </Anchors>
            </Texture>
          </Layer>
        </Layers>
        <Scripts>
          <OnMouseDown>
            if arg1 == "LeftButton" then Rebuilt_NextSpell:StartMoving() end
          </OnMouseDown>
          <OnMouseUp function="Rebuilt_NextSpellMouseUp"/>
          <OnDragStop>
            Rebuilt_NextSpell:StopMovingOrSizing()
          </OnDragStop>
        </Scripts>
      </Frame>
      <Cooldown name ="$parentCooldown" movable ="false" enablemouse="false" hidden="false" frameStrat ="HIGH" alpha="1">
        <Size>
          <AbsDimension x="63" y="63"/>
        </Size>
        <Anchors>
          <Anchor point="CENTER" relativePoint="CENTER" relativeTo="$parent"/>
        </Anchors>
      </Cooldown>
      <!--Horn of Winter-->
      <Frame name="$parentHorn" movable ="true" enablemouse ="false" hidden ="false" frameSrata ="BACKGROUND" alpha="1">
        <Size>
          <AbsDimension x="36" y="36"/>
        </Size>
        <Anchors>
          <Anchor point="CENTER" relativePoint="CENTER" relativeTo="$parent"/>
        </Anchors>
        <Layers>
          <Layer level ="BACKGROUND">
            <Texture name="$parentTexture" file="">
              <Size>
                <AbsDimension x="36" y="36"/>
              </Size>
              <Anchors>
                <Anchor point="CENTER" relativeTo="$parent" relativePoint="CENTER">
                </Anchor>
              </Anchors>
            </Texture>
          </Layer>
          <Layer level ="ARTWORK">
            <Texture name="$parentTextureOverlay" file="" hidden="true">
              <Size>
                <AbsDimension x="33" y="33"/>
              </Size>
              <Anchors>
                <Anchor point="CENTER" relativeTo="$parent" relativePoint="CENTER">
                  <Offset>
                    <AbsDimension x="0" y="0"/>
                  </Offset>
                </Anchor>
              </Anchors>
            </Texture>
          </Layer>
        </Layers>
        <Scripts>
          <OnLoad>
            Rebuilt_DisplayHorn:SetPoint("CENTER", "$parent", "CENTER", - 70,2)
            Rebuilt_DisplayHornTexture:SetTexture("Interface\\Icons\\INV_Misc_Horn_02")
          </OnLoad>
          <OnMouseDown>
            if arg1 == "LeftButton" then Rebuilt_DisplayHorn:StartMoving() end
          </OnMouseDown>
          <OnMouseUp function="Rebuilt_HornMouseUp"/>
          <OnDragStop>
            Rebuilt_DisplayHorn:StopMovingOrSizing()
          </OnDragStop>
        </Scripts>
      </Frame>
      <!--Rune Strike-->
      <Frame name="$parentRune" movable ="true" enablemouse ="false" hidden ="true" frameSrata ="TOP" alpha="1">
        <Size>
          <AbsDimension x="48" y="48"/>
        </Size>
        <Anchors>
          <Anchor point="CENTER" relativePoint="CENTER" relativeTo="$parent"/>
        </Anchors>
        <Layers>
          <Layer level ="BACKGROUND">
            <Texture name="$parentTexture" file="">
              <Size>
                <AbsDimension x="48" y="48"/>
              </Size>
              <Anchors>
                <Anchor point="CENTER" relativeTo="$parent" relativePoint="CENTER">
                </Anchor>
              </Anchors>
            </Texture>
          </Layer>
          <Layer level ="ARTWORK">
            <Texture name="$parentTextureOverlay" file="" hidden="true">
              <Size>
                <AbsDimension x="45" y="45"/>
              </Size>
              <Anchors>
                <Anchor point="CENTER" relativeTo="$parent" relativePoint="CENTER">
                  <Offset>
                    <AbsDimension x="0" y="0"/>
                  </Offset>
                </Anchor>
              </Anchors>
            </Texture>
          </Layer>
        </Layers>
        <Scripts>
          <OnLoad>
            Rebuilt_DisplayRune:SetPoint("CENTER", "$parent", "CENTER",-50, 72)
            Rebuilt_DisplayRuneTexture:SetTexture("Interface\\Icons\\Spell_Deathknight_DarkConviction")
          </OnLoad>
          <OnMouseDown>
            if arg1 == "LeftButton" then Rebuilt_DisplayRune:StartMoving() end
          </OnMouseDown>
          <OnMouseUp function="Rebuilt_RuneMouseUp"/>
          <OnDragStop>
            Rebuilt_DisplayRune:StopMovingOrSizing()
          </OnDragStop>
        </Scripts>
      </Frame>
      <!--Spell Defense-->
      <Frame name="$parentSpellDefense" movable ="true" enablemouse ="false" hidden ="true" frameSrata ="TOP" alpha="1">
        <Size>
          <AbsDimension x="36" y="36"/>
        </Size>
        <Anchors>
          <Anchor point="CENTER" relativePoint="CENTER" relativeTo="$parent"/>
        </Anchors>
        <Layers>
          <Layer level ="BACKGROUND">
            <Texture name="$parentTexture" file="">
              <Size>
                <AbsDimension x="48" y="48"/>
              </Size>
              <Anchors>
                <Anchor point="CENTER" relativeTo="$parent" relativePoint="CENTER">
                </Anchor>
              </Anchors>
            </Texture>
          </Layer>
          <Layer level ="ARTWORK">
            <Texture name="$parentTextureOverlay" file="" hidden="true">
              <Size>
                <AbsDimension x="45" y="45"/>
              </Size>
              <Anchors>
                <Anchor point="CENTER" relativeTo="$parent" relativePoint="CENTER">
                  <Offset>
                    <AbsDimension x="0" y="0"/>
                  </Offset>
                </Anchor>
              </Anchors>
            </Texture>
          </Layer>
        </Layers>
        <Scripts>
          <OnLoad>
            Rebuilt_DisplaySpellDefense:SetPoint("CENTER", "$parent", "CENTER",50, 72)
            Rebuilt_DisplaySpellDefenseTexture:SetTexture("Interface\\Icons\\Spell_DeathKnight_MindFreeze")
          </OnLoad>
          <OnMouseDown>
            if arg1 == "LeftButton" then Rebuilt_DisplaySpellDefense:StartMoving() end
          </OnMouseDown>
          <OnMouseUp function="Rebuilt_SpellDefenseMouseUp"/>
          <OnDragStop>
            Rebuilt_DisplaySpellDefense:StopMovingOrSizing()
          </OnDragStop>
        </Scripts>
      </Frame>
      <!--Usable-->
      <Frame name="$parentUsable" movable ="true" enablemouse ="false" hidden ="true" frameSrata ="BACKGROUND" alpha="1">
        <Size>
          <AbsDimension x="36" y="36"/>
        </Size>
        <Anchors>
          <Anchor point="CENTER" relativePoint="CENTER" relativeTo="$parent"/>
        </Anchors>
        <Layers>
          <Layer level ="BACKGROUND">
            <Texture name="$parentTexture" file="">
              <Size>
                <AbsDimension x="36" y="36"/>
              </Size>
              <Anchors>
                <Anchor point="CENTER" relativeTo="$parent" relativePoint="CENTER">
                </Anchor>
              </Anchors>
            </Texture>
          </Layer>
          <Layer level ="ARTWORK">
            <Texture name="$parentTextureOverlay" file="" hidden="true">
              <Size>
                <AbsDimension x="33" y="33"/>
              </Size>
              <Anchors>
                <Anchor point="CENTER" relativeTo="$parent" relativePoint="CENTER">
                  <Offset>
                    <AbsDimension x="0" y="0"/>
                  </Offset>
                </Anchor>
              </Anchors>
            </Texture>
          </Layer>
        </Layers>
        <Scripts>
          <OnLoad>
            Rebuilt_DisplayUsable:SetPoint("CENTER", "$parent", "CENTER", 70,2)
          </OnLoad>
          <OnMouseDown>
            if arg1 == "LeftButton" then Rebuilt_DisplayUsable:StartMoving() end
          </OnMouseDown>
          <OnMouseUp function="Rebuilt_UsableMouseUp"/>
          <OnDragStop>
            Rebuilt_DisplayUsable:StopMovingOrSizing()
          </OnDragStop>
        </Scripts>
        <Frames>
          <Cooldown name ="$parentCooldown" movable ="false" enablemouse="false" hidden="false" frameStrat ="BACKGROUND" alpha="1">
            <Size>
              <AbsDimension x="34" y="34"/>
            </Size>
            <Anchors>
              <Anchor point="CENTER" relativePoint="CENTER" relativeTo="$parent"/>
            </Anchors>
          </Cooldown>
        </Frames>
      </Frame>
   
    </Frames>
    <Scripts>
      <OnLoad>
        if not(UnitClass("player") == "Death Knight") then Rebuilt_Display:Hide() end
        Rebuilt_Display:SetBackdropColor(0,0,0,.4)
      </OnLoad>
      <OnMouseDown>
        Rebuilt_Display:StartMoving()
      </OnMouseDown>
      <OnMouseUp>
        Rebuilt_Display:StopMovingOrSizing()
      </OnMouseUp>
      <OnDragStop>
        Rebuilt_Display:StopMovingOrSizing()
      </OnDragStop>
    </Scripts>
  </Frame>
  
  <!-- Options Pane -->
  <Frame name="Rebuilt_Options" parent="UIParent" enablemouse="true" movable="true" hidden="true" frameStrata="TOP" toplevel="true">
    <Size>
      <AbsDimension x="285" y="320"/>
    </Size>
    <Anchors>
      <Anchor point="CENTER" relativePoint="CENTER" relativeTo="$parent"/>
      <Offset>
        <AbsDimension x="0" y="50"/>
      </Offset>
    </Anchors>
    <Backdrop bgFile="Interface\TutorialFrame\TutorialFrameBackground" edgeFile="Interface\DialogFrame\UI-DialogBox-Border" tile="true">
      <EdgeSize>
        <AbsValue val="16"/>
      </EdgeSize>
      <TileSize>
        <AbsValue val="32"/>
      </TileSize>
      <BackgroundInsets>
        <AbsInset left="5" right="5" top="5" bottom="5"/>
      </BackgroundInsets>
    </Backdrop>
    <!--Strings-->
    <Layers>
      <Layer level="OVERLAY">
        <!--Title-->
        <FontString name="$parentTitle" inherits="GameFontNormal" text="DK Rebuilt - Options">
          <Anchors>
            <Anchor point="TOP" relativeTo="$parent">
              <Offset>
                <AbsDimension x="0" y="-10"/>
              </Offset>
            </Anchor>
          </Anchors>
        </FontString>
        <FontString name="$parentStringGrip" inherits="GameFontNormal" text="Death Grip on Pulls:">
          <Anchors>
            <Anchor point="TOPLEFT" relativeTo="$parent">
              <Offset>
                <AbsDimension x="20" y="-35"/>
              </Offset>
            </Anchor>
          </Anchors>
        </FontString>
        <!--Spells/Diseases-->
        <FontString name="$parentStringDots" inherits="GameFontNormal" text="Show Spells/Diseases:">
          <Anchors>
            <Anchor point="TOPLEFT" relativeTo="$parent">
              <Offset>
                <AbsDimension x="20" y="-55"/>
              </Offset>
            </Anchor>
          </Anchors>
        </FontString>
        <FontString name="$parentStringSpells" inherits="GameFontNormal" text="Spells">
          <Anchors>
            <Anchor point="TOPLEFT" relativeTo="$parent">
              <Offset>
                <AbsDimension x="60" y="-80"/>
              </Offset>
            </Anchor>
          </Anchors>
        </FontString>
        <FontString name="$parentStringDiseases" inherits="GameFontNormal" text="Diseases">
          <Anchors>
            <Anchor point="TOPLEFT" relativeTo="$parent">
              <Offset>
                <AbsDimension x="60" y="-100"/>
              </Offset>
            </Anchor>
          </Anchors>
        </FontString>
        <!--Presence-->
        <FontString name="$parentStringPresenceTexture" inherits="GameFontNormal" text="Show Presence Texture:">
          <Anchors>
            <Anchor point="TOPLEFT" relativeTo="$parent">
              <Offset>
                <AbsDimension x="20" y="-125"/>
              </Offset>
            </Anchor>
          </Anchors>
        </FontString>
        <!--Icy Touch-->
        <FontString name="$parentStringIcyTitle" inherits="GameFontNormal" text="Use Icy Touch:">
          <Anchors>
            <Anchor point="TOPLEFT" relativeTo="$parent">
              <Offset>
                <AbsDimension x="20" y="-150"/>
              </Offset>
            </Anchor>
          </Anchors>
        </FontString>
        <!--Plague Strike-->
        <FontString name="$parentStringPlagueTitle" inherits="GameFontNormal" text="Use Plague Strike:">
          <Anchors>
            <Anchor point="TOPLEFT" relativeTo="$parent">
              <Offset>
                <AbsDimension x="20" y="-175"/>
              </Offset>
            </Anchor>
          </Anchors>
        </FontString>
        <!-- Raid Mode -->
        <FontString name="$parentStringPresence" inherits="GameFontNormal" text="Raid Mode:">
          <Anchors>
            <Anchor point="TOPLEFT" relativeTo="$parent">
              <Offset>
                <AbsDimension x="20" y="-200"/>
              </Offset>
            </Anchor>
          </Anchors>
        </FontString>
        <!-- Raid Mode -->
        <FontString name="$parentStringRunesFirst" inherits="GameFontNormal" text="Runes First:">
          <Anchors>
            <Anchor point="TOPLEFT" relativeTo="$parent">
              <Offset>
                <AbsDimension x="20" y="-225"/>
              </Offset>
            </Anchor>
          </Anchors>
        </FontString>
        <!-- Scale-->
        <FontString name="$parentStringScale" inherits="GameFontNormal" text="Scale:">
          <Anchors>
            <Anchor point="TOPLEFT" relativeTo="$parent">
              <Offset>
                <AbsDimension x="20" y="-255"/>
              </Offset>
            </Anchor>
          </Anchors>
        </FontString>
      </Layer>
    </Layers>
    
    <Frames>
      <!-- Check Boxes (Death Grip)-->
      <CheckButton name="$parentDeathGrip" inherits="OptionsCheckButtonTemplate" >
        <Anchors>
          <Anchor point="TOPRIGHT" relativeTo="$parent">
            <Offset>
              <AbsDimension x="-20" y="-30"/>
            </Offset>
          </Anchor>
        </Anchors>
        <Scripts>
          <OnClick function="Rebuilt_ToggleDeathGrip"/>
        </Scripts>
      </CheckButton>
      <!--Show Spells-->
      <CheckButton name="$parentCheckSpells" inherits="OptionsCheckButtonTemplate" >
        <Anchors>
          <Anchor point="TOPLEFT" relativeTo="$parent">
            <Offset>
              <AbsDimension x="20" y="-75"/>
            </Offset>
          </Anchor>
        </Anchors>
        <Scripts>
          <OnClick function="Rebuilt_ToggleSpells"/>
        </Scripts>
      </CheckButton>
      <!--Show Diseases-->
      <CheckButton name="$parentCheckDiseases" inherits="OptionsCheckButtonTemplate" >
        <Anchors>
          <Anchor point="TOPLEFT" relativeTo="$parent">
            <Offset>
              <AbsDimension x="20" y="-95"/>
            </Offset>
          </Anchor>
        </Anchors>
        <Scripts>
          <OnClick function="Rebuilt_ToggleDiseases"/>
        </Scripts>
      </CheckButton>
      <!--Show Presence Texture-->
      <CheckButton name="$parentCheckPresence" inherits="OptionsCheckButtonTemplate" >
        <Anchors>
          <Anchor point="TOPRIGHT" relativeTo="$parent">
            <Offset>
              <AbsDimension x="-20" y="-119"/>
            </Offset>
          </Anchor>
        </Anchors>
        <Scripts>
          <OnClick function="Rebuilt_TogglePresence"/>
        </Scripts>
      </CheckButton>
      <!--Use Icy Touch-->
      <CheckButton name="$parentCheckIcy" inherits="OptionsCheckButtonTemplate" >
        <Anchors>
          <Anchor point="TOPRIGHT" relativeTo="$parent">
            <Offset>
              <AbsDimension x="-20" y="-144"/>
            </Offset>
          </Anchor>
        </Anchors>
        <Scripts>
          <OnClick function="Rebuilt_ToggleIcy"/>
        </Scripts>
      </CheckButton>
      <!--Use Plague Strike-->
      <CheckButton name="$parentCheckPlague" inherits="OptionsCheckButtonTemplate" >
        <Anchors>
          <Anchor point="TOPRIGHT" relativeTo="$parent">
            <Offset>
              <AbsDimension x="-20" y="-169"/>
            </Offset>
          </Anchor>
        </Anchors>
        <Scripts>
          <OnClick function="Rebuilt_TogglePlague"/>
        </Scripts>
      </CheckButton>
      <!--Raid Mode-->
      <CheckButton name="$parentCheckRaidMode" inherits="OptionsCheckButtonTemplate">
        <Anchors>
          <Anchor point="TOPRIGHT" relativeTo="$parent">
            <Offset>
              <AbsDimension x="-20" y="-194"/>
            </Offset>
          </Anchor>
        </Anchors>
        <Scripts>
          <OnClick function="Rebuilt_ToggleRaidMode"/>
        </Scripts>
      </CheckButton>
      <!--Runes First Mode-->
      <CheckButton name="$parentCheckRunesFirst" inherits="OptionsCheckButtonTemplate">
        <Anchors>
          <Anchor point="TOPRIGHT" relativeTo="$parent">
            <Offset>
              <AbsDimension x="-20" y="-219"/>
            </Offset>
          </Anchor>
        </Anchors>
        <Scripts>
          <OnClick function="Rebuilt_ToggleRunesFirst"/>
        </Scripts>
      </CheckButton>

      <!--Display Scale-->
      <Slider name="$parentScale" inherits="OptionsSliderTemplate" minValue=".5" maxValue="1.5" defaultValue="1" valueStep =".05">
        <Anchors>
          <Anchor point="TOPRIGHT" relativeTo="$parent">
            <Offset>
              <AbsDimension x="-20" y="-249"/>
            </Offset>
          </Anchor>
        </Anchors>
        <Scripts>
          <OnLoad>
            getglobal(Rebuilt_OptionsScale:GetName() .. "Low"):SetText("0.5")
            getglobal(Rebuilt_OptionsScale:GetName() .. "High"):SetText("1.5")
            getglobal(Rebuilt_OptionsScale:GetName() .. "Text"):SetText(Rebuilt_Display:GetScale())
          </OnLoad>
          <OnValueChanged>
            Rebuilt_Display:SetScale(self:GetValue())
            getglobal(self:GetName() .. "Text"):SetText(string.format("%.2f", self:GetValue()))
          </OnValueChanged>
          <OnMouseDown>
            Rebuilt_Display:SetBackdropColor(0, 0, 0, .4)
          </OnMouseDown>
          <OnMouseUp>
            if Rebuilt_FramesLocked then Rebuilt_Display:SetBackdropColor(0, 0, 0, 0); Rebuilt_Display:EnableMouse(false) end
          </OnMouseUp>
        </Scripts>
      </Slider>

       <!--Close Button-->
      <Button name="$parentCloseButton" inherits="OptionsButtonTemplate" text="Close">
        <Anchors>
          <Anchor point="BOTTOMRIGHT">
            <Offset>
              <AbsDimension x="-7" y="7"/>
            </Offset>
          </Anchor>
        </Anchors>
        <Scripts>
          <OnClick> Rebuilt_Options:Hide(); </OnClick>
        </Scripts>
      </Button>
      
      <!--Default Button-->
      <Button name="$parentDefaultButton" inherits="OptionsButtonTemplate" text="Reset">
        <Anchors>
          <Anchor point="BOTTOMLEFT">
            <Offset>
              <AbsDimension x="7" y="7"/>
            </Offset>
          </Anchor>
        </Anchors>
        <Scripts>
          <OnClick> Rebuilt_SlashCommand("r"); </OnClick>
        </Scripts>
      </Button>

      <!--Default Button-->
      <Button name="$parentDefaultButton" inherits="OptionsButtonTemplate" text="Update">
        <Anchors>
          <Anchor point="BOTTOM">
            <Offset>
              <AbsDimension x="0" y="7"/>
            </Offset>
          </Anchor>
        </Anchors>
        <Scripts>
          <OnClick> Rebuilt_SlashCommand("update"); </OnClick>
        </Scripts>
      </Button>
      
    </Frames>
    <Scripts>
      <OnLoad>
        Rebuilt_Options:SetBackdropColor(0,0,0,.8)
      </OnLoad>
      <OnMouseDown>
        Rebuilt_Options:StartMoving()
      </OnMouseDown>
      <OnMouseUp>
        Rebuilt_Options:StopMovingOrSizing()
      </OnMouseUp>
      <OnDragStop>
        Rebuilt_Options:StopMovingOrSizing()
      </OnDragStop>
    </Scripts>
  </Frame>

  <Frame name="Rebuilt_UpdateFrame" frameStrata="HIGH" toplevel="true" enableMouse="true" movable="false" parent="UIParent" hidden="true">
    <Size>
      <AbsDimension x="225" y="105"/>
    </Size>
    <Anchors>
      <Anchor point="CENTER" relativePoint="CENTER" relativeTo="UIParent"/>
      <Offset>
        <AbsDimension x="0" y="200"/>
      </Offset>
    </Anchors>
    <Backdrop bgFile="Interface\TutorialFrame\TutorialFrameBackground" edgeFile="Interface\DialogFrame\UI-DialogBox-Border" tile="true">
      <EdgeSize>
        <AbsValue val="16"/>
      </EdgeSize>
      <TileSize>
        <AbsValue val="32"/>
      </TileSize>
      <BackgroundInsets>
        <AbsInset left="5" right="5" top="5" bottom="5"/>
      </BackgroundInsets>
    </Backdrop>
    <Layers>
      <Layer level="OVERLAY">
        <!--Title-->
        <FontString name="$parentTitle" inherits="GameFontNormal" text="Rebuilt_Version">
          <Color r=".5" g=".5" b="1" a="1"/>
          <Anchors>
            <Anchor point="TOP" relativeTo="$parent">
              <Offset>
                <AbsDimension x="0" y="-7"/>
              </Offset>
            </Anchor>
          </Anchors>
        </FontString>
        <FontString name="$parentContribution1" inherits="GameFontNormal" text="For Addons updates and information">
          <Anchors>
            <Anchor point="TOP" relativePoint="BOTTOM" relativeTo="$parentTitle">
              <Offset>
                <AbsDimension x="0" y="0"/>
              </Offset>
            </Anchor>
          </Anchors>
        </FontString>
        <FontString name="$parentContribution2" inherits="GameFontNormal" text="on how to ">
          <Anchors>
            <Anchor point="TOP" relativePoint="BOTTOM" relativeTo="$parentContribution1">
              <Offset>
                <AbsDimension x="-70" y="0"/>
              </Offset>
            </Anchor>
          </Anchors>
        </FontString>
        <FontString name="$parentContribution3" inherits="GameFontNormal" text="contribute">
          <Color r="1" g="1" b="1" a="1"/>
          <Anchors>
            <Anchor point="LEFT" relativePoint="RIGHT" relativeTo="$parentContribution2">
              <Offset>
                <AbsDimension x="0" y="0"/>
              </Offset>
            </Anchor>
          </Anchors>
        </FontString>
        <FontString name="$parentContribution4" inherits="GameFontNormal" text=", please visit:">
          <Anchors>
            <Anchor point="LEFT" relativePoint="RIGHT" relativeTo="$parentContribution3">
              <Offset>
                <AbsDimension x="0" y="0"/>
              </Offset>
            </Anchor>
          </Anchors>
        </FontString>
        <FontString name="$parentContribution5" inherits="GameFontNormal" text="(Ctrl + C)">
          <Anchors>
            <Anchor point="BOTTOMLEFT" relativePoint="BOTTOMLEFT" relativeTo="$parent">
              <Offset>
                <AbsDimension x="20" y="14"/>
              </Offset>
            </Anchor>
          </Anchors>
        </FontString>
      </Layer>
    </Layers>
    <Frames>
      <EditBox name="$parentEditBox" letters="0" autoFocus="true">
        <Size>
          <AbsDimension x="175" y="32"/>
        </Size>
        <Anchors>
          <Anchor point="TOP" relativePoint="BOTTOM" relativeTo="$parentContribution3">
            <Offset>
              <AbsDimension x="8" y="0"/>
            </Offset>
          </Anchor>
        </Anchors>
        <Layers>
          <Layer level="BACKGROUND">
            <Texture file="Interface\ChatFrame\UI-ChatInputBorder-Left">
              <Size>
                <AbsDimension x="100" y="32"></AbsDimension>
              </Size>
              <Anchors>
                <Anchor point="LEFT">
                  <Offset>
                    <AbsDimension x="-10" y="0"></AbsDimension>
                  </Offset>
                </Anchor>
              </Anchors>
              <TexCoords left="0" right="0.2" top="0" bottom="1.0"></TexCoords>
            </Texture>
            <Texture file="Interface\ChatFrame\UI-ChatInputBorder-Right">
              <Size>
                <AbsDimension x="100" y="32"></AbsDimension>
              </Size>
              <Anchors>
                <Anchor point="RIGHT">
                  <Offset>
                    <AbsDimension x="10" y="0"></AbsDimension>
                  </Offset>
                </Anchor>
              </Anchors>
              <TexCoords left="0.7" right="1.0" top="0" bottom="1.0"></TexCoords>
            </Texture>
          </Layer>
        </Layers>
        <FontString inherits="ChatFontNormal"></FontString>
        <Scripts>
          <OnEscapePressed>
            Rebuilt_UpdateFrame:Hide()
            Rebuilt_UpdateFrameEditBox:ClearFocus()
          </OnEscapePressed>
        </Scripts>
      </EditBox>

      <Button name="$parentCloseButton" inherits="OptionsButtonTemplate" text="Close">
        <Anchors>
          <Anchor point="TOPRIGHT" relativePoint="BOTTOMRIGHT" relativeTo="$parentEditBox">
            <Offset>
              <AbsDimension x="7" y="0"/>
            </Offset>
          </Anchor>
        </Anchors>
        <Scripts>
          <OnClick> Rebuilt_UpdateFrame:Hide(); </OnClick>
        </Scripts>
      </Button>
    </Frames>
    <Scripts>
      <OnLoad>
        Rebuilt_UpdateFrame:ClearAllPoints()
        Rebuilt_UpdateFrame:SetPoint("CENTER", "$parent", "CENTER", 0, 200)
      </OnLoad>
    </Scripts>
  </Frame>

</Ui>