<Ui xmlns="http://www.blizzard.com/wow/ui/" xmlns:xsi="http://www.w3.org/2001/XMLSchema-instance" xsi:schemaLocation="http://www.blizzard.com/wow/ui/
..\FrameXML\UI.xsd">

	<Script file="ZygorGuidesViewer.lua"/>
	<Script file="Ver.lua"/>
	<Script file="Parser.lua"/>
	<Script file="Options.lua"/>
	<Script file="Waypoints.lua"/>
	<Script file="Log.lua"/>
	<Script file="Functions.lua"/>

	<Script file="Step.lua"/>
	<Script file="Goal.lua"/>
	<Include file="Data\data.xml"/>

	<Script file="Dev.lua"/>

		<!-- <Script file="ZygorGuidesViewerOptions.lua"/> -->
	<Include file="ZygorMapIcon.xml"/>
	<Include file="SpinArrow.xml"/>
	<Include file="ZygorGuidesViewerFrame.xml"/>
	<!-- <Include file="ZygorGuidesViewerMiniFrame.xml"/> -->
</Ui>
