﻿<Ui xmlns="http://www.blizzard.com/wow/ui" xmlns:xsi="http://www.w3.org/2001/XMLSchema-instance">
	<!--Autogenerated by wowuides, Version=1.0.300.0, Culture=neutral, PublicKeyToken=null-->
	<Frame name="TicketView" hidden="true" movable="true" enableMouse="true" enableKeyboard="true" clampedToScreen="true">
		<!--<FrameSkin skinid="dcb143e1-a4ab-4e7c-b934-1efa40101d21" frameid="2d508883-59c2-4f83-ae10-27aaad48391b" />-->
		<Size>
			<AbsDimension x="556" y="344" />
		</Size>
		<Anchors>
			<Anchor point="CENTER" relativeTo="UIParent">
				<Offset>
					<AbsDimension x="0" y="0" />
				</Offset>
			</Anchor>
		</Anchors>
		<TitleRegion setAllPoints="true" />
		<Backdrop bgFile="Interface\DialogFrame\UI-DialogBox-Background" edgeFile="Interface\DialogFrame\UI-DialogBox-Border" tile="true">
			<BackgroundInsets>
				<AbsInset left="11" right="12" top="12" bottom="11" />
			</BackgroundInsets>
			<TileSize>
				<AbsValue val="32" />
			</TileSize>
			<EdgeSize>
				<AbsValue val="32" />
			</EdgeSize>
		</Backdrop>
		<Layers>
			<Layer>
				<Texture name="$parentTitleBorder" file="Interface\DialogFrame\UI-DialogBox-Header">
					<Size>
						<AbsDimension x="160" y="32" />
					</Size>
					<Anchors>
						<Anchor point="TOP">
							<Offset>
								<AbsDimension x="0" y="5" />
							</Offset>
						</Anchor>
					</Anchors>
					<TexCoords left="0.2" right="0.8" top="0" bottom="0.6" />
				</Texture>
				<FontString name="$parentTitleString" font="Fonts\FRIZQT__.TTF" text="Legendz Tickets">
					<Size>
						<AbsDimension x="140" y="0" />
					</Size>
					<Anchors>
						<Anchor point="TOP">
							<Offset>
								<AbsDimension x="0" y="-4" />
							</Offset>
						</Anchor>
					</Anchors>
					<FontHeight>
						<AbsValue val="12" />
					</FontHeight>
					<Color r="1" g="0.8196079" b="0" />
					<Shadow>
						<Color r="0" g="0" b="0" />
						<Offset>
							<AbsDimension x="1" y="-1" />
						</Offset>
					</Shadow>
				</FontString>
			</Layer>
		</Layers>
		<Frames>
			<Frame name="$parentLabel1">
				<!--<FrameSkin skinid="dcb143e1-a4ab-4e7c-b934-1efa40101d21" frameid="2d508885-59c2-4f83-ae10-27aaad48391b" />-->
				<Size>
					<AbsDimension x="76" y="27" />
				</Size>
				<Anchors>
					<Anchor point="TOPLEFT">
						<Offset>
							<AbsDimension x="457" y="-122" />
						</Offset>
					</Anchor>
				</Anchors>
				</Frame>
<Button name="$parentButton10" text="Enter Bug">
				<!--<FrameSkin skinid="dcb143e1-a4ab-4e7c-b934-1efa40101d21" frameid="2d508884-59c2-4f83-ae10-27aaad48391b" />-->
				<Size>
					<AbsDimension x="76" y="22" />
				</Size>
				<Anchors>
					<Anchor point="TOPLEFT">
						<Offset>
							<AbsDimension x="457" y="-155" />
						</Offset>
					</Anchor>
				</Anchors>
				<Scripts>
					<OnClick>
						SendChatMessage(".ann Please do not push [Enter] in your ticket, as it makes the ticket unreadable. Thank you.");
					</OnClick>
				</Scripts>
				<NormalTexture file="Interface\Buttons\UI-Panel-Button-Up">
					<TexCoords left="0" right="0.625" top="0" bottom="0.6875" />
				</NormalTexture>
				<PushedTexture file="Interface\Buttons\UI-Panel-Button-Down">
					<TexCoords left="0" right="0.625" top="0" bottom="0.6875" />
				</PushedTexture>
				<DisabledTexture file="Interface\Buttons\UI-Panel-Button-Disabled">
					<TexCoords left="0" right="0.625" top="0" bottom="0.6875" />
				</DisabledTexture>
				<HighlightTexture file="Interface\Buttons\UI-Panel-Button-Highlight" alphaMode="ADD">
					<TexCoords left="0" right="0.625" top="0" bottom="0.6875" />
				</HighlightTexture>
				<ButtonText name="$parentText">
					<Anchors>
						<Anchor point="CENTER">
							<Offset>
								<AbsDimension x="0" y="1" />
							</Offset>
						</Anchor>
					</Anchors>
					<FontHeight>
						<AbsValue val="10" />
					</FontHeight>
				</ButtonText>
				<NormalFont style="GameFontNormal" />
				<HighlightFont style="GameFontHighlight" />
				<DisabledFont style="GameFontDisable" />
			</Button>
<Button name="$parentButton10" text="Dalaran">
				<!--<FrameSkin skinid="dcb143e1-a4ab-4e7c-b934-1efa40101d21" frameid="2d508884-59c2-4f83-ae10-27aaad48391b" />-->
				<Size>
					<AbsDimension x="100" y="22" />
				</Size>
				<Anchors>
					<Anchor point="TOPLEFT">
						<Offset>
							<AbsDimension x="45" y="-295" />
						</Offset>
					</Anchor>
				</Anchors>
				<Scripts>
					<OnClick>
						SendChatMessage(".recall portplayer "..TT_Name.." Dalaran");
					</OnClick>
				</Scripts>
				<NormalTexture file="Interface\Buttons\UI-Panel-Button-Up">
					<TexCoords left="0" right="0.625" top="0" bottom="0.6875" />
				</NormalTexture>
				<PushedTexture file="Interface\Buttons\UI-Panel-Button-Down">
					<TexCoords left="0" right="0.625" top="0" bottom="0.6875" />
				</PushedTexture>
				<DisabledTexture file="Interface\Buttons\UI-Panel-Button-Disabled">
					<TexCoords left="0" right="0.625" top="0" bottom="0.6875" />
				</DisabledTexture>
				<HighlightTexture file="Interface\Buttons\UI-Panel-Button-Highlight" alphaMode="ADD">
					<TexCoords left="0" right="0.625" top="0" bottom="0.6875" />
				</HighlightTexture>
				<ButtonText name="$parentText">
					<Anchors>
						<Anchor point="CENTER">
							<Offset>
								<AbsDimension x="0" y="1" />
							</Offset>
						</Anchor>
					</Anchors>
					<FontHeight>
						<AbsValue val="10" />
					</FontHeight>
				</ButtonText>
				<NormalFont style="GameFontNormal" />
				<HighlightFont style="GameFontHighlight" />
				<DisabledFont style="GameFontDisable" />
			</Button>
			<Button name="$parentButton9" text="Shattrath">
				<!--<FrameSkin skinid="dcb143e1-a4ab-4e7c-b934-1efa40101d21" frameid="2d508884-59c2-4f83-ae10-27aaad48391b" />-->
				<Size>
					<AbsDimension x="100" y="22" />
				</Size>
				<Anchors>
					<Anchor point="TOPLEFT">
						<Offset>
							<AbsDimension x="336" y="-295" />
						</Offset>
					</Anchor>
				</Anchors>
				<Scripts>
					<OnClick>
						SendChatMessage(".recall portplayer "..TT_Name.." Shattrath");
					</OnClick>
				</Scripts>
				<NormalTexture file="Interface\Buttons\UI-Panel-Button-Up">
					<TexCoords left="0" right="0.625" top="0" bottom="0.6875" />
				</NormalTexture>
				<PushedTexture file="Interface\Buttons\UI-Panel-Button-Down">
					<TexCoords left="0" right="0.625" top="0" bottom="0.6875" />
				</PushedTexture>
				<DisabledTexture file="Interface\Buttons\UI-Panel-Button-Disabled">
					<TexCoords left="0" right="0.625" top="0" bottom="0.6875" />
				</DisabledTexture>
				<HighlightTexture file="Interface\Buttons\UI-Panel-Button-Highlight" alphaMode="ADD">
					<TexCoords left="0" right="0.625" top="0" bottom="0.6875" />
				</HighlightTexture>
				<ButtonText name="$parentText">
					<Anchors>
						<Anchor point="CENTER">
							<Offset>
								<AbsDimension x="0" y="1" />
							</Offset>
						</Anchor>
					</Anchors>
					<FontHeight>
						<AbsValue val="10" />
					</FontHeight>
				</ButtonText>
				<NormalFont style="GameFontNormal" />
				<HighlightFont style="GameFontHighlight" />
				<DisabledFont style="GameFontDisable" />
			</Button>
			<Button name="$parentButton7" text="P Info">
				<!--<FrameSkin skinid="dcb143e1-a4ab-4e7c-b934-1efa40101d21" frameid="2d508884-59c2-4f83-ae10-27aaad48391b" />-->
				<Size>
					<AbsDimension x="76" y="22" />
				</Size>
				<Anchors>
					<Anchor point="TOPLEFT">
						<Offset>
							<AbsDimension x="459" y="-73" />
						</Offset>
					</Anchor>
				</Anchors>
				<Scripts>
					<OnClick>
						SendChatMessage(".p "..TT_Name);
					</OnClick>
				</Scripts>
				<NormalTexture file="Interface\Buttons\UI-Panel-Button-Up">
					<TexCoords left="0" right="0.625" top="0" bottom="0.6875" />
				</NormalTexture>
				<PushedTexture file="Interface\Buttons\UI-Panel-Button-Down">
					<TexCoords left="0" right="0.625" top="0" bottom="0.6875" />
				</PushedTexture>
				<DisabledTexture file="Interface\Buttons\UI-Panel-Button-Disabled">
					<TexCoords left="0" right="0.625" top="0" bottom="0.6875" />
				</DisabledTexture>
				<HighlightTexture file="Interface\Buttons\UI-Panel-Button-Highlight" alphaMode="ADD">
					<TexCoords left="0" right="0.625" top="0" bottom="0.6875" />
				</HighlightTexture>
				<ButtonText name="$parentText">
					<Anchors>
						<Anchor point="CENTER">
							<Offset>
								<AbsDimension x="0" y="1" />
							</Offset>
						</Anchor>
					</Anchors>
					<FontHeight>
						<AbsValue val="10" />
					</FontHeight>
				</ButtonText>
				<NormalFont style="GameFontNormal" />
				<HighlightFont style="GameFontHighlight" />
				<DisabledFont style="GameFontDisable" />
			</Button>
			<Button name="$parentButton6" text="My Ticket">
				<!--<FrameSkin skinid="dcb143e1-a4ab-4e7c-b934-1efa40101d21" frameid="2d508884-59c2-4f83-ae10-27aaad48391b" />-->
				<Size>
					<AbsDimension x="76" y="22" />
				</Size>
				<Anchors>
					<Anchor point="TOPLEFT">
						<Offset>
							<AbsDimension x="458" y="-45" />
						</Offset>
					</Anchor>
				</Anchors>
				<Scripts>
					<OnClick>
						SendChatMessage(".gmannounce I am currently working on "..TT_Name.."'s ticket.  Please do NOT touch!");
					</OnClick>
				</Scripts>
				<NormalTexture file="Interface\Buttons\UI-Panel-Button-Up">
					<TexCoords left="0" right="0.625" top="0" bottom="0.6875" />
				</NormalTexture>
				<PushedTexture file="Interface\Buttons\UI-Panel-Button-Down">
					<TexCoords left="0" right="0.625" top="0" bottom="0.6875" />
				</PushedTexture>
				<DisabledTexture file="Interface\Buttons\UI-Panel-Button-Disabled">
					<TexCoords left="0" right="0.625" top="0" bottom="0.6875" />
				</DisabledTexture>
				<HighlightTexture file="Interface\Buttons\UI-Panel-Button-Highlight" alphaMode="ADD">
					<TexCoords left="0" right="0.625" top="0" bottom="0.6875" />
				</HighlightTexture>
				<ButtonText name="$parentText">
					<Anchors>
						<Anchor point="CENTER">
							<Offset>
								<AbsDimension x="0" y="1" />
							</Offset>
						</Anchor>
					</Anchors>
					<FontHeight>
						<AbsValue val="10" />
					</FontHeight>
				</ButtonText>
				<NormalFont style="GameFontNormal" />
				<HighlightFont style="GameFontHighlight" />
				<DisabledFont style="GameFontDisable" />
			</Button>
			<Button name="$parentButton2" text="Summon">
				<!--<FrameSkin skinid="dcb143e1-a4ab-4e7c-b934-1efa40101d21" frameid="2d508884-59c2-4f83-ae10-27aaad48391b" />-->
				<Size>
					<AbsDimension x="76" y="22" />
				</Size>
				<Anchors>
					<Anchor point="TOPLEFT">
						<Offset>
							<AbsDimension x="261" y="-267" />
						</Offset>
					</Anchor>
				</Anchors>
				<Scripts>
					<OnClick>
						SendChatMessage(".summon "..TT_Name);

					</OnClick>
				</Scripts>
				<NormalTexture file="Interface\Buttons\UI-Panel-Button-Up">
					<TexCoords left="0" right="0.625" top="0" bottom="0.6875" />
				</NormalTexture>
				<PushedTexture file="Interface\Buttons\UI-Panel-Button-Down">
					<TexCoords left="0" right="0.625" top="0" bottom="0.6875" />
				</PushedTexture>
				<DisabledTexture file="Interface\Buttons\UI-Panel-Button-Disabled">
					<TexCoords left="0" right="0.625" top="0" bottom="0.6875" />
				</DisabledTexture>
				<HighlightTexture file="Interface\Buttons\UI-Panel-Button-Highlight" alphaMode="ADD">
					<TexCoords left="0" right="0.625" top="0" bottom="0.6875" />
				</HighlightTexture>
				<ButtonText name="$parentText">
					<Anchors>
						<Anchor point="CENTER">
							<Offset>
								<AbsDimension x="0" y="1" />
							</Offset>
						</Anchor>
					</Anchors>
					<FontHeight>
						<AbsValue val="10" />
					</FontHeight>
				</ButtonText>
				<NormalFont style="GameFontNormal" />
				<HighlightFont style="GameFontHighlight" />
				<DisabledFont style="GameFontDisable" />
			</Button>
			<Button name="$parentButton5" text="Appear">
				<!--<FrameSkin skinid="dcb143e1-a4ab-4e7c-b934-1efa40101d21" frameid="2d508884-59c2-4f83-ae10-27aaad48391b" />-->
				<Size>
					<AbsDimension x="76" y="22" />
				</Size>
				<Anchors>
					<Anchor point="TOPLEFT">
						<Offset>
							<AbsDimension x="151" y="-267" />
						</Offset>
					</Anchor>
				</Anchors>
				<Scripts>
					<OnClick>
						SendChatMessage(".appear "..TT_Name);

					</OnClick>
				</Scripts>
				<NormalTexture file="Interface\Buttons\UI-Panel-Button-Up">
					<TexCoords left="0" right="0.625" top="0" bottom="0.6875" />
				</NormalTexture>
				<PushedTexture file="Interface\Buttons\UI-Panel-Button-Down">
					<TexCoords left="0" right="0.625" top="0" bottom="0.6875" />
				</PushedTexture>
				<DisabledTexture file="Interface\Buttons\UI-Panel-Button-Disabled">
					<TexCoords left="0" right="0.625" top="0" bottom="0.6875" />
				</DisabledTexture>
				<HighlightTexture file="Interface\Buttons\UI-Panel-Button-Highlight" alphaMode="ADD">
					<TexCoords left="0" right="0.625" top="0" bottom="0.6875" />
				</HighlightTexture>
				<ButtonText name="$parentText">
					<Anchors>
						<Anchor point="CENTER">
							<Offset>
								<AbsDimension x="0" y="1" />
							</Offset>
						</Anchor>
					</Anchors>
					<FontHeight>
						<AbsValue val="10" />
					</FontHeight>
				</ButtonText>
				<NormalFont style="GameFontNormal" />
				<HighlightFont style="GameFontHighlight" />
				<DisabledFont style="GameFontDisable" />
			</Button>
			<Button name="$parentButton3" text="Whisper">
				<!--<FrameSkin skinid="dcb143e1-a4ab-4e7c-b934-1efa40101d21" frameid="2d508884-59c2-4f83-ae10-27aaad48391b" />-->
				<Size>
					<AbsDimension x="76" y="22" />
				</Size>
				<Anchors>
					<Anchor point="TOPLEFT">
						<Offset>
							<AbsDimension x="45" y="-266" />
						</Offset>
					</Anchor>
				</Anchors>
				<Scripts>
					<OnClick>
						ChatFrame_SendTell(TT_Name);

					</OnClick>
				</Scripts>
				<NormalTexture file="Interface\Buttons\UI-Panel-Button-Up">
					<TexCoords left="0" right="0.625" top="0" bottom="0.6875" />
				</NormalTexture>
				<PushedTexture file="Interface\Buttons\UI-Panel-Button-Down">
					<TexCoords left="0" right="0.625" top="0" bottom="0.6875" />
				</PushedTexture>
				<DisabledTexture file="Interface\Buttons\UI-Panel-Button-Disabled">
					<TexCoords left="0" right="0.625" top="0" bottom="0.6875" />
				</DisabledTexture>
				<HighlightTexture file="Interface\Buttons\UI-Panel-Button-Highlight" alphaMode="ADD">
					<TexCoords left="0" right="0.625" top="0" bottom="0.6875" />
				</HighlightTexture>
				<ButtonText name="$parentText">
					<Anchors>
						<Anchor point="CENTER">
							<Offset>
								<AbsDimension x="0" y="1" />
							</Offset>
						</Anchor>
					</Anchors>
					<FontHeight>
						<AbsValue val="10" />
					</FontHeight>
				</ButtonText>
				<NormalFont style="GameFontNormal" />
				<HighlightFont style="GameFontHighlight" />
				<DisabledFont style="GameFontDisable" />
			</Button>
			<Button name="$parentButton4" text="Revive">
				<!--<FrameSkin skinid="dcb143e1-a4ab-4e7c-b934-1efa40101d21" frameid="2d508884-59c2-4f83-ae10-27aaad48391b" />-->
				<Size>
					<AbsDimension x="76" y="22" />
				</Size>
				<Anchors>
					<Anchor point="TOPLEFT">
						<Offset>
							<AbsDimension x="360" y="-267" />
						</Offset>
					</Anchor>
				</Anchors>
				<Scripts>
					<OnClick>
						SendChatMessage(".reviveplr "..TT_Name);

					</OnClick>
				</Scripts>
				<NormalTexture file="Interface\Buttons\UI-Panel-Button-Up">
					<TexCoords left="0" right="0.625" top="0" bottom="0.6875" />
				</NormalTexture>
				<PushedTexture file="Interface\Buttons\UI-Panel-Button-Down">
					<TexCoords left="0" right="0.625" top="0" bottom="0.6875" />
				</PushedTexture>
				<DisabledTexture file="Interface\Buttons\UI-Panel-Button-Disabled">
					<TexCoords left="0" right="0.625" top="0" bottom="0.6875" />
				</DisabledTexture>
				<HighlightTexture file="Interface\Buttons\UI-Panel-Button-Highlight" alphaMode="ADD">
					<TexCoords left="0" right="0.625" top="0" bottom="0.6875" />
				</HighlightTexture>
				<ButtonText name="$parentText">
					<Anchors>
						<Anchor point="CENTER">
							<Offset>
								<AbsDimension x="0" y="1" />
							</Offset>
						</Anchor>
					</Anchors>
					<FontHeight>
						<AbsValue val="10" />
					</FontHeight>
				</ButtonText>
				<NormalFont style="GameFontNormal" />
				<HighlightFont style="GameFontHighlight" />
				<DisabledFont style="GameFontDisable" />
			</Button>
			<Button name="$parentButton1" text="Close">
				<!--<FrameSkin skinid="dcb143e1-a4ab-4e7c-b934-1efa40101d21" frameid="2d508884-59c2-4f83-ae10-27aaad48391b" />-->
				<Size>
					<AbsDimension x="75" y="22" />
				</Size>
				<Anchors>
					<Anchor point="TOPLEFT">
						<Offset>
							<AbsDimension x="459" y="-295" />
						</Offset>
					</Anchor>
				</Anchors>
				<Scripts>
					<OnClick>
						TicketView:Hide(); TicketTracker:Show();
						PlaySound("QUESTLOGCLOSE");
						SendChatMessage(".gm blockwhispers "..TT_Name);
						NewTicketDone();

					</OnClick>
				</Scripts>
				<NormalTexture file="Interface\Buttons\UI-Panel-Button-Up">
					<TexCoords left="0" right="0.625" top="0" bottom="0.6875" />
				</NormalTexture>
				<PushedTexture file="Interface\Buttons\UI-Panel-Button-Down">
					<TexCoords left="0" right="0.625" top="0" bottom="0.6875" />
				</PushedTexture>
				<DisabledTexture file="Interface\Buttons\UI-Panel-Button-Disabled">
					<TexCoords left="0" right="0.625" top="0" bottom="0.6875" />
				</DisabledTexture>
				<HighlightTexture file="Interface\Buttons\UI-Panel-Button-Highlight" alphaMode="ADD">
					<TexCoords left="0" right="0.625" top="0" bottom="0.6875" />
				</HighlightTexture>
				<ButtonText name="$parentText">
					<Anchors>
						<Anchor point="CENTER">
							<Offset>
								<AbsDimension x="0" y="1" />
							</Offset>
						</Anchor>
					</Anchors>
					<FontHeight>
						<AbsValue val="10" />
					</FontHeight>
				</ButtonText>
				<NormalFont style="GameFontNormal" />
				<HighlightFont style="GameFontHighlight" />
				<DisabledFont style="GameFontDisable" />
			</Button>
			<Frame name="$parentPanel1">
				<!--<FrameSkin skinid="f15d4970-d66d-444e-bb2d-1ad102c87fed" frameid="f15d4972-d66d-444e-bb2d-1ad102c87fed" />-->
				<Size>
					<AbsDimension x="425" y="232" />
				</Size>
				<Anchors>
					<Anchor point="TOPLEFT">
						<Offset>
							<AbsDimension x="28" y="-28" />
						</Offset>
					</Anchor>
				</Anchors>
				<Backdrop bgFile="Interface\DialogFrame\UI-DialogBox-Background" edgeFile="Interface\DialogFrame\UI-DialogBox-Border" tile="true">
					<BackgroundInsets>
						<AbsInset left="11" right="12" top="12" bottom="11" />
					</BackgroundInsets>
					<TileSize>
						<AbsValue val="32" />
					</TileSize>
					<EdgeSize>
						<AbsValue val="32" />
					</EdgeSize>
				</Backdrop>
				<Frames>
					<MessageFrame name="$parentMessage" fade="false" fadeDuration="0" displayDuration="0" insertMode="TOP">
						<!--<FrameSkin skinid="f15d4970-d66d-444e-bb2d-1ad102c87fed" frameid="07bef61d-ceb4-4cab-bd99-cc05653863c3" />-->
						<Size>
							<AbsDimension x="391" y="199" />
						</Size>
						<Anchors>
							<Anchor point="TOPLEFT">
								<Offset>
									<AbsDimension x="17" y="-17" />
								</Offset>
							</Anchor>
						</Anchors>
						<FontString font="Fonts\FRIZQT__.TTF" justifyH="LEFT">
							<FontHeight>
								<AbsValue val="12" />
							</FontHeight>
							<Color r="1" g="0.8196079" b="0" />
							<Shadow>
								<Color r="0" g="0" b="0" />
								<Offset>
									<AbsDimension x="1" y="-1" />
								</Offset>
							</Shadow>
						</FontString>
						<TextInsets>
							<AbsInset left="0" right="0" top="0" bottom="0" />
						</TextInsets>
					</MessageFrame>
				</Frames>
			</Frame>
			<Button name="$parentComponent1" text="Delete">
				<!--<FrameSkin skinid="dcb143e1-a4ab-4e7c-b934-1efa40101d21" frameid="2d508884-59c2-4f83-ae10-27aaad48391b" />-->
				<Size>
					<AbsDimension x="76" y="22" />
				</Size>
				<Anchors>
					<Anchor point="TOPLEFT">
						<Offset>
							<AbsDimension x="458" y="-267" />
						</Offset>
					</Anchor>
				</Anchors>
				<Scripts>
					<OnClick>
						TT_Delete(TT_Name);
						TicketView:Hide();
						TicketTracker:Show();
						PlaySound("PVPENTERQUEUE");
						SendChatMessage(".gm blockwhispers "..TT_Name);
						SendChatMessage(".gmannounce I have deleted "..TT_Name.."'s Ticket.");
						NewTicketDone();

					</OnClick>
				</Scripts>
				<NormalTexture file="Interface\Buttons\UI-Panel-Button-Up">
					<TexCoords left="0" right="0.625" top="0" bottom="0.6875" />
				</NormalTexture>
				<PushedTexture file="Interface\Buttons\UI-Panel-Button-Down">
					<TexCoords left="0" right="0.625" top="0" bottom="0.6875" />
				</PushedTexture>
				<DisabledTexture file="Interface\Buttons\UI-Panel-Button-Disabled">
					<TexCoords left="0" right="0.625" top="0" bottom="0.6875" />
				</DisabledTexture>
				<HighlightTexture file="Interface\Buttons\UI-Panel-Button-Highlight" alphaMode="ADD">
					<TexCoords left="0" right="0.625" top="0" bottom="0.6875" />
				</HighlightTexture>
				<ButtonText name="$parentText">
					<Anchors>
						<Anchor point="CENTER">
							<Offset>
								<AbsDimension x="0" y="1" />
							</Offset>
						</Anchor>
					</Anchors>
					<FontHeight>
						<AbsValue val="10" />
					</FontHeight>
				</ButtonText>
				<NormalFont style="GameFontNormal" />
				<HighlightFont style="GameFontHighlight" />
				<DisabledFont style="GameFontDisable" />
			</Button>
		</Frames>
	</Frame>
</Ui>