INSERT INTO `quest_template` (`Id`, `Method`, `Level`, `MinLevel`, `MaxLevel`, `ZoneOrSort`, `Type`, `SuggestedPlayers`, `LimitTime`, `RequiredClasses`, `RequiredRaces`, `RequiredSkillId`, `RequiredSkillPoints`, `RequiredFactionId1`, `RequiredFactionId2`, `RequiredFactionValue1`, `RequiredFactionValue2`, `RequiredMinRepFaction`, `RequiredMaxRepFaction`, `RequiredMinRepValue`, `RequiredMaxRepValue`, `PrevQuestId`, `NextQuestId`, `ExclusiveGroup`, `NextQuestIdChain`, `RewardXPId`, `RewardOrRequiredMoney`, `RewardMoneyMaxLevel`, `RewardSpell`, `RewardSpellCast`, `RewardHonor`, `RewardHonorMultiplier`, `RewardMailTemplateId`, `RewardMailDelay`, `SourceItemId`, `SourceItemCount`, `SourceSpellId`, `Flags`, `SpecialFlags`, `RewardTitleId`, `RequiredPlayerKills`, `RewardTalents`, `RewardArenaPoints`, `RewardItemId1`, `RewardItemId2`, `RewardItemId3`, `RewardItemId4`, `RewardItemCount1`, `RewardItemCount2`, `RewardItemCount3`, `RewardItemCount4`, `RewardChoiceItemId1`, `RewardChoiceItemId2`, `RewardChoiceItemId3`, `RewardChoiceItemId4`, `RewardChoiceItemId5`, `RewardChoiceItemId6`, `RewardChoiceItemCount1`, `RewardChoiceItemCount2`, `RewardChoiceItemCount3`, `RewardChoiceItemCount4`, `RewardChoiceItemCount5`, `RewardChoiceItemCount6`, `RewardFactionId1`, `RewardFactionId2`, `RewardFactionId3`, `RewardFactionId4`, `RewardFactionId5`, `RewardFactionValueId1`, `RewardFactionValueId2`, `RewardFactionValueId3`, `RewardFactionValueId4`, `RewardFactionValueId5`, `RewardFactionValueIdOverride1`, `RewardFactionValueIdOverride2`, `RewardFactionValueIdOverride3`, `RewardFactionValueIdOverride4`, `RewardFactionValueIdOverride5`, `PointMapId`, `PointX`, `PointY`, `PointOption`, `Title`, `Objectives`, `Details`, `EndText`, `OfferRewardText`, `RequestItemsText`, `CompletedText`, `RequiredNpcOrGo1`, `RequiredNpcOrGo2`, `RequiredNpcOrGo3`, `RequiredNpcOrGo4`, `RequiredNpcOrGoCount1`, `RequiredNpcOrGoCount2`, `RequiredNpcOrGoCount3`, `RequiredNpcOrGoCount4`, `RequiredSourceItemId1`, `RequiredSourceItemId2`, `RequiredSourceItemId3`, `RequiredSourceItemId4`, `RequiredSourceItemCount1`, `RequiredSourceItemCount2`, `RequiredSourceItemCount3`, `RequiredSourceItemCount4`, `RequiredItemId1`, `RequiredItemId2`, `RequiredItemId3`, `RequiredItemId4`, `RequiredItemId5`, `RequiredItemId6`, `RequiredItemCount1`, `RequiredItemCount2`, `RequiredItemCount3`, `RequiredItemCount4`, `RequiredItemCount5`, `RequiredItemCount6`, `RequiredSpellCast1`, `RequiredSpellCast2`, `RequiredSpellCast3`, `RequiredSpellCast4`, `Unknown0`, `ObjectiveText1`, `ObjectiveText2`, `ObjectiveText3`, `ObjectiveText4`, `DetailsEmote1`, `DetailsEmote2`, `DetailsEmote3`, `DetailsEmote4`, `DetailsEmoteDelay1`, `DetailsEmoteDelay2`, `DetailsEmoteDelay3`, `DetailsEmoteDelay4`, `EmoteOnIncomplete`, `EmoteOnComplete`, `OfferRewardEmote1`, `OfferRewardEmote2`, `OfferRewardEmote3`, `OfferRewardEmote4`, `OfferRewardEmoteDelay1`, `OfferRewardEmoteDelay2`, `OfferRewardEmoteDelay3`, `OfferRewardEmoteDelay4`, `CompleteScript`, `WDBVerified`) VALUES (120121, 2, -1, 1, 40, -284, 0, 0, 0, 1, 0, 0, 0, 0, 0, 0, 0, 0, 0, 0, 0, 0, 0, 0, 0, 0, 0, 0, 0, 750, 0, 1, 0, 0, 0, 0, 0, 0, 0, 0, 0, 0, 0, 21997, 0, 0, 0, 1, 0, 0, 0, 0, 0, 0, 0, 0, 0, 0, 0, 0, 0, 0, 0, 0, 0, 0, 0, 0, 0, 0, 0, 0, 0, 0, 0, 0, 0, 0, 0, 0, 0, 0, 'Halp!!! Me armour is too heavy', 'Bring me  one Breast Plate of Heroist $B and I will show you how to make it Light as a feather ', 'Hello there  $N  That looks like quite the load you are carrying! $B Would you like to know the secrets of how to make your burden easier? $B$B GM whispers in you ear...  Roll 4d2  if your total is more than you should click accept!', NULL, 'Just a strap here, and a tinkering there ! $B$BWhalla! $B That fixes this right up  for you $N. THERE! Brought to you by your Friendly Gnomish Team of Developers!', NULL, NULL, 0, 0, 0, 0, 0, 0, 0, 0, 0, 0, 0, 0, 0, 0, 0, 0, 21997, 102051, 0, 0, 0, 0, 1, 1, 0, 0, 0, 0, 0, 0, 0, 0, 0, NULL, NULL, NULL, NULL, 0, 0, 0, 0, 0, 0, 0, 0, 0, 0, 0, 0, 0, 0, 0, 0, 0, 0, 0, 1);
INSERT INTO `quest_template` (`Id`, `Method`, `Level`, `MinLevel`, `MaxLevel`, `ZoneOrSort`, `Type`, `SuggestedPlayers`, `LimitTime`, `RequiredClasses`, `RequiredRaces`, `RequiredSkillId`, `RequiredSkillPoints`, `RequiredFactionId1`, `RequiredFactionId2`, `RequiredFactionValue1`, `RequiredFactionValue2`, `RequiredMinRepFaction`, `RequiredMaxRepFaction`, `RequiredMinRepValue`, `RequiredMaxRepValue`, `PrevQuestId`, `NextQuestId`, `ExclusiveGroup`, `NextQuestIdChain`, `RewardXPId`, `RewardOrRequiredMoney`, `RewardMoneyMaxLevel`, `RewardSpell`, `RewardSpellCast`, `RewardHonor`, `RewardHonorMultiplier`, `RewardMailTemplateId`, `RewardMailDelay`, `SourceItemId`, `SourceItemCount`, `SourceSpellId`, `Flags`, `SpecialFlags`, `RewardTitleId`, `RequiredPlayerKills`, `RewardTalents`, `RewardArenaPoints`, `RewardItemId1`, `RewardItemId2`, `RewardItemId3`, `RewardItemId4`, `RewardItemCount1`, `RewardItemCount2`, `RewardItemCount3`, `RewardItemCount4`, `RewardChoiceItemId1`, `RewardChoiceItemId2`, `RewardChoiceItemId3`, `RewardChoiceItemId4`, `RewardChoiceItemId5`, `RewardChoiceItemId6`, `RewardChoiceItemCount1`, `RewardChoiceItemCount2`, `RewardChoiceItemCount3`, `RewardChoiceItemCount4`, `RewardChoiceItemCount5`, `RewardChoiceItemCount6`, `RewardFactionId1`, `RewardFactionId2`, `RewardFactionId3`, `RewardFactionId4`, `RewardFactionId5`, `RewardFactionValueId1`, `RewardFactionValueId2`, `RewardFactionValueId3`, `RewardFactionValueId4`, `RewardFactionValueId5`, `RewardFactionValueIdOverride1`, `RewardFactionValueIdOverride2`, `RewardFactionValueIdOverride3`, `RewardFactionValueIdOverride4`, `RewardFactionValueIdOverride5`, `PointMapId`, `PointX`, `PointY`, `PointOption`, `Title`, `Objectives`, `Details`, `EndText`, `OfferRewardText`, `RequestItemsText`, `CompletedText`, `RequiredNpcOrGo1`, `RequiredNpcOrGo2`, `RequiredNpcOrGo3`, `RequiredNpcOrGo4`, `RequiredNpcOrGoCount1`, `RequiredNpcOrGoCount2`, `RequiredNpcOrGoCount3`, `RequiredNpcOrGoCount4`, `RequiredSourceItemId1`, `RequiredSourceItemId2`, `RequiredSourceItemId3`, `RequiredSourceItemId4`, `RequiredSourceItemCount1`, `RequiredSourceItemCount2`, `RequiredSourceItemCount3`, `RequiredSourceItemCount4`, `RequiredItemId1`, `RequiredItemId2`, `RequiredItemId3`, `RequiredItemId4`, `RequiredItemId5`, `RequiredItemId6`, `RequiredItemCount1`, `RequiredItemCount2`, `RequiredItemCount3`, `RequiredItemCount4`, `RequiredItemCount5`, `RequiredItemCount6`, `RequiredSpellCast1`, `RequiredSpellCast2`, `RequiredSpellCast3`, `RequiredSpellCast4`, `Unknown0`, `ObjectiveText1`, `ObjectiveText2`, `ObjectiveText3`, `ObjectiveText4`, `DetailsEmote1`, `DetailsEmote2`, `DetailsEmote3`, `DetailsEmote4`, `DetailsEmoteDelay1`, `DetailsEmoteDelay2`, `DetailsEmoteDelay3`, `DetailsEmoteDelay4`, `EmoteOnIncomplete`, `EmoteOnComplete`, `OfferRewardEmote1`, `OfferRewardEmote2`, `OfferRewardEmote3`, `OfferRewardEmote4`, `OfferRewardEmoteDelay1`, `OfferRewardEmoteDelay2`, `OfferRewardEmoteDelay3`, `OfferRewardEmoteDelay4`, `CompleteScript`, `WDBVerified`) VALUES (120122, 2, -1, 1, 40, -284, 0, 0, 0, 2, 0, 0, 0, 0, 0, 0, 0, 0, 0, 0, 0, 0, 0, 0, 0, 0, 0, 0, 0, 750, 0, 1, 0, 0, 0, 0, 0, 0, 0, 0, 0, 0, 0, 22089, 0, 0, 0, 1, 0, 0, 0, 0, 0, 0, 0, 0, 0, 0, 0, 0, 0, 0, 0, 0, 0, 0, 0, 0, 0, 0, 0, 0, 0, 0, 0, 0, 0, 0, 0, 0, 0, 0, 'Halp!!! Me armour is too heavy', 'Bring me  one Soulforge Breast Plate$B and I will show you how to make it Light as a feather ', 'Hello there  $N  That looks like quite the load you are carrying! $B Would you like to know the secrets of how to make your burden easier? $B$B GM whispers in you ear...  Roll 4d2  if your total is more than you should click accept!', NULL, 'Just a strap here, and a tinkering there ! $B$BWhalla! $B That fixes this right up  for you $N. THERE! Brought to you by your Friendly Gnomish Team of Developers!', NULL, NULL, 0, 0, 0, 0, 0, 0, 0, 0, 0, 0, 0, 0, 0, 0, 0, 0, 22089, 102051, 0, 0, 0, 0, 1, 1, 0, 0, 0, 0, 0, 0, 0, 0, 0, NULL, NULL, NULL, NULL, 0, 0, 0, 0, 0, 0, 0, 0, 0, 0, 0, 0, 0, 0, 0, 0, 0, 0, 0, 1);
INSERT INTO `quest_template` (`Id`, `Method`, `Level`, `MinLevel`, `MaxLevel`, `ZoneOrSort`, `Type`, `SuggestedPlayers`, `LimitTime`, `RequiredClasses`, `RequiredRaces`, `RequiredSkillId`, `RequiredSkillPoints`, `RequiredFactionId1`, `RequiredFactionId2`, `RequiredFactionValue1`, `RequiredFactionValue2`, `RequiredMinRepFaction`, `RequiredMaxRepFaction`, `RequiredMinRepValue`, `RequiredMaxRepValue`, `PrevQuestId`, `NextQuestId`, `ExclusiveGroup`, `NextQuestIdChain`, `RewardXPId`, `RewardOrRequiredMoney`, `RewardMoneyMaxLevel`, `RewardSpell`, `RewardSpellCast`, `RewardHonor`, `RewardHonorMultiplier`, `RewardMailTemplateId`, `RewardMailDelay`, `SourceItemId`, `SourceItemCount`, `SourceSpellId`, `Flags`, `SpecialFlags`, `RewardTitleId`, `RequiredPlayerKills`, `RewardTalents`, `RewardArenaPoints`, `RewardItemId1`, `RewardItemId2`, `RewardItemId3`, `RewardItemId4`, `RewardItemCount1`, `RewardItemCount2`, `RewardItemCount3`, `RewardItemCount4`, `RewardChoiceItemId1`, `RewardChoiceItemId2`, `RewardChoiceItemId3`, `RewardChoiceItemId4`, `RewardChoiceItemId5`, `RewardChoiceItemId6`, `RewardChoiceItemCount1`, `RewardChoiceItemCount2`, `RewardChoiceItemCount3`, `RewardChoiceItemCount4`, `RewardChoiceItemCount5`, `RewardChoiceItemCount6`, `RewardFactionId1`, `RewardFactionId2`, `RewardFactionId3`, `RewardFactionId4`, `RewardFactionId5`, `RewardFactionValueId1`, `RewardFactionValueId2`, `RewardFactionValueId3`, `RewardFactionValueId4`, `RewardFactionValueId5`, `RewardFactionValueIdOverride1`, `RewardFactionValueIdOverride2`, `RewardFactionValueIdOverride3`, `RewardFactionValueIdOverride4`, `RewardFactionValueIdOverride5`, `PointMapId`, `PointX`, `PointY`, `PointOption`, `Title`, `Objectives`, `Details`, `EndText`, `OfferRewardText`, `RequestItemsText`, `CompletedText`, `RequiredNpcOrGo1`, `RequiredNpcOrGo2`, `RequiredNpcOrGo3`, `RequiredNpcOrGo4`, `RequiredNpcOrGoCount1`, `RequiredNpcOrGoCount2`, `RequiredNpcOrGoCount3`, `RequiredNpcOrGoCount4`, `RequiredSourceItemId1`, `RequiredSourceItemId2`, `RequiredSourceItemId3`, `RequiredSourceItemId4`, `RequiredSourceItemCount1`, `RequiredSourceItemCount2`, `RequiredSourceItemCount3`, `RequiredSourceItemCount4`, `RequiredItemId1`, `RequiredItemId2`, `RequiredItemId3`, `RequiredItemId4`, `RequiredItemId5`, `RequiredItemId6`, `RequiredItemCount1`, `RequiredItemCount2`, `RequiredItemCount3`, `RequiredItemCount4`, `RequiredItemCount5`, `RequiredItemCount6`, `RequiredSpellCast1`, `RequiredSpellCast2`, `RequiredSpellCast3`, `RequiredSpellCast4`, `Unknown0`, `ObjectiveText1`, `ObjectiveText2`, `ObjectiveText3`, `ObjectiveText4`, `DetailsEmote1`, `DetailsEmote2`, `DetailsEmote3`, `DetailsEmote4`, `DetailsEmoteDelay1`, `DetailsEmoteDelay2`, `DetailsEmoteDelay3`, `DetailsEmoteDelay4`, `EmoteOnIncomplete`, `EmoteOnComplete`, `OfferRewardEmote1`, `OfferRewardEmote2`, `OfferRewardEmote3`, `OfferRewardEmote4`, `OfferRewardEmoteDelay1`, `OfferRewardEmoteDelay2`, `OfferRewardEmoteDelay3`, `OfferRewardEmoteDelay4`, `CompleteScript`, `WDBVerified`) VALUES (120123, 2, -1, 1, 40, -284, 0, 0, 0, 4, 0, 0, 0, 0, 0, 0, 0, 0, 0, 0, 0, 0, 0, 0, 0, 0, 0, 0, 0, 8737, 0, 1, 0, 0, 0, 0, 0, 0, 0, 0, 0, 0, 0, 22060, 0, 0, 0, 1, 0, 0, 0, 0, 0, 0, 0, 0, 0, 0, 0, 0, 0, 0, 0, 0, 0, 0, 0, 0, 0, 0, 0, 0, 0, 0, 0, 0, 0, 0, 0, 0, 0, 0, 'Halp!!! Me armour is too heavy', 'Bring me  one Beastmaster\'s Tunic $B and I will show you how to make it Light as a feather ', 'Hello there  $N  That looks like quite the load you are carrying! $B Would you like to know the secrets of how to make your burden easier? $B$B GM whispers in you ear...  Roll 4d2  if your total is more than you should click accept!', NULL, 'Just a strap here, and a tinkering there ! $B$BWhalla! $B That fixes this right up  for you $N. THERE! Brought to you by your Friendly Gnomish Team of Developers!', NULL, NULL, 0, 0, 0, 0, 0, 0, 0, 0, 0, 0, 0, 0, 0, 0, 0, 0, 22060, 102050, 0, 0, 0, 0, 1, 1, 0, 0, 0, 0, 0, 0, 0, 0, 0, NULL, NULL, NULL, NULL, 0, 0, 0, 0, 0, 0, 0, 0, 0, 0, 0, 0, 0, 0, 0, 0, 0, 0, 0, 1);
INSERT INTO `quest_template` (`Id`, `Method`, `Level`, `MinLevel`, `MaxLevel`, `ZoneOrSort`, `Type`, `SuggestedPlayers`, `LimitTime`, `RequiredClasses`, `RequiredRaces`, `RequiredSkillId`, `RequiredSkillPoints`, `RequiredFactionId1`, `RequiredFactionId2`, `RequiredFactionValue1`, `RequiredFactionValue2`, `RequiredMinRepFaction`, `RequiredMaxRepFaction`, `RequiredMinRepValue`, `RequiredMaxRepValue`, `PrevQuestId`, `NextQuestId`, `ExclusiveGroup`, `NextQuestIdChain`, `RewardXPId`, `RewardOrRequiredMoney`, `RewardMoneyMaxLevel`, `RewardSpell`, `RewardSpellCast`, `RewardHonor`, `RewardHonorMultiplier`, `RewardMailTemplateId`, `RewardMailDelay`, `SourceItemId`, `SourceItemCount`, `SourceSpellId`, `Flags`, `SpecialFlags`, `RewardTitleId`, `RequiredPlayerKills`, `RewardTalents`, `RewardArenaPoints`, `RewardItemId1`, `RewardItemId2`, `RewardItemId3`, `RewardItemId4`, `RewardItemCount1`, `RewardItemCount2`, `RewardItemCount3`, `RewardItemCount4`, `RewardChoiceItemId1`, `RewardChoiceItemId2`, `RewardChoiceItemId3`, `RewardChoiceItemId4`, `RewardChoiceItemId5`, `RewardChoiceItemId6`, `RewardChoiceItemCount1`, `RewardChoiceItemCount2`, `RewardChoiceItemCount3`, `RewardChoiceItemCount4`, `RewardChoiceItemCount5`, `RewardChoiceItemCount6`, `RewardFactionId1`, `RewardFactionId2`, `RewardFactionId3`, `RewardFactionId4`, `RewardFactionId5`, `RewardFactionValueId1`, `RewardFactionValueId2`, `RewardFactionValueId3`, `RewardFactionValueId4`, `RewardFactionValueId5`, `RewardFactionValueIdOverride1`, `RewardFactionValueIdOverride2`, `RewardFactionValueIdOverride3`, `RewardFactionValueIdOverride4`, `RewardFactionValueIdOverride5`, `PointMapId`, `PointX`, `PointY`, `PointOption`, `Title`, `Objectives`, `Details`, `EndText`, `OfferRewardText`, `RequestItemsText`, `CompletedText`, `RequiredNpcOrGo1`, `RequiredNpcOrGo2`, `RequiredNpcOrGo3`, `RequiredNpcOrGo4`, `RequiredNpcOrGoCount1`, `RequiredNpcOrGoCount2`, `RequiredNpcOrGoCount3`, `RequiredNpcOrGoCount4`, `RequiredSourceItemId1`, `RequiredSourceItemId2`, `RequiredSourceItemId3`, `RequiredSourceItemId4`, `RequiredSourceItemCount1`, `RequiredSourceItemCount2`, `RequiredSourceItemCount3`, `RequiredSourceItemCount4`, `RequiredItemId1`, `RequiredItemId2`, `RequiredItemId3`, `RequiredItemId4`, `RequiredItemId5`, `RequiredItemId6`, `RequiredItemCount1`, `RequiredItemCount2`, `RequiredItemCount3`, `RequiredItemCount4`, `RequiredItemCount5`, `RequiredItemCount6`, `RequiredSpellCast1`, `RequiredSpellCast2`, `RequiredSpellCast3`, `RequiredSpellCast4`, `Unknown0`, `ObjectiveText1`, `ObjectiveText2`, `ObjectiveText3`, `ObjectiveText4`, `DetailsEmote1`, `DetailsEmote2`, `DetailsEmote3`, `DetailsEmote4`, `DetailsEmoteDelay1`, `DetailsEmoteDelay2`, `DetailsEmoteDelay3`, `DetailsEmoteDelay4`, `EmoteOnIncomplete`, `EmoteOnComplete`, `OfferRewardEmote1`, `OfferRewardEmote2`, `OfferRewardEmote3`, `OfferRewardEmote4`, `OfferRewardEmoteDelay1`, `OfferRewardEmoteDelay2`, `OfferRewardEmoteDelay3`, `OfferRewardEmoteDelay4`, `CompleteScript`, `WDBVerified`) VALUES (120124, 2, -1, 1, 40, -284, 0, 0, 0, 64, 0, 0, 0, 0, 0, 0, 0, 0, 0, 0, 0, 0, 0, 0, 0, 0, 0, 0, 0, 8737, 0, 1, 0, 0, 0, 0, 0, 0, 0, 0, 0, 0, 0, 22102, 0, 0, 0, 1, 0, 0, 0, 0, 0, 0, 0, 0, 0, 0, 0, 0, 0, 0, 0, 0, 0, 0, 0, 0, 0, 0, 0, 0, 0, 0, 0, 0, 0, 0, 0, 0, 0, 0, 'Halp!!! Me armour is too heavy', 'Bring me  one Vest of The Five Thunders $B and I will show you how to make it Light as a feather ', 'Hello there  $N  That looks like quite the load you are carrying! $B Would you like to know the secrets of how to make your burden easier? $B$B GM whispers in you ear...  Roll 4d2  if your total is more than you should click accept!', NULL, 'Just a strap here, and a tinkering there ! $B$BWhalla! $B That fixes this right up  for you $N. THERE! Brought to you by your Friendly Gnomish Team of Developers!', NULL, NULL, 0, 0, 0, 0, 0, 0, 0, 0, 0, 0, 0, 0, 0, 0, 0, 0, 22102, 102050, 0, 0, 0, 0, 1, 1, 0, 0, 0, 0, 0, 0, 0, 0, 0, NULL, NULL, NULL, NULL, 0, 0, 0, 0, 0, 0, 0, 0, 0, 0, 0, 0, 0, 0, 0, 0, 0, 0, 0, 1);




INSERT INTO `creature_involvedrelation` (`id`, `quest`)
VALUES
	('22961', '120121'),	('22961', '120122'),	('22961', '120123'),	('22961', '120124');

INSERT INTO `creature_questrelation` (`id`, `quest`)
VALUES
	('22961', '120121'),	('22961', '120122')	,('22961', '120123')	,('22961', '120124');

INSERT INTO `item_template` (`entry`, `class`, `subclass`, `SoundOverrideSubclass`, `name`, `displayid`, `Quality`, `Flags`, `FlagsExtra`, `BuyCount`, `BuyPrice`, `SellPrice`, `InventoryType`, `AllowableClass`, `AllowableRace`, `ItemLevel`, `RequiredLevel`, `RequiredSkill`, `RequiredSkillRank`, `requiredspell`, `requiredhonorrank`, `RequiredCityRank`, `RequiredReputationFaction`, `RequiredReputationRank`, `maxcount`, `stackable`, `ContainerSlots`, `StatsCount`, `stat_type1`, `stat_value1`, `stat_type2`, `stat_value2`, `stat_type3`, `stat_value3`, `stat_type4`, `stat_value4`, `stat_type5`, `stat_value5`, `stat_type6`, `stat_value6`, `stat_type7`, `stat_value7`, `stat_type8`, `stat_value8`, `stat_type9`, `stat_value9`, `stat_type10`, `stat_value10`, `ScalingStatDistribution`, `ScalingStatValue`, `dmg_min1`, `dmg_max1`, `dmg_type1`, `dmg_min2`, `dmg_max2`, `dmg_type2`, `armor`, `holy_res`, `fire_res`, `nature_res`, `frost_res`, `shadow_res`, `arcane_res`, `delay`, `ammo_type`, `RangedModRange`, `spellid_1`, `spelltrigger_1`, `spellcharges_1`, `spellppmRate_1`, `spellcooldown_1`, `spellcategory_1`, `spellcategorycooldown_1`, `spellid_2`, `spelltrigger_2`, `spellcharges_2`, `spellppmRate_2`, `spellcooldown_2`, `spellcategory_2`, `spellcategorycooldown_2`, `spellid_3`, `spelltrigger_3`, `spellcharges_3`, `spellppmRate_3`, `spellcooldown_3`, `spellcategory_3`, `spellcategorycooldown_3`, `spellid_4`, `spelltrigger_4`, `spellcharges_4`, `spellppmRate_4`, `spellcooldown_4`, `spellcategory_4`, `spellcategorycooldown_4`, `spellid_5`, `spelltrigger_5`, `spellcharges_5`, `spellppmRate_5`, `spellcooldown_5`, `spellcategory_5`, `spellcategorycooldown_5`, `bonding`, `description`, `PageText`, `LanguageID`, `PageMaterial`, `startquest`, `lockid`, `Material`, `sheath`, `RandomProperty`, `RandomSuffix`, `block`, `itemset`, `MaxDurability`, `area`, `Map`, `BagFamily`, `TotemCategory`, `socketColor_1`, `socketContent_1`, `socketColor_2`, `socketContent_2`, `socketColor_3`, `socketContent_3`, `socketBonus`, `GemProperties`, `RequiredDisenchantSkill`, `ArmorDamageModifier`, `duration`, `ItemLimitCategory`, `HolidayId`, `ScriptName`, `DisenchantID`, `FoodType`, `minMoneyLoot`, `maxMoneyLoot`, `flagsCustom`, `WDBVerified`) VALUES ('102050', '0', '0', '-1', 'Scroll Of Mail Armor', '3331', '5', '0', '0', '1', '0', '0', '0', '-1', '-1', '0', '0', '0', '0', '0', '0', '0', '0', '0', '0', '1', '0', '10', '0', '0', '0', '0', '0', '0', '0', '0', '0', '0', '0', '0', '0', '0', '0', '0', '0', '0', '0', '0', '0', '0', '0', '0', '0', '0', '0', '0', '0', '0', '0', '0', '0', '0', '0', '0', '0', '0', '55884', '0', '0', '0', '0', '303', '0', '8737', '6', '1', '0', '0', '0', '0', '0', '0', '0', '0', '0', '0', '0', '0', '0', '0', '0', '0', '0', '0', '0', '0', '0', '0', '0', '0', '0', '1', 'This scroll will teach you how to Wear Mail Armor', '0', '0', '0', '0', '0', '-1', '0', '0', '0', '0', '0', '0', '0', '0', '0', '0', '0', '0', '0', '0', '0', '0', '0', '0', '0', '0', '0', '0', '0', 'internalitemhanler', '0', '0', '0', '0', '0', '1');

INSERT INTO `item_template` (`entry`, `class`, `subclass`, `SoundOverrideSubclass`, `name`, `displayid`, `Quality`, `Flags`, `FlagsExtra`, `BuyCount`, `BuyPrice`, `SellPrice`, `InventoryType`, `AllowableClass`, `AllowableRace`, `ItemLevel`, `RequiredLevel`, `RequiredSkill`, `RequiredSkillRank`, `requiredspell`, `requiredhonorrank`, `RequiredCityRank`, `RequiredReputationFaction`, `RequiredReputationRank`, `maxcount`, `stackable`, `ContainerSlots`, `StatsCount`, `stat_type1`, `stat_value1`, `stat_type2`, `stat_value2`, `stat_type3`, `stat_value3`, `stat_type4`, `stat_value4`, `stat_type5`, `stat_value5`, `stat_type6`, `stat_value6`, `stat_type7`, `stat_value7`, `stat_type8`, `stat_value8`, `stat_type9`, `stat_value9`, `stat_type10`, `stat_value10`, `ScalingStatDistribution`, `ScalingStatValue`, `dmg_min1`, `dmg_max1`, `dmg_type1`, `dmg_min2`, `dmg_max2`, `dmg_type2`, `armor`, `holy_res`, `fire_res`, `nature_res`, `frost_res`, `shadow_res`, `arcane_res`, `delay`, `ammo_type`, `RangedModRange`, `spellid_1`, `spelltrigger_1`, `spellcharges_1`, `spellppmRate_1`, `spellcooldown_1`, `spellcategory_1`, `spellcategorycooldown_1`, `spellid_2`, `spelltrigger_2`, `spellcharges_2`, `spellppmRate_2`, `spellcooldown_2`, `spellcategory_2`, `spellcategorycooldown_2`, `spellid_3`, `spelltrigger_3`, `spellcharges_3`, `spellppmRate_3`, `spellcooldown_3`, `spellcategory_3`, `spellcategorycooldown_3`, `spellid_4`, `spelltrigger_4`, `spellcharges_4`, `spellppmRate_4`, `spellcooldown_4`, `spellcategory_4`, `spellcategorycooldown_4`, `spellid_5`, `spelltrigger_5`, `spellcharges_5`, `spellppmRate_5`, `spellcooldown_5`, `spellcategory_5`, `spellcategorycooldown_5`, `bonding`, `description`, `PageText`, `LanguageID`, `PageMaterial`, `startquest`, `lockid`, `Material`, `sheath`, `RandomProperty`, `RandomSuffix`, `block`, `itemset`, `MaxDurability`, `area`, `Map`, `BagFamily`, `TotemCategory`, `socketColor_1`, `socketContent_1`, `socketColor_2`, `socketContent_2`, `socketColor_3`, `socketContent_3`, `socketBonus`, `GemProperties`, `RequiredDisenchantSkill`, `ArmorDamageModifier`, `duration`, `ItemLimitCategory`, `HolidayId`, `ScriptName`, `DisenchantID`, `FoodType`, `minMoneyLoot`, `maxMoneyLoot`, `flagsCustom`, `WDBVerified`) VALUES ('102051', '0', '0', '-1', 'Scroll Of Mail Armor', '3331', '5', '0', '0', '1', '0', '0', '0', '-1', '-1', '0', '0', '0', '0', '0', '0', '0', '0', '0', '0', '1', '0', '10', '0', '0', '0', '0', '0', '0', '0', '0', '0', '0', '0', '0', '0', '0', '0', '0', '0', '0', '0', '0', '0', '0', '0', '0', '0', '0', '0', '0', '0', '0', '0', '0', '0', '0', '0', '0', '0', '0', '55884', '0', '0', '0', '0', '303', '0', '750', '6', '1', '0', '0', '0', '0', '0', '0', '0', '0', '0', '0', '0', '0', '0', '0', '0', '0', '0', '0', '0', '0', '0', '0', '0', '0', '0', '1', 'This scroll will teach you how to Wear Plate Mail', '0', '0', '0', '0', '0', '-1', '0', '0', '0', '0', '0', '0', '0', '0', '0', '0', '0', '0', '0', '0', '0', '0', '0', '0', '0', '0', '0', '0', '0', 'internalitemhanler', '0', '0', '0', '0', '0', '1');
