<Ui xmlns="http://www.blizzard.com/wow/ui/"
    xmlns:xsi="http://www.w3.org/2001/XMLSchema-instance"
    xsi:schemaLocation="http://www.blizzard.com/wow/ui/..\FrameXML\UI.xsd">

  <Frame name="HealPoints_BSFrame" parent="UIParent" hidden="false">
    <Scripts>
      <OnLoad>
        HealPointsBS:OnLoad();
      </OnLoad>
      <OnEvent>
        HealPointsBS:OnEvent();
      </OnEvent>
      <OnUpdate>
        HealPointsBS:OnUpdate(arg1);
      </OnUpdate>
    </Scripts>
  </Frame>
  <GameTooltip name="HealPointsBSTooltip" inherits="GameTooltipTemplate">
    <Scripts>
      <OnLoad>
        this:SetOwner(UIParent, "ANCHOR_NONE");
      </OnLoad>
    </Scripts>
  </GameTooltip>
</Ui>