<Ui xmlns="http://www.blizzard.com/wow/ui/" 
    xmlns:xsi="http://www.w3.org/2001/XMLSchema-instance"
    xsi:schemaLocation="http://www.blizzard.com/wow/ui/..\FrameXML\UI.xsd">
  <!-- Lua Scripts -->
	
  <!-- HealPoints frame -->
  <Frame name="HealPoints_CharFrame" inherits="StatFrameTemplate" parent="CharacterAttributesFrame">
    <Anchors>
      <Anchor point="BOTTOMRIGHT" relativeTo="CharacterAttributesFrame" relativePoint="TOPRIGHT">
        <Offset>
          <AbsDimension x="0" y="22"/>
        </Offset>
      </Anchor>
    </Anchors>
    <Scripts>
      <OnEnter>
        HealPointsCharUI:setTooltip();
      </OnEnter>
      <OnLeave>
        GameTooltip:Hide();
      </OnLeave>
      <OnShow>
        if (HealPoints.ISHEALER and HealPoints:IsEnabled()) then
          HealPointsCalculator:updateHealPoints();
        end
      </OnShow>
      <OnMouseUp>
        if (HealPoints_CalcFrame:IsVisible()) then
          HealPoints_CalcFrame:Hide();
        elseif (HealPoints.ISHEALER and HealPoints:IsEnabled()) then
          HealPoints_CalcFrame:Show();
        end
      </OnMouseUp>
    </Scripts>
  </Frame>
</Ui>
