<!-- Revision: 22 2009-09-04T19:03:22Z -->
<Ui xmlns="http://www.blizzard.com/wow/ui/" xmlns:xsi="http://www.w3.org/2001/XMLSchema-instance" xsi:schemaLocation="http://www.blizzard.com/wow/ui/
..\..\..\FrameXML\UI.xsd">
  <Script file="ArmoryReputationFrame.lua"/>
  <Button name="ArmoryReputationBarTemplate" virtual="true">
    <Size>
      <AbsDimension x="295" y="20"/>
    </Size>
    <Frames>
      <Button name="$parentExpandOrCollapseButton">
        <Size>
          <AbsDimension x="13" y="13"/>
        </Size>
        <Anchors>
          <Anchor point="LEFT">
            <Offset>
              <AbsDimension x="3" y="0"/>
            </Offset>
          </Anchor>
        </Anchors>
        <HitRectInsets>
          <AbsInset left="1" right="-4" top="-2" bottom="-2"/>
        </HitRectInsets>
        <Scripts>
          <OnClick>
            if (self:GetParent().isCollapsed) then
              Armory:ExpandFactionHeader(self:GetParent().index);
            else
              Armory:CollapseFactionHeader(self:GetParent().index);
            end
            ArmoryReputationFrame_Update();
          </OnClick>
        </Scripts>
        <NormalTexture file="Interface\Buttons\UI-MinusButton-UP">
          <Size>
            <AbsDimension x="16" y="16"/>
          </Size>
          <Anchors>
            <Anchor point="LEFT">
              <Offset>
                <AbsDimension x="3" y="0"/>
              </Offset>
            </Anchor>
          </Anchors>
        </NormalTexture>
        <HighlightTexture name="$parentHighlight" file="Interface\Buttons\UI-PlusButton-Hilight" alphaMode="ADD">
          <Size>
            <AbsDimension x="16" y="16"/>
          </Size>
          <Anchors>
            <Anchor point="LEFT">
              <Offset>
                <AbsDimension x="3" y="0"/>
              </Offset>
            </Anchor>
          </Anchors>
        </HighlightTexture>
      </Button>
      <StatusBar name="$parentReputationBar" drawLayer="BACKGROUND" minValue="0" maxValue="1" defaultValue="1">
        <Size>
          <AbsDimension x="101" y="13"/>
        </Size>
        <Anchors>
          <Anchor point="RIGHT">
            <Offset>
              <AbsDimension x="0" y="0"/>
            </Offset>
          </Anchor>
        </Anchors>
        <Layers>
          <Layer level="OVERLAY">
            <Texture name="$parentAtWarHighlight2" file="Interface\PaperDollInfoFrame\UI-Character-ReputationBar" alphaMode="ADD" hidden="true">
              <Size>
                <AbsDimension x="103" y="17"/>
              </Size>
              <Anchors>
                <Anchor point="TOPRIGHT">
                  <Offset x="0" y="0"/>
                </Anchor>
              </Anchors>
              <TexCoords left="0" right="0.40234375" top="0.734375" bottom="1.0"/>
            </Texture>
            <Texture name="$parentAtWarHighlight1" file="Interface\PaperDollInfoFrame\UI-Character-ReputationBar" alphaMode="ADD" hidden="true">
              <Size>
                <AbsDimension x="0" y="17"/>
              </Size>
              <Anchors>
                <Anchor point="RIGHT" relativeTo="$parentAtWarHighlight2" relativePoint="LEFT">
                  <Offset x="0" y="0"/>
                </Anchor>
              </Anchors>
              <TexCoords left="0.25390625" right="1" top="0.375" bottom="0.640625"/>
            </Texture>
          </Layer>
          <Layer level="ARTWORK">
            <Texture name="$parentLeftTexture" file="Interface\PaperDollInfoFrame\UI-Character-ReputationBar">
              <Size>
                <AbsDimension x="62" y="21"/>
              </Size>
              <Anchors>
                <Anchor point="LEFT">
                  <Offset>
                    <AbsDimension x="0" y="0"/>
                  </Offset>
                </Anchor>
              </Anchors>
              <TexCoords left="0.691" right="1.0" top="0.047" bottom="0.281"/>
            </Texture>
            <Texture name="$parentRightTexture" file="Interface\PaperDollInfoFrame\UI-Character-ReputationBar">
              <Size>
                <AbsDimension x="42" y="21"/>
              </Size>
              <Anchors>
                <Anchor point="LEFT" relativeTo="$parentLeftTexture" relativePoint="RIGHT">
                  <Offset>
                    <AbsDimension x="0" y="0"/>
                  </Offset>
                </Anchor>
              </Anchors>
              <TexCoords left="0.0" right="0.164" top="0.3906" bottom="0.625"/>
            </Texture>
            <FontString name="$parentFactionStanding" inherits="GameFontHighlightSmall" text="Revered">
              <Anchors>
                <Anchor point="CENTER">
                  <Offset>
                    <AbsDimension x="0" y="0"/>
                  </Offset>
                </Anchor>
              </Anchors>
            </FontString>
          </Layer>
          <Layer level="OVERLAY">
            <Texture name="$parentHighlight2" file="Interface\PaperDollInfoFrame\UI-Character-ReputationBar-Highlight" alphaMode="ADD" hidden="true">
              <Size>
                <AbsDimension x="17" y="28"/>
              </Size>
              <Anchors>
                <Anchor point="RIGHT">
                  <Offset x="4" y="0"/>
                </Anchor>
              </Anchors>
              <TexCoords left="0" right="0.06640625" top="0.4375" bottom="0.875"/>
            </Texture>
            <Texture name="$parentHighlight1" file="Interface\PaperDollInfoFrame\UI-Character-ReputationBar-Highlight" alphaMode="ADD" hidden="true">
              <Size>
                <AbsDimension x="0" y="28"/>
              </Size>
              <Anchors>
                <Anchor point="RIGHT" relativeTo="$parentHighlight2" relativePoint="LEFT"/>
              </Anchors>
              <TexCoords left="0" right="1" top="0" bottom="0.4375"/>
            </Texture>
          </Layer>
        </Layers>
        <BarTexture file="Interface\PaperDollInfoFrame\UI-Character-Skills-Bar"/>
        <BarColor r=".25" g=".25" b=".75"/>
      </StatusBar>
    </Frames>
    <Layers>
      <Layer level="ARTWORK">
        <Texture name="$parentBackground" file="Interface\PaperDollInfoFrame\UI-Character-ReputationBar">
          <Size>
            <AbsDimension x="0" y="21"/>
          </Size>
          <Anchors>
            <Anchor point="LEFT">
              <Offset x="0" y="0"/>
            </Anchor>
          </Anchors>
          <TexCoords left="0.0" right="0.7578125" top="0.0" bottom="0.328125"/>
        </Texture>
      </Layer>
      <Layer level="OVERLAY">
        <Texture name="$parentLeftLine" file="Interface\PaperDollInfoFrame\UI-Character-ReputationLines" hidden="true">
          <Size>
            <AbsDimension x="0" y="2"/>
          </Size>
          <Anchors>
            <Anchor point="RIGHT">
              <Offset x="0" y="0"/>
            </Anchor>
          </Anchors>
          <TexCoords left="0" right="2" top="0" bottom="2"/>
        </Texture>
        <Texture name="$parentBottomLine" file="Interface\PaperDollInfoFrame\UI-Character-ReputationLines" hidden="true">
          <Size>
            <AbsDimension x="2" y="0"/>
          </Size>
          <Anchors>
            <Anchor point="TOP">
              <Offset x="0" y="0"/>
            </Anchor>
          </Anchors>
          <TexCoords left="0" right="2" top="0" bottom="2"/>
        </Texture>
        <FontString name="$parentFactionName" inherits="GameFontHighlightSmall" justifyH="LEFT">
          <Size x="135" y="10"/>
        </FontString>
      </Layer>
    </Layers>
    <Scripts>
      <OnLoad>
        _G[self:GetName().."ReputationBarHighlight1"]:SetPoint("TOPLEFT",self,"TOPLEFT",-2, 4);
        _G[self:GetName().."ReputationBarHighlight1"]:SetPoint("BOTTOMRIGHT",self,"BOTTOMRIGHT",-10, -4);
        _G[self:GetName().."ReputationBarAtWarHighlight1"]:SetPoint("TOPLEFT",self,"TOPLEFT",3,-2);
        _G[self:GetName().."ReputationBarAtWarHighlight2"]:SetPoint("TOPRIGHT",self,"TOPRIGHT",-1,-2);
        _G[self:GetName().."ReputationBarAtWarHighlight1"]:SetAlpha(0.2);
        _G[self:GetName().."ReputationBarAtWarHighlight2"]:SetAlpha(0.2);
        _G[self:GetName().."Background"]:SetPoint("TOPRIGHT", self:GetName().."ReputationBarLeftTexture", "TOPLEFT", 0, 0);
        _G[self:GetName().."LeftLine"]:SetWidth(0);
        _G[self:GetName().."BottomLine"]:SetHeight(0);
        _G[self:GetName().."BottomLine"]:SetPoint("TOP", self:GetName().."ExpandOrCollapseButton", "CENTER", 5, 0);
      </OnLoad>
      <OnClick>
        ArmoryReputationBar_OnClick(self);
      </OnClick>
      <OnEnter>
        if (self.tooltip) then
          _G[self:GetName().."ReputationBarFactionStanding"]:SetText(self.tooltip);
        end
        _G[self:GetName().."ReputationBarHighlight1"]:Show();
        _G[self:GetName().."ReputationBarHighlight2"]:Show();
      </OnEnter>
      <OnLeave>
        _G[self:GetName().."ReputationBarFactionStanding"]:SetText(self.standingText);
        if ((self.selectedFaction ~= self.index) or (not ArmoryReputationDetailFrame:IsShown())) then
          _G[self:GetName().."ReputationBarHighlight1"]:Hide();
          _G[self:GetName().."ReputationBarHighlight2"]:Hide();
        end
      </OnLeave>
    </Scripts>
  </Button>

  <Frame name="ArmoryReputationFrame" setAllPoints="true" enableMouse="true" movable="true" parent="ArmoryOtherFrame" hidden="true" id="1">
    <HitRectInsets>
      <AbsInset left="0" right="30" top="0" bottom="75"/>
    </HitRectInsets>
    <Layers>
      <Layer level="OVERLAY">
        <Texture name="ArmoryReputationFrameTopTreeTexture" file="Interface\PaperDollInfoFrame\UI-Character-ReputationLines" hidden="true">
          <Size>
            <AbsDimension x="2" y="4"/>
          </Size>
          <Anchors>
            <Anchor point="TOP" relativeTo="ArmoryReputationFrame" relativePoint="TOPLEFT">
              <Offset x="35" y="-76"/>
            </Anchor>
          </Anchors>
          <TexCoords left="0" right="2" top="0" bottom="2"/>
        </Texture>
        <Texture name="ArmoryReputationFrameTopTreeTexture2" file="Interface\PaperDollInfoFrame\UI-Character-ReputationLines" hidden="true">
          <Size>
            <AbsDimension x="2" y="4"/>
          </Size>
          <Anchors>
            <Anchor point="TOP" relativeTo="ArmoryReputationFrame" relativePoint="TOPLEFT">
              <Offset x="53" y="-76"/>
            </Anchor>
          </Anchors>
          <TexCoords left="0" right="2" top="0" bottom="2"/>
        </Texture>
      </Layer>
    </Layers>
    <Frames>
      <Button name="ArmoryReputationBar1" inherits="ArmoryReputationBarTemplate" id="1">
        <Anchors>
          <Anchor point="TOPRIGHT">
            <Offset>
              <AbsDimension x="-68" y="-83"/>
            </Offset>
          </Anchor>
        </Anchors>
      </Button>
      <Button name="ArmoryReputationBar2" inherits="ArmoryReputationBarTemplate" id="2">
        <Anchors>
          <Anchor point="TOPRIGHT" relativeTo="ArmoryReputationBar1" relativePoint="BOTTOMRIGHT">
            <Offset>
              <AbsDimension x="0" y="-3"/>
            </Offset>
          </Anchor>
        </Anchors>
      </Button>
      <Button name="ArmoryReputationBar3" inherits="ArmoryReputationBarTemplate" id="3">
        <Anchors>
          <Anchor point="TOPRIGHT" relativeTo="ArmoryReputationBar2" relativePoint="BOTTOMRIGHT">
            <Offset>
              <AbsDimension x="0" y="-3"/>
            </Offset>
          </Anchor>
        </Anchors>
      </Button>
      <Button name="ArmoryReputationBar4" inherits="ArmoryReputationBarTemplate" id="4">
        <Anchors>
          <Anchor point="TOPRIGHT" relativeTo="ArmoryReputationBar3" relativePoint="BOTTOMRIGHT">
            <Offset>
              <AbsDimension x="0" y="-3"/>
            </Offset>
          </Anchor>
        </Anchors>
      </Button>
      <Button name="ArmoryReputationBar5" inherits="ArmoryReputationBarTemplate" id="5">
        <Anchors>
          <Anchor point="TOPRIGHT" relativeTo="ArmoryReputationBar4" relativePoint="BOTTOMRIGHT">
            <Offset>
              <AbsDimension x="0" y="-3"/>
            </Offset>
          </Anchor>
        </Anchors>
      </Button>
      <Button name="ArmoryReputationBar6" inherits="ArmoryReputationBarTemplate" id="6">
        <Anchors>
          <Anchor point="TOPRIGHT" relativeTo="ArmoryReputationBar5" relativePoint="BOTTOMRIGHT">
            <Offset>
              <AbsDimension x="0" y="-3"/>
            </Offset>
          </Anchor>
        </Anchors>
      </Button>
      <Button name="ArmoryReputationBar7" inherits="ArmoryReputationBarTemplate" id="7">
        <Anchors>
          <Anchor point="TOPRIGHT" relativeTo="ArmoryReputationBar6" relativePoint="BOTTOMRIGHT">
            <Offset>
              <AbsDimension x="0" y="-3"/>
            </Offset>
          </Anchor>
        </Anchors>
      </Button>
      <Button name="ArmoryReputationBar8" inherits="ArmoryReputationBarTemplate" id="8">
        <Anchors>
          <Anchor point="TOPRIGHT" relativeTo="ArmoryReputationBar7" relativePoint="BOTTOMRIGHT">
            <Offset>
              <AbsDimension x="0" y="-3"/>
            </Offset>
          </Anchor>
        </Anchors>
      </Button>
      <Button name="ArmoryReputationBar9" inherits="ArmoryReputationBarTemplate" id="9">
        <Anchors>
          <Anchor point="TOPRIGHT" relativeTo="ArmoryReputationBar8" relativePoint="BOTTOMRIGHT">
            <Offset>
              <AbsDimension x="0" y="-3"/>
            </Offset>
          </Anchor>
        </Anchors>
      </Button>
      <Button name="ArmoryReputationBar10" inherits="ArmoryReputationBarTemplate" id="10">
        <Anchors>
          <Anchor point="TOPRIGHT" relativeTo="ArmoryReputationBar9" relativePoint="BOTTOMRIGHT">
            <Offset>
              <AbsDimension x="0" y="-3"/>
            </Offset>
          </Anchor>
        </Anchors>
      </Button>
      <Button name="ArmoryReputationBar11" inherits="ArmoryReputationBarTemplate" id="11">
        <Anchors>
          <Anchor point="TOPRIGHT" relativeTo="ArmoryReputationBar10" relativePoint="BOTTOMRIGHT">
            <Offset>
              <AbsDimension x="0" y="-3"/>
            </Offset>
          </Anchor>
        </Anchors>
      </Button>
      <Button name="ArmoryReputationBar12" inherits="ArmoryReputationBarTemplate" id="12">
        <Anchors>
          <Anchor point="TOPRIGHT" relativeTo="ArmoryReputationBar11" relativePoint="BOTTOMRIGHT">
            <Offset>
              <AbsDimension x="0" y="-3"/>
            </Offset>
          </Anchor>
        </Anchors>
      </Button>
      <Button name="ArmoryReputationBar13" inherits="ArmoryReputationBarTemplate" id="13">
        <Anchors>
          <Anchor point="TOPRIGHT" relativeTo="ArmoryReputationBar12" relativePoint="BOTTOMRIGHT">
            <Offset>
              <AbsDimension x="0" y="-3"/>
            </Offset>
          </Anchor>
        </Anchors>
      </Button>
      <Button name="ArmoryReputationBar14" inherits="ArmoryReputationBarTemplate" id="14">
        <Anchors>
          <Anchor point="TOPRIGHT" relativeTo="ArmoryReputationBar13" relativePoint="BOTTOMRIGHT">
            <Offset>
              <AbsDimension x="0" y="-3"/>
            </Offset>
          </Anchor>
        </Anchors>
      </Button>
      <Button name="ArmoryReputationBar15" inherits="ArmoryReputationBarTemplate" id="15">
        <Anchors>
          <Anchor point="TOPRIGHT" relativeTo="ArmoryReputationBar14" relativePoint="BOTTOMRIGHT">
            <Offset>
              <AbsDimension x="0" y="-3"/>
            </Offset>
          </Anchor>
        </Anchors>
      </Button>

      <ScrollFrame name="ArmoryReputationListScrollFrame" inherits="FauxScrollFrameTemplate">
        <Size>
          <AbsDimension x="296" y="354"/>
        </Size>
        <Anchors>
          <Anchor point="TOPRIGHT">
            <Offset>
              <AbsDimension x="-64" y="-76"/>
            </Offset>
          </Anchor>
        </Anchors>
        <Layers>
          <Layer level="BACKGROUND">
            <Texture file="Interface\PaperDollInfoFrame\UI-Character-ScrollBar">
              <Size>
                <AbsDimension x="31" y="256"/>
              </Size>
              <Anchors>
                <Anchor point="TOPLEFT" relativePoint="TOPRIGHT">
                  <Offset>
                    <AbsDimension x="-2" y="5"/>
                  </Offset>
                </Anchor>
              </Anchors>
              <TexCoords left="0" right="0.484375" top="0" bottom="1.0"/>
            </Texture>
            <Texture file="Interface\PaperDollInfoFrame\UI-Character-ScrollBar">
              <Size>
                <AbsDimension x="31" y="108"/>
              </Size>
              <Anchors>
                <Anchor point="BOTTOMLEFT" relativePoint="BOTTOMRIGHT">
                  <Offset>
                    <AbsDimension x="-2" y="-4"/>
                  </Offset>
                </Anchor>
              </Anchors>
              <TexCoords left="0.515625" right="1.0" top="0" bottom="0.421875"/>
            </Texture>
          </Layer>
        </Layers>
        <Scripts>
          <OnVerticalScroll>
            FauxScrollFrame_OnVerticalScroll(self, offset, ARMORY_REPUTATIONFRAME_FACTIONHEIGHT, ArmoryReputationFrame_Update);
          </OnVerticalScroll>
          <OnShow>
            ArmoryReputationBar1:SetPoint("TOPRIGHT", ArmoryReputationFrame, "TOPRIGHT", -70, -83);
          </OnShow>
          <OnHide>
            ArmoryReputationBar1:SetPoint("TOPRIGHT", ArmoryReputationFrame, "TOPRIGHT", -46, -83);
          </OnHide>
        </Scripts>
      </ScrollFrame>
      <Frame name="ArmoryReputationDetailFrame" toplevel="true" enableMouse="true" hidden="true">
        <Size>
          <AbsDimension x="210" y="145"/>
        </Size>
        <Anchors>
          <Anchor point="TOPLEFT" relativeTo="ArmoryReputationFrame" relativePoint="TOPRIGHT">
            <Offset>
              <AbsDimension x="-33" y="-28"/>
            </Offset>
          </Anchor>
        </Anchors>
        <Backdrop bgFile="Interface\DialogFrame\UI-DialogBox-Background" edgeFile="Interface\DialogFrame\UI-DialogBox-Border" tile="true">
          <BackgroundInsets>
            <AbsInset left="11" right="12" top="12" bottom="11"/>
          </BackgroundInsets>
          <TileSize>
            <AbsValue val="32"/>
          </TileSize>
          <EdgeSize>
            <AbsValue val="32"/>
          </EdgeSize>
        </Backdrop>
        <Layers>
          <Layer level="ARTWORK">
            <FontString name="ArmoryReputationDetailFactionName" inherits="GameFontNormal" justifyH="LEFT">
              <Size>
                <AbsDimension x="160" y="0"/>
              </Size>
              <Anchors>
                <Anchor point="TOPLEFT">
                  <Offset>
                    <AbsDimension x="20" y="-21"/>
                  </Offset>
                </Anchor>
              </Anchors>
            </FontString>
            <FontString name="ArmoryReputationDetailFactionDescription" inherits="ReputationDetailFont" justifyH="LEFT">
              <Size>
                <AbsDimension x="170" y="0"/>
              </Size>
              <Anchors>
                <Anchor point="TOPLEFT" relativeTo="ArmoryReputationDetailFactionName" relativePoint="BOTTOMLEFT">
                  <Offset>
                    <AbsDimension x="0" y="-2"/>
                  </Offset>
                </Anchor>
              </Anchors>
            </FontString>
            <Texture file="Interface\PaperDollInfoFrame\UI-Character-Reputation-DetailBackground">
              <Size>
                <AbsDimension x="256" y="128"/>
              </Size>
              <Anchors>
                <Anchor point="TOPLEFT">
                  <Offset>
                    <AbsDimension x="11" y="-11"/>
                  </Offset>
                </Anchor>
              </Anchors>
            </Texture>
          </Layer>
          <Layer level="OVERLAY">
            <Texture name="ArmoryReputationDetailCorner" file="Interface\DialogFrame\UI-DialogBox-Corner">
              <Size>
                <AbsDimension x="32" y="32"/>
              </Size>
              <Anchors>
                <Anchor point="TOPRIGHT">
                  <Offset>
                    <AbsDimension x="-6" y="-7"/>
                  </Offset>
                </Anchor>
              </Anchors>
            </Texture>
          </Layer>
        </Layers>
        <Frames>
          <Button name="ArmoryReputationDetailCloseButton" inherits="UIPanelCloseButton">
            <Anchors>
              <Anchor point="TOPRIGHT">
                <Offset>
                  <AbsDimension x="-3" y="-3"/>
                </Offset>
              </Anchor>
            </Anchors>
          </Button>
        </Frames>
      </Frame>
    </Frames>
    <Scripts>
      <OnLoad>
        ArmoryReputationFrame_OnLoad(self);
      </OnLoad>
      <OnShow>
        ArmoryReputationFrame_OnShow(self);
      </OnShow>
      <OnHide>
        ArmoryReputationDetailFrame:Hide();
      </OnHide>
      <OnEvent>
        ArmoryReputationFrame_OnEvent(self, event, ...);
      </OnEvent>
      <OnMouseUp>
        ArmoryChildWindow_OnMouseUp(self, button);
      </OnMouseUp>
      <OnMouseDown>
        ArmoryChildWindow_OnMouseDown(self, button);
      </OnMouseDown>
    </Scripts>
  </Frame>
</Ui>