<!-- Revision: 22 2009-09-04T19:03:22Z -->
<Ui xmlns="http://www.blizzard.com/wow/ui/" xmlns:xsi="http://www.w3.org/2001/XMLSchema-instance" xsi:schemaLocation="http://www.blizzard.com/wow/ui/
..\..\..\FrameXML\UI.xsd">
  <Script file="ArmoryGlyphFrame.lua"/>
  <Button name="ArmoryGlyphTemplate" virtual="true">
    <Size>
      <AbsDimension x="72" y="72"/>
    </Size>
    <Layers>
      <Layer level="BACKGROUND">
        <Texture name="$parentSetting" file="Interface\Spellbook\UI-GlyphFrame">
          <Size x="86" y="86"/>
          <Anchors>
            <Anchor point="CENTER">
              <Offset x="0" y="0"/>
            </Anchor>
          </Anchors>
          <TexCoords left="0.765625" right="0.927734375" top="0.15625" bottom="0.31640625"/>
        </Texture>
      </Layer>
      <Layer level="BORDER">
        <Texture name="$parentHighlight" file="Interface\Spellbook\UI-GlyphFrame" hidden="true" alphaMode="ADD">
          <Size x="86" y="86"/>
          <Anchors>
            <Anchor point="CENTER">
              <Offset x="0" y="0"/>
            </Anchor>
          </Anchors>
          <TexCoords left="0.765625" right="0.927734375" top="0.15625" bottom="0.31640625"/>
          <Color r="1" g="1" b="1" a=".25"/>
        </Texture>
        <Texture name="$parentBackground" file="Interface\Spellbook\UI-GlyphFrame">
          <Size x="64" y="64"/>
          <Anchors>
            <Anchor point="CENTER">
              <Offset x="0" y="0"/>
            </Anchor>
          </Anchors>
          <TexCoords left="0.78125" right="0.91015625" top="0.69921875" bottom="0.828125"/>
        </Texture>
      </Layer>
      <Layer level="ARTWORK">
        <Texture name="$parentGlyph" file="Interface\Spellbook\UI-Glyph-Rune1">
          <Size x="53" y="53"/>
          <Anchors>
            <Anchor point="CENTER">
              <Offset x="0" y="0"/>
            </Anchor>
          </Anchors>
        </Texture>
      </Layer>
      <Layer level="OVERLAY">
        <Texture name="$parentRing" file="Interface\Spellbook\UI-GlyphFrame">
          <Size x="62" y="62"/>
          <Anchors>
            <Anchor point="CENTER">
              <Offset x="0" y="1"/>
            </Anchor>
          </Anchors>
          <TexCoords left="0.787109375" right="0.908203125" top="0.033203125" bottom="0.154296875"/>
        </Texture>
        <Texture name="$parentShine" file="Interface\Spellbook\UI-GlyphFrame">
          <Size x="16" y="16"/>
          <Anchors>
            <Anchor point="CENTER">
              <Offset x="-9" y="12"/>
            </Anchor>
          </Anchors>
          <TexCoords left="0.9609375" right="1" top="0.921875" bottom="0.9609375"/>
        </Texture>
      </Layer>
    </Layers>
    <Scripts>
      <OnLoad>
        ArmoryGlyphFrameGlyph_OnLoad(self);
      </OnLoad>
      <OnShow>
        ArmoryGlyphFrameGlyph_UpdateSlot(self);
      </OnShow>
      <OnClick>
        ArmoryGlyphFrameGlyph_OnClick(self, button);
      </OnClick>
      <OnEnter>
        ArmoryGlyphFrameGlyph_OnEnter(self);
      </OnEnter>
      <OnLeave>
        ArmoryGlyphFrameGlyph_OnLeave(self);
      </OnLeave>
    </Scripts>
  </Button>
  <Frame name="ArmoryGlyphFrame" parent="ArmorySpellBookFrame" hidden="true">
    <Size x="384" y="512"/>
    <Anchors>
      <Anchor point="TOPLEFT">
        <Offset x="0" y="0"/>
      </Anchor>
    </Anchors>
    <HitRectInsets>
      <AbsInset left="0" right="30" top="0" bottom="70"/>
    </HitRectInsets>
    <Layers>
      <Layer level="BACKGROUND">
        <Texture file="Interface\Spellbook\Spellbook-Icon">
          <Size x="58" y="58"/>
          <Anchors>
            <Anchor point="TOPLEFT">
              <Offset x="10" y="-8"/>
            </Anchor>
          </Anchors>
        </Texture>
      </Layer>
      <Layer level="ARTWORK">
        <Texture name="$parentBackground" file="Interface\Spellbook\UI-GlyphFrame">
          <Size x="352" y="441"/>
          <Anchors>
            <Anchor point="TOPLEFT"/>
          </Anchors>
          <TexCoords left="0" right="0.6875" top="0" bottom="0.861328125"/>
        </Texture>
        <FontString name="$parentTitleText" inherits="GameFontNormal" text="GLYPHS">
          <Anchors>
            <Anchor point="CENTER">
              <Offset x="6" y="230"/>
            </Anchor>
          </Anchors>
        </FontString>
      </Layer>
    </Layers>
    <Frames>
      <Button name="$parentGlyph1" inherits="ArmoryGlyphTemplate" id="1">
        <Size x="90" y="90"/>
        <Anchors>
          <Anchor point="CENTER">
            <Offset x="-15" y="140"/>
          </Anchor>
        </Anchors>
      </Button>
      <Button name="$parentGlyph4" inherits="ArmoryGlyphTemplate" id="4">
        <Size x="90" y="90"/>
        <Anchors>
          <Anchor point="BOTTOMRIGHT">
            <Offset x="-56" y="168"/>
          </Anchor>
        </Anchors>
      </Button>
      <Button name="$parentGlyph6" inherits="ArmoryGlyphTemplate" id="6">
        <Size x="90" y="90"/>
        <Anchors>
          <Anchor point="BOTTOMLEFT">
            <Offset x="26" y="168"/>
          </Anchor>
        </Anchors>
      </Button>
      <Button name="$parentGlyph2" inherits="ArmoryGlyphTemplate" id="2">
        <Size x="90" y="90"/>
        <Anchors>
          <Anchor point="CENTER">
            <Offset x="-14" y="-103"/>
          </Anchor>
        </Anchors>
      </Button>
      <Button name="$parentGlyph5" inherits="ArmoryGlyphTemplate" id="5">
        <Size x="90" y="90"/>
        <Anchors>
          <Anchor point="TOPRIGHT">
            <Offset x="-56" y="-133"/>
          </Anchor>
        </Anchors>
      </Button>
      <Button name="$parentGlyph3" inherits="ArmoryGlyphTemplate" id="3">
        <Size x="90" y="90"/>
        <Anchors>
          <Anchor point="TOPLEFT">
            <Offset x="28" y="-133"/>
          </Anchor>
        </Anchors>
      </Button>
    </Frames>
    <Scripts>
      <OnLoad>
        ArmoryGlyphFrame_OnLoad(self);
      </OnLoad>
      <OnShow>
        ArmoryGlyphFrame_OnShow(self);
      </OnShow>
      <OnEvent>
        ArmoryGlyphFrame_OnEvent(self, event, ...);
      </OnEvent>
    </Scripts>
  </Frame>
</Ui>

