<!-- Revision: 217 2010-01-05T00:02:00Z -->
<Ui xmlns="http://www.blizzard.com/wow/ui/" xmlns:xsi="http://www.w3.org/2001/XMLSchema-instance" xsi:schemaLocation="http://www.blizzard.com/wow/ui/
..\..\..\FrameXML\UI.xsd">
  <Script file="ArmoryPetPaperDollFrame.lua"/>
  <Frame name="ArmoryPetPaperDollFrame" setAllPoints="true" movable="true" parent="ArmoryPetFrame" enableMouse="true" hidden="true">
    <HitRectInsets>
      <AbsInset left="0" right="30" top="0" bottom="75"/>
    </HitRectInsets>
    <Frames>
      <Frame name="ArmoryPetInfoFrame">
        <Size>
          <AbsDimension x="24" y="23"/>
        </Size>
        <Anchors>
          <Anchor point="TOPLEFT">
            <Offset>
              <AbsDimension x="65" y="-93"/>
            </Offset>
          </Anchor>
        </Anchors>
        <Layers>
          <Layer level="BACKGROUND">
            <Texture name="ArmoryPetFrameHappinessTexture" file="Interface\PetPaperDollFrame\UI-PetHappiness" setAllPoints="true">
              <Size>
                <AbsDimension x="24" y="23"/>
              </Size>
              <TexCoords left="0" right="0.1875" top="0" bottom="0.359375"/>
            </Texture>
            <FontString name="ArmoryPetDietText" justifyH="LEFT" inherits="GameFontNormalSmall" text="PET_DIET_TEMPLATE">
              <Anchors>
                <Anchor point="TOPLEFT">
                  <Offset>
                    <AbsDimension x="0" y="-40"/>
                  </Offset>
                </Anchor>
                <Anchor point="BOTTOMRIGHT">
                  <Offset>
                    <AbsDimension x="212" y="-60"/>
                  </Offset>
                </Anchor>
              </Anchors>
            </FontString>
          </Layer>
        </Layers>
        <Scripts>
          <OnEnter>
            if ( self.tooltip ) then
              GameTooltip:SetOwner(self, "ANCHOR_RIGHT");
              GameTooltip:SetText(self.tooltip);
              if ( self.tooltipDamage ) then
                GameTooltip:AddLine(self.tooltipDamage, "", 1, 1, 1);
              end
              GameTooltip:Show();
            end
          </OnEnter>
          <OnLeave>
            GameTooltip:Hide();
          </OnLeave>
        </Scripts>
      </Frame>
      <Frame name="ArmoryPetAttributesFrame">
        <Size>
          <AbsDimension x="230" y="78"/>
        </Size>
        <Anchors>
          <Anchor point="TOPLEFT">
            <Offset>
              <AbsDimension x="68" y="-200"/>
            </Offset>
          </Anchor>
        </Anchors>
        <Layers>
          <Layer level="BACKGROUND">
            <Texture file="Interface\PaperDollInfoFrame\UI-Character-StatBackground">
              <Size>
                <AbsDimension x="114" y="78"/>
              </Size>
              <Anchors>
                <Anchor point="TOPLEFT">
                  <Offset>
                    <AbsDimension x="0" y="0"/>
                  </Offset>
                </Anchor>
              </Anchors>
              <TexCoords left="0" right="0.89" top="0" bottom="0.61"/>
            </Texture>
            <Texture file="Interface\PaperDollInfoFrame\UI-Character-StatBackground">
              <Size>
                <AbsDimension x="114" y="78"/>
              </Size>
              <Anchors>
                <Anchor point="TOPLEFT">
                  <Offset>
                    <AbsDimension x="115" y="0"/>
                  </Offset>
                </Anchor>
              </Anchors>
              <TexCoords left="0" right="0.89" top="0" bottom="0.61"/>
            </Texture>
          </Layer>
        </Layers>
        <Frames>
          <Frame name="ArmoryPetStatFrame1" inherits="StatFrameTemplate" id="1">
            <Anchors>
              <Anchor point="TOPLEFT">
                <Offset>
                  <AbsDimension x="6" y="-5"/>
                </Offset>
              </Anchor>
            </Anchors>
            <Scripts>
              <OnEnter>
                PaperDollStatTooltip(self, "pet");
              </OnEnter>
              <OnLeave>
                GameTooltip:Hide();
              </OnLeave>
            </Scripts>
          </Frame>
          <Frame name="ArmoryPetStatFrame2" inherits="StatFrameTemplate" id="2">
            <Anchors>
              <Anchor point="TOPLEFT" relativeTo="ArmoryPetStatFrame1" relativePoint="BOTTOMLEFT">
                <Offset>
                  <AbsDimension x="0" y="-1"/>
                </Offset>
              </Anchor>
            </Anchors>
            <Scripts>
              <OnEnter>
                PaperDollStatTooltip(self, "pet");
              </OnEnter>
              <OnLeave>
                GameTooltip:Hide();
              </OnLeave>
            </Scripts>
          </Frame>
          <Frame name="ArmoryPetStatFrame3" inherits="StatFrameTemplate" id="3">
            <Anchors>
              <Anchor point="TOPLEFT" relativeTo="ArmoryPetStatFrame2" relativePoint="BOTTOMLEFT">
                <Offset>
                  <AbsDimension x="0" y="-1"/>
                </Offset>
              </Anchor>
            </Anchors>
            <Scripts>
              <OnEnter>
                PaperDollStatTooltip(self, "pet");
              </OnEnter>
              <OnLeave>
                GameTooltip:Hide();
              </OnLeave>
            </Scripts>
          </Frame>
          <Frame name="ArmoryPetStatFrame4" inherits="StatFrameTemplate" id="4">
            <Anchors>
              <Anchor point="TOPLEFT" relativeTo="ArmoryPetStatFrame3" relativePoint="BOTTOMLEFT">
                <Offset>
                  <AbsDimension x="0" y="-1"/>
                </Offset>
              </Anchor>
            </Anchors>
            <Scripts>
              <OnEnter>
                PaperDollStatTooltip(self, "pet");
              </OnEnter>
              <OnLeave>
                GameTooltip:Hide();
              </OnLeave>
            </Scripts>
          </Frame>
          <Frame name="ArmoryPetStatFrame5" inherits="StatFrameTemplate" id="5">
            <Anchors>
              <Anchor point="TOPLEFT" relativeTo="ArmoryPetStatFrame4" relativePoint="BOTTOMLEFT">
                <Offset>
                  <AbsDimension x="0" y="-1"/>
                </Offset>
              </Anchor>
            </Anchors>
            <Scripts>
              <OnEnter>
                PaperDollStatTooltip(self, "pet");
              </OnEnter>
              <OnLeave>
                GameTooltip:Hide();
              </OnLeave>
            </Scripts>
          </Frame>
          <Frame name="ArmoryPetAttackPowerFrame" inherits="StatFrameTemplate">
            <Anchors>
              <Anchor point="TOPLEFT" relativeTo="ArmoryPetAttributesFrame" relativePoint="TOPLEFT">
                <Offset>
                  <AbsDimension x="122" y="-5"/>
                </Offset>
              </Anchor>
            </Anchors>
            <Scripts>
              <OnEnter>
                PaperDollStatTooltip(self, "pet");
              </OnEnter>
              <OnLeave>
                GameTooltip:Hide();
              </OnLeave>
            </Scripts>
          </Frame>
          <Frame name="ArmoryPetDamageFrame" inherits="StatFrameTemplate">
            <Anchors>
              <Anchor point="TOPLEFT" relativeTo="ArmoryPetAttackPowerFrame" relativePoint="BOTTOMLEFT">
                <Offset>
                  <AbsDimension x="0" y="-1"/>
                </Offset>
              </Anchor>
            </Anchors>
            <Scripts>
              <OnEnter>
                ArmoryDamageFrame_OnEnter(self);
              </OnEnter>
              <OnLeave>
                GameTooltip:Hide();
              </OnLeave>
            </Scripts>
          </Frame>
          <Frame name="ArmoryPetSpellDamageFrame" inherits="StatFrameTemplate">
            <Anchors>
              <Anchor point="TOPLEFT" relativeTo="ArmoryPetDamageFrame" relativePoint="BOTTOMLEFT">
                <Offset>
                  <AbsDimension x="0" y="-1"/>
                </Offset>
              </Anchor>
            </Anchors>
            <Scripts>
              <OnEnter>
                PaperDollStatTooltip(self, "pet");
              </OnEnter>
              <OnLeave>
                GameTooltip:Hide();
              </OnLeave>
            </Scripts>
          </Frame>
          <Frame name="ArmoryPetArmorFrame" inherits="StatFrameTemplate">
            <Anchors>
              <Anchor point="TOPLEFT" relativeTo="ArmoryPetSpellDamageFrame" relativePoint="BOTTOMLEFT">
                <Offset>
                  <AbsDimension x="0" y="-1"/>
                </Offset>
              </Anchor>
            </Anchors>
            <Scripts>
              <OnEnter>
                PaperDollStatTooltip(self, "pet");
              </OnEnter>
              <OnLeave>
                GameTooltip:Hide();
              </OnLeave>
            </Scripts>
          </Frame>
        </Frames>
      </Frame>
      <Frame name="ArmoryPetResistanceFrame">
        <Size>
          <AbsDimension x="160" y="32"/>
        </Size>
        <Anchors>
          <Anchor point="TOPRIGHT" relativePoint="TOPLEFT">
            <Offset>
              <AbsDimension x="365" y="-87"/>
            </Offset>
          </Anchor>
        </Anchors>
        <Frames>
          <Frame name="ArmoryPetMagicResFrame1" inherits="MagicResistanceFrameTemplate" id="6">
            <Anchors>
              <Anchor point="TOP"/>
            </Anchors>
            <Layers>
              <Layer level="BACKGROUND">
                <Texture file="Interface\PaperDollInfoFrame\UI-Character-ResistanceIcons">
                  <TexCoords left="0" right="1.0" top="0.2265625" bottom="0.33984375"/>
                </Texture>
                <FontString name="ArmoryPetMagicResText1" inherits="GameFontHighlightSmall" text="X">
                  <Anchors>
                    <Anchor point="BOTTOM">
                      <Offset>
                        <AbsDimension x="0" y="3"/>
                      </Offset>
                    </Anchor>
                  </Anchors>
                </FontString>
              </Layer>
            </Layers>
          </Frame>
          <Frame name="ArmoryPetMagicResFrame2" inherits="MagicResistanceFrameTemplate" id="2">
            <Anchors>
              <Anchor point="RIGHT" relativeTo="ArmoryPetMagicResFrame1" relativePoint="LEFT"/>
            </Anchors>
            <Layers>
              <Layer level="BACKGROUND">
                <Texture file="Interface\PaperDollInfoFrame\UI-Character-ResistanceIcons">
                  <TexCoords left="0" right="1.0" top="0" bottom="0.11328125"/>
                </Texture>
                <FontString name="ArmoryPetMagicResText2" inherits="GameFontHighlightSmall" text="X">
                  <Anchors>
                    <Anchor point="BOTTOM">
                      <Offset>
                        <AbsDimension x="0" y="3"/>
                      </Offset>
                    </Anchor>
                  </Anchors>
                </FontString>
              </Layer>
            </Layers>
          </Frame>
          <Frame name="ArmoryPetMagicResFrame3" inherits="MagicResistanceFrameTemplate" id="3">
            <Anchors>
              <Anchor point="RIGHT" relativeTo="ArmoryPetMagicResFrame2" relativePoint="LEFT"/>
            </Anchors>
            <Layers>
              <Layer level="BACKGROUND">
                <Texture file="Interface\PaperDollInfoFrame\UI-Character-ResistanceIcons">
                  <TexCoords left="0" right="1.0" top="0.11328125" bottom="0.2265625"/>
                </Texture>
                <FontString name="ArmoryPetMagicResText3" inherits="GameFontHighlightSmall" text="X">
                  <Anchors>
                    <Anchor point="BOTTOM">
                      <Offset>
                        <AbsDimension x="0" y="3"/>
                      </Offset>
                    </Anchor>
                  </Anchors>
                </FontString>
              </Layer>
            </Layers>
          </Frame>
          <Frame name="ArmoryPetMagicResFrame4" inherits="MagicResistanceFrameTemplate" id="4">
            <Anchors>
              <Anchor point="RIGHT" relativeTo="ArmoryPetMagicResFrame3" relativePoint="LEFT"/>
            </Anchors>
            <Layers>
              <Layer level="BACKGROUND">
                <Texture file="Interface\PaperDollInfoFrame\UI-Character-ResistanceIcons">
                  <TexCoords left="0" right="1.0" top="0.33984375" bottom="0.453125"/>
                </Texture>
                <FontString name="ArmoryPetMagicResText4" inherits="GameFontHighlightSmall" text="X">
                  <Anchors>
                    <Anchor point="BOTTOM">
                      <Offset>
                        <AbsDimension x="0" y="3"/>
                      </Offset>
                    </Anchor>
                  </Anchors>
                </FontString>
              </Layer>
            </Layers>
          </Frame>
          <Frame name="ArmoryPetMagicResFrame5" inherits="MagicResistanceFrameTemplate" id="5">
            <Anchors>
              <Anchor point="RIGHT" relativeTo="ArmoryPetMagicResFrame4" relativePoint="LEFT"/>
            </Anchors>
            <Layers>
              <Layer level="BACKGROUND">
                <Texture file="Interface\PaperDollInfoFrame\UI-Character-ResistanceIcons">
                  <TexCoords left="0" right="1.0" top="0.453125" bottom="0.56640625"/>
                </Texture>
                <FontString name="ArmoryPetMagicResText5" inherits="GameFontHighlightSmall" text="X">
                  <Anchors>
                    <Anchor point="BOTTOM">
                      <Offset>
                        <AbsDimension x="0" y="3"/>
                      </Offset>
                    </Anchor>
                  </Anchors>
                </FontString>
              </Layer>
            </Layers>
          </Frame>
        </Frames>
      </Frame>
    </Frames>
    <Scripts>
      <OnLoad>
        ArmoryPetPaperDollFrame_OnLoad(self);
      </OnLoad>
      <OnEvent>
        ArmoryPetPaperDollFrame_OnEvent(self, event, ...);
      </OnEvent>
      <OnShow>
        ArmoryBuffFrame_Update("pet");
      </OnShow>
      <OnHide>
        ArmoryBuffFrame_RemoveBuffs("pet");
      </OnHide>
      <OnMouseUp>
        ArmoryChildWindow_OnMouseUp(self, button);
      </OnMouseUp>
      <OnMouseDown>
        ArmoryChildWindow_OnMouseDown(self, button);
      </OnMouseDown>
      <OnMouseWheel>
        return;
      </OnMouseWheel>
    </Scripts>
  </Frame>
</Ui>