<!-- Revision: 154 2009-11-23T22:20:37Z -->
<Ui xmlns="http://www.blizzard.com/wow/ui/" xmlns:xsi="http://www.w3.org/2001/XMLSchema-instance" xsi:schemaLocation="http://www.blizzard.com/wow/ui/
..\..\..\FrameXML\UI.xsd">
  <Script file="ArmoryQuestLogFrame.lua"/>
  <Button name="ArmoryQuestLogTitleButtonTemplate" virtual="true">
    <Size>
      <AbsDimension x="300" y="16"/>
    </Size>
    <Layers>
      <Layer level="BACKGROUND">
        <FontString name="$parentTag" inherits="GameFontNormal" justifyH="RIGHT" parentKey="tag">
          <Size>
            <AbsDimension x="0" y="16"/>
          </Size>
          <Anchors>
            <Anchor point="RIGHT">
              <Offset>
                <AbsDimension x="-2" y="0"/>
              </Offset>
            </Anchor>
          </Anchors>
        </FontString>
      </Layer>
    </Layers>
    <Scripts>
      <OnClick>
        ArmoryQuestLogTitleButton_OnClick(self, button);
      </OnClick>
      <OnEnter>
        ArmoryQuestLogTitleButton_OnEnter(self);
      </OnEnter>
      <OnLeave>
        ArmoryQuestLogTitleButton_OnLeave(self);
      </OnLeave>
    </Scripts>
    <NormalTexture file="Interface\Buttons\UI-MinusButton-UP">
      <Size>
        <AbsDimension x="16" y="16"/>
      </Size>
      <Anchors>
        <Anchor point="LEFT">
          <Offset>
            <AbsDimension x="3" y="0"/>
          </Offset>
        </Anchor>
      </Anchors>
    </NormalTexture>
    <HighlightTexture name="$parentHighlight" file="Interface\Buttons\UI-PlusButton-Hilight" alphaMode="ADD">
      <Size>
        <AbsDimension x="16" y="16"/>
      </Size>
      <Anchors>
        <Anchor point="LEFT">
          <Offset>
            <AbsDimension x="3" y="0"/>
          </Offset>
        </Anchor>
      </Anchors>
    </HighlightTexture>
    <ButtonText name="$parentNormalText" nonspacewrap="true">
      <Size>
        <AbsDimension x="0" y="10"/>
      </Size>
      <Anchors>
        <Anchor point="LEFT">
          <Offset>
            <AbsDimension x="20" y="0"/>
          </Offset>
        </Anchor>
      </Anchors>
    </ButtonText>
    <NormalFont style="GameFontNormalLeft" />
    <HighlightFont style="GameFontHighlightLeft" />
    <DisabledFont style="GameFontHighlightLeft" />
  </Button>
  <Button name="ArmoryQuestInfoRewardItemTemplate" inherits="QuestItemTemplate" virtual="true">
    <Scripts>
      <OnEnter>
        GameTooltip:SetOwner(self, "ANCHOR_RIGHT");
        if ( self.rewardType == "item" ) then
          Armory:SetQuestLogItem(self.type, self:GetID());
          ArmoryShowCompareItem(GameTooltip, select(2, GameTooltip:GetItem()));
        elseif ( self.rewardType == "spell" ) then
          Armory:SetQuestLogRewardSpell();
        end
      </OnEnter>
      <OnLeave>
        ArmoryComparisonTooltip1:Hide();
        ArmoryComparisonTooltip2:Hide();
        GameTooltip:Hide();
        ResetCursor();
      </OnLeave>
      <OnClick>
        if ( self.rewardType == "spell" ) then
          if ( IsModifiedClick("CHATLINK") ) then
            ChatEdit_InsertLink(Armory:GetQuestLogSpellLink());
          end
        else
          HandleModifiedItemClick(self.link);
        end
      </OnClick>
    </Scripts>
  </Button>

  <Frame name="ArmoryQuestLogFrame" enableMouse="true" movable="true" parent="ArmoryFrame" hidden="true">
    <Size>
      <AbsDimension x="384" y="512"/>
    </Size>
    <Anchors>
      <Anchor point="TOPLEFT" relativeTo="ArmoryFrame" relativePoint="TOPRIGHT">
        <Offset>
          <AbsDimension x="0" y="0"/>
        </Offset>
      </Anchor>
    </Anchors>
    <HitRectInsets>
      <AbsInset left="0" right="35" top="0" bottom="75"/>
    </HitRectInsets>
    <Layers>
      <Layer level="BACKGROUND">
        <FontString name="ArmoryQuestLogDummyText" inherits="GameFontNormal" hidden="true">
          <Size>
            <AbsDimension x="0" y="13"/>
          </Size>
        </FontString>
        <Texture file="Interface\QuestFrame\UI-QuestLog-BookIcon">
          <Size>
            <AbsDimension x="64" y="64"/>
          </Size>
          <Anchors>
            <Anchor point="TOPLEFT">
              <Offset>
                <AbsDimension x="4" y="-4"/>
              </Offset>
            </Anchor>
          </Anchors>
        </Texture>
      </Layer>
      <Layer level="ARTWORK">
        <Texture file="Interface\Addons\Armory\Artwork\UI-QuestLog-TopLeft">
          <Size>
            <AbsDimension x="256" y="256"/>
          </Size>
          <Anchors>
            <Anchor point="TOPLEFT"/>
          </Anchors>
        </Texture>
        <Texture file="Interface\Addons\Armory\Artwork\UI-QuestLog-TopRight">
          <Size>
            <AbsDimension x="128" y="256"/>
          </Size>
          <Anchors>
            <Anchor point="TOPRIGHT"/>
          </Anchors>
        </Texture>
        <Texture file="Interface\Addons\Armory\Artwork\UI-QuestLog-BotLeft">
          <Size>
            <AbsDimension x="256" y="256"/>
          </Size>
          <Anchors>
            <Anchor point="BOTTOMLEFT"/>
          </Anchors>
        </Texture>
        <Texture file="Interface\Addons\Armory\Artwork\UI-QuestLog-BotRight">
          <Size>
            <AbsDimension x="128" y="256"/>
          </Size>
          <Anchors>
            <Anchor point="BOTTOMRIGHT"/>
          </Anchors>
        </Texture>
        <FontString name="ArmoryQuestLogTitleText" inherits="GameFontNormal" text="QUEST_LOG">
          <Anchors>
            <Anchor point="TOP" relativeTo="ArmoryQuestLogFrame" relativePoint="TOP">
              <Offset>
                <AbsDimension x="0" y="-17"/>
              </Offset>
            </Anchor>
          </Anchors>
        </FontString>
      </Layer>
    </Layers>
    <Frames>
      <EditBox name="ArmoryQuestLogFrameEditBox" autoFocus="false">
        <Size>
          <AbsDimension x="128" y="20"/>
        </Size>
        <Anchors>
          <Anchor point="TOPRIGHT">
            <Offset x="-45" y="-45"/>
          </Anchor>
        </Anchors>
        <Layers>
          <Layer level="BACKGROUND">
            <Texture name="$parentLeft" file="Interface\Common\Common-Input-Border">
              <Size>
                <AbsDimension x="8" y="20"/>
              </Size>
              <Anchors>
                <Anchor point="TOPLEFT">
                  <Offset x="-5" y="0"/>
                </Anchor>
              </Anchors>
              <TexCoords left="0" right="0.0625" top="0" bottom="0.625"/>
            </Texture>
            <Texture name="$parentRight" file="Interface\Common\Common-Input-Border">
              <Size>
                <AbsDimension x="8" y="20"/>
              </Size>
              <Anchors>
                <Anchor point="RIGHT">
                  <Offset x="0" y="0"/>
                </Anchor>
              </Anchors>
              <TexCoords left="0.9375" right="1.0" top="0" bottom="0.625"/>
            </Texture>
            <Texture name="$parentMiddle" file="Interface\Common\Common-Input-Border">
              <Size>
                <AbsDimension x="0" y="20"/>
              </Size>
              <Anchors>
                <Anchor point="LEFT" relativeTo="$parentLeft" relativePoint="RIGHT"/>
                <Anchor point="RIGHT" relativeTo="$parentRight" relativePoint="LEFT"/>
              </Anchors>
              <TexCoords left="0.0625" right="0.9375" top="0" bottom="0.625"/>
            </Texture>
          </Layer>
        </Layers>
        <Scripts>
          <OnEnterPressed>
            self:ClearFocus();
          </OnEnterPressed>
          <OnEscapePressed>
            self:ClearFocus();
          </OnEscapePressed>
          <OnTextChanged>
            ArmoryQuestLogFrameEditBox_OnTextChanged(self);
          </OnTextChanged>
          <OnEditFocusLost>
            self:HighlightText(0, 0);
            if ( self:GetText() == "" ) then
              self:SetText(SEARCH);
            end
          </OnEditFocusLost>
          <OnEditFocusGained>
            self:HighlightText();
            if ( self:GetText() == SEARCH ) then
              self:SetText("");
            end
          </OnEditFocusGained>
        </Scripts>
        <FontString inherits="ChatFontSmall"/>
      </EditBox>
      <Frame name="ArmoryQuestLogExpandButtonFrame">
        <Size>
          <AbsDimension x="54" y="32"/>
        </Size>
        <Anchors>
          <Anchor point="TOPLEFT">
            <Offset>
              <AbsDimension x="70" y="-48"/>
            </Offset>
          </Anchor>
        </Anchors>
        <Frames>
          <Button name="ArmoryQuestLogCollapseAllButton" hidden="false" inherits="ArmoryQuestLogTitleButtonTemplate" text="ALL">
            <Size>
              <AbsDimension x="40" y="22"/>
            </Size>
            <Anchors>
              <Anchor point="TOPLEFT">
                <Offset>
                  <AbsDimension x="0" y="-2"/>
                </Offset>
              </Anchor>
            </Anchors>
            <Layers>
              <Layer level="BACKGROUND">
                <Texture name="ArmoryQuestLogExpandTabLeft" file="Interface\QuestFrame\UI-QuestLogSortTab-Left">
                  <Size>
                    <AbsDimension x="8" y="32"/>
                  </Size>
                  <Anchors>
                    <Anchor point="TOPLEFT">
                      <Offset>
                        <AbsDimension x="-6" y="8"/>
                      </Offset>
                    </Anchor>
                  </Anchors>
                </Texture>
                <Texture name="ArmoryQuestLogExpandTabMiddle" file="Interface\QuestFrame\UI-QuestLogSortTab-Middle">
                  <Size>
                    <AbsDimension x="38" y="32"/>
                  </Size>
                  <Anchors>
                    <Anchor point="LEFT" relativeTo="ArmoryQuestLogExpandTabLeft" relativePoint="RIGHT">
                      <Offset>
                        <AbsDimension x="0" y="0"/>
                      </Offset>
                    </Anchor>
                  </Anchors>
                </Texture>
                <Texture file="Interface\QuestFrame\UI-QuestLogSortTab-Right">
                  <Size>
                    <AbsDimension x="8" y="32"/>
                  </Size>
                  <Anchors>
                    <Anchor point="LEFT" relativeTo="ArmoryQuestLogExpandTabMiddle" relativePoint="RIGHT"/>
                  </Anchors>
                </Texture>
              </Layer>
            </Layers>
            <Scripts>
              <OnLoad>
                ArmoryQuestLogCollapseAllButtonNormalText:SetWidth(0);
                ArmoryQuestLogExpandTabMiddle:SetWidth(self:GetTextWidth() + 24);
              </OnLoad>
              <OnClick>
                ArmoryQuestLogCollapseAllButton_OnClick(self);
              </OnClick>
              <OnEnter>
                --
              </OnEnter>
              <OnLeave>
                --
              </OnLeave>
            </Scripts>
          </Button>
        </Frames>
      </Frame>
      <Frame name="ArmoryEmptyQuestLogFrame" hidden="true">
        <Size>
          <AbsDimension x="384" y="512"/>
        </Size>
        <Anchors>
          <Anchor point="TOPLEFT">
            <Offset>
              <AbsDimension x="19" y="-73"/>
            </Offset>
          </Anchor>
        </Anchors>
        <Layers>
          <Layer level="BACKGROUND">
            <Texture file="Interface\Addons\Armory\Artwork\UI-QuestLog-Empty-TopLeft">
              <Size>
                <AbsDimension x="256" y="256"/>
              </Size>
              <Anchors>
                <Anchor point="TOPLEFT"/>
              </Anchors>
            </Texture>
            <Texture file="Interface\Addons\Armory\Artwork\UI-QuestLog-Empty-TopRight">
              <Size>
                <AbsDimension x="64" y="256"/>
              </Size>
              <Anchors>
                <Anchor point="TOPRIGHT">
                  <Offset>
                    <AbsDimension x="-64" y="0"/>
                  </Offset>
                </Anchor>
              </Anchors>
            </Texture>
            <Texture file="Interface\Addons\Armory\Artwork\UI-QuestLog-Empty-BotLeft">
              <Size>
                <AbsDimension x="256" y="128"/>
              </Size>
              <Anchors>
                <Anchor point="BOTTOMLEFT">
                  <Offset>
                    <AbsDimension x="0" y="128"/>
                  </Offset>
                </Anchor>
              </Anchors>
            </Texture>
            <Texture file="Interface\Addons\Armory\Artwork\UI-QuestLog-Empty-BotRight">
              <Size>
                <AbsDimension x="64" y="128"/>
              </Size>
              <Anchors>
                <Anchor point="BOTTOMRIGHT">
                  <Offset>
                    <AbsDimension x="-64" y="128"/>
                  </Offset>
                </Anchor>
              </Anchors>
            </Texture>
            <FontString name="ArmoryQuestLogNoQuestsText" inherits="GameFontHighlight" text="QUESTLOG_NO_QUESTS_TEXT">
              <Size>
                <AbsDimension x="200" y="16"/>
              </Size>
              <Anchors>
                <Anchor point="TOP" relativeTo="ArmoryQuestLogTitleText">
                  <Offset>
                    <AbsDimension x="-20" y="-90"/>
                  </Offset>
                </Anchor>
              </Anchors>
            </FontString>
          </Layer>
        </Layers>
      </Frame>
      <Frame name="ArmoryQuestLogCount">
        <Size>
          <AbsDimension x="380" y="20"/>
        </Size>
        <Anchors>
          <Anchor point="BOTTOMLEFT" relativeTo="ArmoryQuestLogFrame">
            <Offset>
              <AbsDimension x="30" y="51"/>
            </Offset>
          </Anchor>
        </Anchors>
        <Layers>
          <Layer level="BACKGROUND">
            <FontString name="ArmoryQuestLogQuestCount" inherits="GameFontNormalSmall">
              <Anchors>
                <Anchor point="TOPLEFT" />
              </Anchors>
            </FontString>
            <FontString name="ArmoryQuestLogDailyQuestCount" inherits="GameFontNormalSmall" text="Daily: 25/25">
              <Anchors>
                <Anchor point="TOPLEFT">
                  <Offset>
                    <AbsDimension x="123" y="0"/>
                  </Offset>
                </Anchor>
              </Anchors>
            </FontString>
          </Layer>
        </Layers>
      </Frame>
      <Button name="ArmoryQuestLogFrameCloseButton" inherits="UIPanelCloseButton">
        <Anchors>
          <Anchor point="TOPRIGHT" relativeTo="ArmoryQuestLogFrame" relativePoint="TOPRIGHT">
            <Offset>
              <AbsDimension x="-30" y="-8"/>
            </Offset>
          </Anchor>
        </Anchors>
      </Button>
      <Frame name="ArmoryQuestLogHighlightFrame" hidden="true">
        <Size>
          <AbsDimension x="293" y="16"/>
        </Size>
        <Anchors>
          <Anchor point="TOPLEFT"/>
        </Anchors>
        <Layers>
          <Layer level="ARTWORK">
            <Texture name="ArmoryQuestLogSkillHighlight" file="Interface\QuestFrame\UI-QuestLogTitleHighlight" alphaMode="ADD"/>
          </Layer>
        </Layers>
      </Frame>
      <Button name="ArmoryQuestLogTitle1" inherits="ArmoryQuestLogTitleButtonTemplate" id="1" hidden="true">
        <Anchors>
          <Anchor point="TOPLEFT" relativeTo="ArmoryQuestLogFrame">
            <Offset>
              <AbsDimension x="19" y="-75"/>
            </Offset>
          </Anchor>
        </Anchors>
      </Button>
      <Button name="ArmoryQuestLogTitle2" inherits="ArmoryQuestLogTitleButtonTemplate" id="2" hidden="true">
        <Anchors>
          <Anchor point="TOPLEFT" relativeTo="ArmoryQuestLogTitle1" relativePoint="BOTTOMLEFT">
            <Offset>
              <AbsDimension x="0" y="1"/>
            </Offset>
          </Anchor>
        </Anchors>
      </Button>
      <Button name="ArmoryQuestLogTitle3" inherits="ArmoryQuestLogTitleButtonTemplate" id="3" hidden="true">
        <Anchors>
          <Anchor point="TOPLEFT" relativeTo="ArmoryQuestLogTitle2" relativePoint="BOTTOMLEFT">
            <Offset>
              <AbsDimension x="0" y="1"/>
            </Offset>
          </Anchor>
        </Anchors>
      </Button>
      <Button name="ArmoryQuestLogTitle4" inherits="ArmoryQuestLogTitleButtonTemplate" id="4" hidden="true">
        <Anchors>
          <Anchor point="TOPLEFT" relativeTo="ArmoryQuestLogTitle3" relativePoint="BOTTOMLEFT">
            <Offset>
              <AbsDimension x="0" y="1"/>
            </Offset>
          </Anchor>
        </Anchors>
      </Button>
      <Button name="ArmoryQuestLogTitle5" inherits="ArmoryQuestLogTitleButtonTemplate" id="5" hidden="true">
        <Anchors>
          <Anchor point="TOPLEFT" relativeTo="ArmoryQuestLogTitle4" relativePoint="BOTTOMLEFT">
            <Offset>
              <AbsDimension x="0" y="1"/>
            </Offset>
          </Anchor>
        </Anchors>
      </Button>
      <Button name="ArmoryQuestLogTitle6" inherits="ArmoryQuestLogTitleButtonTemplate" id="6" hidden="true">
        <Anchors>
          <Anchor point="TOPLEFT" relativeTo="ArmoryQuestLogTitle5" relativePoint="BOTTOMLEFT">
            <Offset>
              <AbsDimension x="0" y="1"/>
            </Offset>
          </Anchor>
        </Anchors>
      </Button>
      <ScrollFrame name="ArmoryQuestLogListScrollFrame" inherits="FauxScrollFrameTemplate">
        <Size>
          <AbsDimension x="300" y="93"/>
        </Size>
        <Anchors>
          <Anchor point="TOPLEFT" relativeTo="ArmoryQuestLogFrame">
            <Offset>
              <AbsDimension x="19" y="-75"/>
            </Offset>
          </Anchor>
        </Anchors>
        <Scripts>
          <OnVerticalScroll>
            FauxScrollFrame_OnVerticalScroll(self, offset, ARMORY_QUESTLOG_QUEST_HEIGHT, ArmoryQuestLog_Update);
          </OnVerticalScroll>
        </Scripts>
      </ScrollFrame>
      
      <ScrollFrame name="ArmoryQuestLogDetailScrollFrame" inherits="UIPanelScrollFrameTemplate">
        <Size>
          <AbsDimension x="300" y="261"/>
        </Size>
        <Anchors>
          <Anchor point="TOPLEFT" relativeTo="ArmoryQuestLogListScrollFrame" relativePoint="BOTTOMLEFT">
            <Offset>
              <AbsDimension x="0" y="-7"/>
            </Offset>
          </Anchor>
        </Anchors>
        <ScrollChild>
          <Frame name="ArmoryQuestLogDetailScrollChildFrame">
            <Size>
              <AbsDimension x="300" y="261"/>
            </Size>
          </Frame>
        </ScrollChild>
      </ScrollFrame>
    </Frames>
    <Scripts>
      <OnLoad>
        ArmoryQuestLogFrame_OnLoad(self);
      </OnLoad>
      <OnEvent>
        ArmoryQuestLogFrame_OnEvent(self, event, ...);
      </OnEvent>
      <OnShow>
        ArmoryQuestLogFrame_OnShow(self);
      </OnShow>
      <OnHide>
        ArmoryQuestLogFrame_OnHide(self);
      </OnHide>
      <OnMouseWheel>
        return;
      </OnMouseWheel>
    </Scripts>
  </Frame>

  <Frame name="ArmoryQuestInfoObjectivesFrame" hidden="true">
    <Size>
      <AbsDimension x="285" y="10"/>
    </Size>
    <Anchors>
      <Anchor point="CENTER" />
    </Anchors>
    <Layers>
      <Layer level="BACKGROUND">
        <FontString name="ArmoryQuestInfoObjective1" inherits="QuestFontNormalSmall" justifyH="LEFT" hidden="true">
          <Size>
            <AbsDimension x="285" y="0"/>
          </Size>
          <Anchors>
            <Anchor point="TOPLEFT" />
          </Anchors>
        </FontString>
        <FontString name="ArmoryQuestInfoObjective2" inherits="QuestFontNormalSmall" justifyH="LEFT" hidden="true">
          <Size>
            <AbsDimension x="285" y="0"/>
          </Size>
          <Anchors>
            <Anchor point="TOPLEFT" relativeTo="ArmoryQuestInfoObjective1" relativePoint="BOTTOMLEFT">
              <Offset>
                <AbsDimension x="0" y="-2"/>
              </Offset>
            </Anchor>
          </Anchors>
        </FontString>
        <FontString name="ArmoryQuestInfoObjective3" inherits="QuestFontNormalSmall" justifyH="LEFT" hidden="true">
          <Size>
            <AbsDimension x="285" y="0"/>
          </Size>
          <Anchors>
            <Anchor point="TOPLEFT" relativeTo="ArmoryQuestInfoObjective2" relativePoint="BOTTOMLEFT">
              <Offset>
                <AbsDimension x="0" y="-2"/>
              </Offset>
            </Anchor>
          </Anchors>
        </FontString>
        <FontString name="ArmoryQuestInfoObjective4" inherits="QuestFontNormalSmall" justifyH="LEFT" hidden="true">
          <Size>
            <AbsDimension x="285" y="0"/>
          </Size>
          <Anchors>
            <Anchor point="TOPLEFT" relativeTo="ArmoryQuestInfoObjective3" relativePoint="BOTTOMLEFT">
              <Offset>
                <AbsDimension x="0" y="-2"/>
              </Offset>
            </Anchor>
          </Anchors>
        </FontString>
        <FontString name="ArmoryQuestInfoObjective5" inherits="QuestFontNormalSmall" justifyH="LEFT" hidden="true">
          <Size>
            <AbsDimension x="285" y="0"/>
          </Size>
          <Anchors>
            <Anchor point="TOPLEFT" relativeTo="ArmoryQuestInfoObjective4" relativePoint="BOTTOMLEFT">
              <Offset>
                <AbsDimension x="0" y="-2"/>
              </Offset>
            </Anchor>
          </Anchors>
        </FontString>
        <FontString name="ArmoryQuestInfoObjective6" inherits="QuestFontNormalSmall" justifyH="LEFT" hidden="true">
          <Size>
            <AbsDimension x="285" y="0"/>
          </Size>
          <Anchors>
            <Anchor point="TOPLEFT" relativeTo="ArmoryQuestInfoObjective5" relativePoint="BOTTOMLEFT">
              <Offset>
                <AbsDimension x="0" y="-2"/>
              </Offset>
            </Anchor>
          </Anchors>
        </FontString>
        <FontString name="ArmoryQuestInfoObjective7" inherits="QuestFontNormalSmall" justifyH="LEFT" hidden="true">
          <Size>
            <AbsDimension x="285" y="0"/>
          </Size>
          <Anchors>
            <Anchor point="TOPLEFT" relativeTo="ArmoryQuestInfoObjective6" relativePoint="BOTTOMLEFT">
              <Offset>
                <AbsDimension x="0" y="-2"/>
              </Offset>
            </Anchor>
          </Anchors>
        </FontString>
        <FontString name="ArmoryQuestInfoObjective8" inherits="QuestFontNormalSmall" justifyH="LEFT" hidden="true">
          <Size>
            <AbsDimension x="285" y="0"/>
          </Size>
          <Anchors>
            <Anchor point="TOPLEFT" relativeTo="ArmoryQuestInfoObjective7" relativePoint="BOTTOMLEFT">
              <Offset>
                <AbsDimension x="0" y="-2"/>
              </Offset>
            </Anchor>
          </Anchors>
        </FontString>
        <FontString name="ArmoryQuestInfoObjective9" inherits="QuestFontNormalSmall" justifyH="LEFT" hidden="true">
          <Size>
            <AbsDimension x="285" y="0"/>
          </Size>
          <Anchors>
            <Anchor point="TOPLEFT" relativeTo="ArmoryQuestInfoObjective8" relativePoint="BOTTOMLEFT">
              <Offset>
                <AbsDimension x="0" y="-2"/>
              </Offset>
            </Anchor>
          </Anchors>
        </FontString>
        <FontString name="ArmoryQuestInfoObjective10" inherits="QuestFontNormalSmall" justifyH="LEFT" hidden="true">
          <Size>
            <AbsDimension x="285" y="0"/>
          </Size>
          <Anchors>
            <Anchor point="TOPLEFT" relativeTo="ArmoryQuestInfoObjective9" relativePoint="BOTTOMLEFT">
              <Offset>
                <AbsDimension x="0" y="-2"/>
              </Offset>
            </Anchor>
          </Anchors>
        </FontString>
      </Layer>
    </Layers>
  </Frame>

  <Frame name="ArmoryQuestInfoTimerFrame" hidden="true">
    <Size>
      <AbsDimension x="1" y="1"/>
    </Size>
    <Anchors>
      <Anchor point="CENTER" />
    </Anchors>
    <Layers>
      <Layer level="BACKGROUND">
        <FontString name="ArmoryQuestInfoTimerText" inherits="QuestFontNormalSmall" justifyH="LEFT" hidden="false">
          <Size>
            <AbsDimension x="285" y="0"/>
          </Size>
          <Anchors>
            <Anchor point="TOPLEFT" />
          </Anchors>
          <Color r="0" g="0" b="0" />
        </FontString>
      </Layer>
    </Layers>
    <Scripts>
      <OnUpdate function="ArmoryQuestInfoTimerFrame_OnUpdate"/>
    </Scripts>
  </Frame>

  <Frame name="ArmoryQuestInfoRequiredMoneyFrame">
    <Size>
      <AbsDimension x="285" y="28"/>
    </Size>
    <Layers>
      <Layer level="BACKGROUND">
        <FontString name="ArmoryQuestInfoRequiredMoneyText" inherits="QuestFontNormalSmall" text="REQUIRED_MONEY">
          <Anchors>
            <Anchor point="LEFT"/>
          </Anchors>
        </FontString>
      </Layer>
    </Layers>
    <Frames>
      <Frame name="ArmoryQuestInfoRequiredMoneyDisplay" inherits="MoneyFrameTemplate">
        <Anchors>
          <Anchor point="LEFT" relativeTo="ArmoryQuestInfoRequiredMoneyText" relativePoint="RIGHT">
            <Offset>
              <AbsDimension x="10" y="0"/>
            </Offset>
          </Anchor>
        </Anchors>
        <Scripts>
          <OnLoad>
            SmallMoneyFrame_OnLoad(self);
            MoneyFrame_SetType(self, "STATIC");
          </OnLoad>
        </Scripts>
      </Frame>
    </Frames>
  </Frame>

  <Frame name="ArmoryQuestInfoFrame" hidden="true">
    <Size>
      <AbsDimension x="300" y="100"/>
    </Size>
    <Layers>
      <Layer level="BACKGROUND">
        <FontString name="ArmoryQuestInfoTitleHeader" inherits="QuestTitleFont" justifyH="LEFT" text="Quest title">
          <Size>
            <AbsDimension x="285" y="0"/>
          </Size>
        </FontString>
        <FontString name="ArmoryQuestInfoObjectivesText" inherits="QuestFont" justifyH="LEFT">
          <Size>
            <AbsDimension x="285" y="0"/>
          </Size>
        </FontString>
        <FontString name="ArmoryQuestInfoRewardText" inherits="QuestFont" justifyH="LEFT">
          <Size>
            <AbsDimension x="285" y="0"/>
          </Size>
        </FontString>
        <FontString name="ArmoryQuestInfoRequiredMoneyText" inherits="QuestFontNormalSmall" text="REQUIRED_MONEY" />
        <FontString name="ArmoryQuestInfoGroupSize" inherits="QuestFont" />
        <FontString name="ArmoryQuestInfoAnchor" inherits="QuestFont" />
        <FontString name="ArmoryQuestInfoDescriptionHeader" inherits="QuestTitleFont" justifyH="LEFT" text="QUEST_DESCRIPTION">
          <Size>
            <AbsDimension x="285" y="0"/>
          </Size>
        </FontString>
        <FontString name="ArmoryQuestInfoObjectivesHeader" inherits="QuestTitleFont" text="QUEST_OBJECTIVES"  justifyH="LEFT">
          <Size>
            <AbsDimension x="285" y="0"/>
          </Size>
        </FontString>
        <FontString name="ArmoryQuestInfoDescriptionText" inherits="QuestFont" justifyH="LEFT">
          <Size>
            <AbsDimension x="285" y="0"/>
          </Size>
        </FontString>
      </Layer>
    </Layers>
    <Frames>
      <Frame name="ArmoryQuestInfoSpacerFrame">
        <Size>
          <AbsDimension x="5" y="5"/>
        </Size>
      </Frame>
    </Frames>
    <Scripts>
      <OnLoad>
        self.material = "Parchment";
      </OnLoad>
    </Scripts>
  </Frame>

  <Frame name="ArmoryQuestInfoRewardsFrame" hidden="true">
    <Size>
      <AbsDimension x="285" y="10" />
    </Size>
    <Anchors>
      <Anchor point="CENTER" />
    </Anchors>
    <Layers>
      <Layer level="BACKGROUND">
        <FontString name="ArmoryQuestInfoRewardsHeader" inherits="QuestTitleFont" text="QUEST_REWARDS" justifyH="LEFT">
          <Size>
            <AbsDimension x="285" y="0"/>
          </Size>
          <Anchors>
            <Anchor point="TOPLEFT" />
          </Anchors>
        </FontString>
        <FontString name="ArmoryQuestInfoItemChooseText" inherits="QuestFont" text="REWARD_CHOICES" hidden="true" justifyH="LEFT">
          <Size>
            <AbsDimension x="285" y="0"/>
          </Size>
          <Anchors>
            <Anchor point="TOPLEFT" relativeTo="ArmoryQuestInfoRewardsHeader" relativePoint="BOTTOMLEFT">
              <Offset>
                <AbsDimension x="0" y="-5"/>
              </Offset>
            </Anchor>
          </Anchors>
        </FontString>
        <FontString name="ArmoryQuestInfoItemReceiveText" inherits="QuestFont" hidden="true" justifyH="LEFT" />
        <FontString name="ArmoryQuestInfoSpellLearnText" inherits="QuestFont" hidden="true" justifyH="LEFT" />
      </Layer>
    </Layers>
    <Frames>
      <Button name="ArmoryQuestInfoItem1" inherits="ArmoryQuestInfoRewardItemTemplate" hidden="true" />
      <Button name="ArmoryQuestInfoItem2" inherits="ArmoryQuestInfoRewardItemTemplate" hidden="true" />
      <Button name="ArmoryQuestInfoItem3" inherits="ArmoryQuestInfoRewardItemTemplate" hidden="true" />
      <Button name="ArmoryQuestInfoItem4" inherits="ArmoryQuestInfoRewardItemTemplate" hidden="true" />
      <Button name="ArmoryQuestInfoItem5" inherits="ArmoryQuestInfoRewardItemTemplate" hidden="true" />
      <Button name="ArmoryQuestInfoItem6" inherits="ArmoryQuestInfoRewardItemTemplate" hidden="true" />
      <Button name="ArmoryQuestInfoItem7" inherits="ArmoryQuestInfoRewardItemTemplate" hidden="true" />
      <Button name="ArmoryQuestInfoItem8" inherits="ArmoryQuestInfoRewardItemTemplate" hidden="true" />
      <Button name="ArmoryQuestInfoItem9" inherits="ArmoryQuestInfoRewardItemTemplate" hidden="true" />
      <Button name="ArmoryQuestInfoItem10" inherits="ArmoryQuestInfoRewardItemTemplate" hidden="true" />
      <Frame name="ArmoryQuestInfoMoneyFrame" inherits="MoneyFrameTemplate">
        <Anchors>
          <Anchor point="LEFT" relativeTo="ArmoryQuestInfoItemReceiveText" relativePoint="RIGHT">
            <Offset>
              <AbsDimension x="15" y="0"/>
            </Offset>
          </Anchor>
        </Anchors>
        <Scripts>
          <OnLoad>
            MoneyFrame_OnLoad(self);
            MoneyFrame_SetType(self, "STATIC");
          </OnLoad>
        </Scripts>
      </Frame>
      <Frame name="ArmoryQuestInfoHonorFrame" inherits="QuestHonorFrameTemplate">
        <Scripts>
          <OnLoad>
            --
          </OnLoad>
          <OnShow>
            local factionGroup = Armory:UnitFactionGroup("player");
            if ( factionGroup ) then
              self.icon:SetTexture("Interface\\TargetingFrame\\UI-PVP-"..factionGroup);
              self.icon:Show();
            else
              self.icon:Hide();
            end
          </OnShow>
        </Scripts>
      </Frame>
      <Frame name="ArmoryQuestInfoArenaPointsFrame" inherits="QuestArenaPointsFrameTemplate" />
      <Frame name="ArmoryQuestInfoTalentFrame" inherits="QuestTalentFrameTemplate" />
      <Frame name="ArmoryQuestInfoXPFrame" inherits="QuestXPFrameTemplate" />
      <Frame name="ArmoryQuestInfoPlayerTitleFrame" inherits="QuestPlayerTitleFrameTemplate" />
      <Frame name="ArmoryQuestInfoReputationsFrame" hidden="true">
        <Size>
          <AbsDimension x="285" y="100"/>
        </Size>
        <Anchors>
          <Anchor point="CENTER" />
        </Anchors>
        <Layers>
          <Layer level="BACKGROUND">
            <FontString name="ArmoryQuestInfoReputationText" inherits="QuestFont" justifyH="LEFT" text="REWARD_REPUTATION_TEXT">
              <Size>
                <AbsDimension x="285" y="0"/>
              </Size>
              <Anchors>
                <Anchor point="TOPLEFT" />
              </Anchors>
            </FontString>
          </Layer>
        </Layers>
        <Frames>
          <Frame name="ArmoryQuestInfoReputation1" inherits="QuestReputationTemplate" hidden="true">
            <Anchors>
              <Anchor point="TOPLEFT" relativeTo="ArmoryQuestInfoReputationText" relativePoint="BOTTOMLEFT">
                <Offset>
                  <AbsDimension x="0" y="-2"/>
                </Offset>
              </Anchor>
            </Anchors>
          </Frame>
          <Frame name="ArmoryQuestInfoReputation2" inherits="QuestReputationTemplate" hidden="true">
            <Anchors>
              <Anchor point="TOPLEFT" relativeTo="ArmoryQuestInfoReputation1" relativePoint="BOTTOMLEFT">
                <Offset>
                  <AbsDimension x="0" y="-2"/>
                </Offset>
              </Anchor>
            </Anchors>
          </Frame>
          <Frame name="ArmoryQuestInfoReputation3" inherits="QuestReputationTemplate" hidden="true">
            <Anchors>
              <Anchor point="TOPLEFT" relativeTo="ArmoryQuestInfoReputation2" relativePoint="BOTTOMLEFT">
                <Offset>
                  <AbsDimension x="0" y="-2"/>
                </Offset>
              </Anchor>
            </Anchors>
          </Frame>
          <Frame name="ArmoryQuestInfoReputation4" inherits="QuestReputationTemplate" hidden="true">
            <Anchors>
              <Anchor point="TOPLEFT" relativeTo="ArmoryQuestInfoReputation3" relativePoint="BOTTOMLEFT">
                <Offset>
                  <AbsDimension x="0" y="-2"/>
                </Offset>
              </Anchor>
            </Anchors>
          </Frame>
          <Frame name="ArmoryQuestInfoReputation5" inherits="QuestReputationTemplate" hidden="true">
            <Anchors>
              <Anchor point="TOPLEFT" relativeTo="ArmoryQuestInfoReputation4" relativePoint="BOTTOMLEFT">
                <Offset>
                  <AbsDimension x="0" y="-2"/>
                </Offset>
              </Anchor>
            </Anchors>
          </Frame>
          <Frame name="ArmoryQuestInfoReputation6" inherits="QuestReputationTemplate" hidden="true">
            <Anchors>
              <Anchor point="TOPLEFT" relativeTo="ArmoryQuestInfoReputation5" relativePoint="BOTTOMLEFT">
                <Offset>
                  <AbsDimension x="0" y="-2"/>
                </Offset>
              </Anchor>
            </Anchors>
          </Frame>
          <Frame name="ArmoryQuestInfoReputation7" inherits="QuestReputationTemplate" hidden="true">
            <Anchors>
              <Anchor point="TOPLEFT" relativeTo="ArmoryQuestInfoReputation6" relativePoint="BOTTOMLEFT">
                <Offset>
                  <AbsDimension x="0" y="-2"/>
                </Offset>
              </Anchor>
            </Anchors>
          </Frame>
          <Frame name="ArmoryQuestInfoReputation8" inherits="QuestReputationTemplate" hidden="true">
            <Anchors>
              <Anchor point="TOPLEFT" relativeTo="ArmoryQuestInfoReputation7" relativePoint="BOTTOMLEFT">
                <Offset>
                  <AbsDimension x="0" y="-2"/>
                </Offset>
              </Anchor>
            </Anchors>
          </Frame>
          <Frame name="ArmoryQuestInfoReputation9" inherits="QuestReputationTemplate" hidden="true">
            <Anchors>
              <Anchor point="TOPLEFT" relativeTo="ArmoryQuestInfoReputation8" relativePoint="BOTTOMLEFT">
                <Offset>
                  <AbsDimension x="0" y="-2"/>
                </Offset>
              </Anchor>
            </Anchors>
          </Frame>
          <Frame name="ArmoryQuestInfoReputation10" inherits="QuestReputationTemplate" hidden="true">
            <Anchors>
              <Anchor point="TOPLEFT" relativeTo="ArmoryQuestInfoReputation9" relativePoint="BOTTOMLEFT">
                <Offset>
                  <AbsDimension x="0" y="-2"/>
                </Offset>
              </Anchor>
            </Anchors>
          </Frame>
        </Frames>
      </Frame>
    </Frames>
  </Frame>

</Ui>