<!-- Revision: 22 2009-09-04T19:03:22Z -->
<Ui xmlns="http://www.blizzard.com/wow/ui/" xmlns:xsi="http://www.w3.org/2001/XMLSchema-instance" xsi:schemaLocation="http://www.blizzard.com/wow/ui/
..\..\..\FrameXML\UI.xsd">
  <Script file="ArmoryBuffFrame.lua"/>
  <Button name="ArmoryAuraButtonTemplate" virtual="true">
    <Size x="22" y="22"/>
    <Layers>
      <Layer level="BACKGROUND">
        <Texture name="$parentIcon"/>
        <FontString name="$parentCount" font="Fonts\ARIALN.TTF" outline="NORMAL" monochrome="true">
          <Anchors>
            <Anchor point="BOTTOMRIGHT">
              <Offset>
                <AbsDimension x="-2" y="2"/>
              </Offset>
            </Anchor>
          </Anchors>
          <Color r="1.0" g="1.0" b="1.0"/>
          <FontHeight>
            <AbsValue val="9"/>
          </FontHeight>
        </FontString>
      </Layer>
    </Layers>
    <Scripts>
      <OnEnter>
        GameTooltip:SetOwner(self, "ANCHOR_BOTTOMLEFT");
        Armory:SetUnitAura(self.unit, self:GetID(), self.filter);
      </OnEnter>
      <OnLeave>
        GameTooltip:Hide();
      </OnLeave>
    </Scripts>
  </Button>
  <Button name="ArmoryBuffButtonTemplate" inherits="ArmoryAuraButtonTemplate" virtual="true" />
  <Button name="ArmoryDebuffButtonTemplate" inherits="ArmoryAuraButtonTemplate" virtual="true">
    <Layers>
      <Layer level="OVERLAY">
        <Texture name="$parentBorder" file="Interface\Buttons\UI-Debuff-Overlays">
          <Size>
            <AbsDimension x="23" y="22"/>
          </Size>
          <Anchors>
            <Anchor point="CENTER">
              <Offset>
                <AbsDimension x="0" y="0"/>
              </Offset>
            </Anchor>
          </Anchors>
          <TexCoords left="0.296875" right="0.5703125" top="0" bottom="0.515625"/>
        </Texture>
      </Layer>
    </Layers>
  </Button>
  <Frame name="ArmoryBuffFrame" parent="ArmoryFrame" toplevel="true">
    <Size>
      <AbsDimension x="24" y="24"/>
    </Size>
    <Anchors>
      <Anchor point="TOPRIGHT" relativePoint="TOPRIGHT">
        <Offset>
          <AbsDimension x="-55" y="11"/>
        </Offset>
      </Anchor>
    </Anchors>
    <Scripts>
      <OnLoad>
        ArmoryBuffFrame_OnLoad(self);
      </OnLoad>
      <OnEvent>
        ArmoryBuffFrame_OnEvent(self, event, ...);
      </OnEvent>
    </Scripts>
  </Frame>
</Ui>