<Ui xmlns="http://www.blizzard.com/wow/ui/" xmlns:xsi="http://www.w3.org/2001/XMLSchema-instance" xsi:schemaLocation="http://www.blizzard.com/wow/ui/..\FrameXML\UI.xsd">
    <Script file="lib\AceLibrary\AceLibrary.lua"/>
    <Script file="lib\AceOO-2.0\AceOO-2.0.lua"/>
    <Script file="lib\AceConsole-2.0\AceConsole-2.0.lua"/>
    <Script file="lib\AceAddon-2.0\AceAddon-2.0.lua"/>
    <Script file="lib\AceEvent-2.0\AceEvent-2.0.lua"/>
    <Script file="lib\AceDB-2.0\AceDB-2.0.lua"/>
    <Script file="lib\AceLocale-2.2\AceLocale-2.2.lua"/>

    <Include file="lib\LibBabble-Zone-3.0\lib.xml"/>
    <Include file="lib\LibCrayon-3.0\lib.xml"/>
	<Include file="lib\LibAbacus-3.0\lib.xml"/>
	
    <Script file="lib\Dewdrop-2.0\Dewdrop-2.0.lua"/>
    <Script file="lib\FuBarPlugin-2.0\FuBarPlugin-2.0.lua"/>
    <Script file="lib\Deformat-2.0\Deformat-2.0.lua"/>
    <Script file="lib\Glory-2.0\Glory-2.0.lua"/>
    <Script file="lib\Tablet-2.0\Tablet-2.0.lua"/>
</Ui>