<Ui xmlns="http://www.blizzard.com/wow/ui/"   xmlns:xsi="http://www.w3.org/2001/XMLSchema-instance"   xsi:schemaLocation="http://www.blizzard.com/wow/ui/"> 
   <Script file="EasyThadd.lua"/> 

   <Frame name="EasyThadd" visible="true" parent="UIParent"> 
      <Scripts> 
         <OnLoad> 
            this:RegisterEvent("VARIABLES_LOADED"); 
         </OnLoad> 
         <OnEvent> 
            if (event == "VARIABLES_LOADED") then 
               EasyThadd_OnLoad(); 
            end 
	EasyThadd_OnEvent();
         </OnEvent> 
	<OnUpdate>EasyThadd_OnUpdate(arg1);
	</OnUpdate> 
      </Scripts> 
   </Frame> 
  <Frame name="EasyThaddRightFrame" frameStrata="HIGH" parent="UIParent" movable="true" hidden="true"> 
		<Size>
			<AbsDimension x="300" y="150"/>
		</Size>
		<Anchors>
      <Anchor point="CENTER">
				<Offset>
					<AbsDimension x="0" y="0"/>
				</Offset>
			</Anchor>
    </Anchors>
    <Layers>
      <Layer level="BACKGROUND">
        <Texture name="EasyThaddRightTexture" file="Interface\AddOns\EasyThadd\EasyThadd_right"/>
			</Layer>
		</Layers>
  </Frame>
  <Frame name="EasyThaddLeftFrame" frameStrata="HIGH" parent="UIParent" movable="true" hidden="true">
		<Size>
			<AbsDimension x="300" y="150"/>
		</Size>
		<Anchors>
      <Anchor point="CENTER">
				<Offset>
					<AbsDimension x="0" y="0"/>
				</Offset>
			</Anchor>
    </Anchors>
    <Layers>
      <Layer level="BACKGROUND">
        <Texture name="EasyThaddLeftTexture" file="Interface\AddOns\EasyThadd\EasyThadd_left"/>
			</Layer>
		</Layers>
  </Frame>
</Ui>