<Ui xmlns="http://www.blizzard.com/wow/ui/" xmlns:xsi="http://www.w3.org/2001/XMLSchema-instance" xsi:schemaLocation="http://www.blizzard.com/wow/ui/
..\FrameXML\UI.xsd">
	<!--@no-lib-strip@-->
	<Include file="embeds.xml"/>
	<!--@end-no-lib-strip@-->
	<Script file="locales\ag_Options-enUS.lua"/>
	<Script file="locales\ag_Options-ruRU.lua"/>
	<Script file="locales\ag_Options-koKR.lua"/>
	<Script file="locales\ag_Options-zhCN.lua"/>
	<Script file="locales\ag_Options-zhTW.lua"/>
	<Script file="ag_Options.lua"/>
	<Script file="ag_ModuleOptions.lua"/>
</Ui>
