<Ui xmlns="http://www.blizzard.com/wow/ui/" xmlns:xsi="http://www.w3.org/2001/XMLSchema-instance" xsi:schemaLocation="http://www.blizzard.com/wow/ui/
..\FrameXML\UI.xsd">
<Script file="foreingLibs\LibStub.lua"/>
<Script file="foreignLibs\CallbackHandler-1.0.lua"/>
<Script file="foreignLibs\LibDataBroker-1.1.lua"/>
<Script file="foreignLibs\LibQTip-1.0.lua"/>
<Include file="foreignLibs\AceAddon-3.0\AceAddon-3.0.xml"/>
<Include file="foreignLibs\AceLocale-3.0\AceLocale-3.0.xml"/>
<Include file="foreignLibs\AceDB-3.0\AceDB-3.0.xml"/>
<Include file="foreignLibs\AceDBOptions-3.0\AceDBOptions-3.0.xml"/>
<Include file="foreignLibs\AceConfig-3.0\AceConfig-3.0.xml"/>
</Ui>