<Ui xmlns="http://www.blizzard.com/wow/ui/" xmlns:xsi="http://www.w3.org/2001/XMLSchema-instance" xsi:schemaLocation="http://www.blizzard.com/wow/ui/">

    <Script file="privateLibs\GuildAdminCore.lua"/>
    <Script file="privateLibs\GuildAdminModel.lua"/>
    <Script file="privateLibs\GuildAdminController.lua"/> 
    <Script file="privateLibs\GuildAdminView.lua"/>
    <Script file="GuildAdmin.lua"/>

	<Frame name="GuildAdminFrame" toplevel="true" parent="UIParent" movable="true" enableMouse="true" hidden="true"> 
        <Size>
            <AbsDimension x="832" y="447"/>
        </Size>
        <Anchors>
            <Anchor point="TOPLEFT">
                <Offset>
                    <AbsDimension x="0" y="-120"/>
                </Offset>
            </Anchor>
        </Anchors>
	    <Scripts>
            <OnShow>
                PlaySound("GAMEDIALOGOPEN")
            </OnShow>
            <OnHide>
                PlaySound("GAMEDIALOGCLOSE")
            </OnHide>
	    </Scripts>
        <Layers>
            <Layer level="BACKGROUND">
                <Texture name="$parentPortrait" file="Interface\FriendsFrame\FriendsFrameScrollIcon">
                    <Size>
                        <AbsDimension x="58" y="58"/>
                    </Size>
                    <Anchors>
                        <Anchor point="TOPLEFT">
                            <Offset>
                                <AbsDimension x="12" y="-8"/>
                            </Offset>
                        </Anchor>
                    </Anchors>
                </Texture>
            </Layer>
            <Layer level="ARTWORK">
                <Texture name="$parentTopLeft" file="Interface\AuctionFrame\UI-AuctionFrame-Browse-TopLeft">
                    <Size>
                        <AbsDimension x="256" y="256"/>
                    </Size>
                    <Anchors>
                        <Anchor point="TOPLEFT"/>
                    </Anchors>
                </Texture>
                <Texture name="$parentTop" file="Interface\AuctionFrame\UI-AuctionFrame-Browse-Top">
                    <Size>
                        <AbsDimension x="320" y="256"/>
                    </Size>
                    <Anchors>
                        <Anchor point="TOPLEFT">
                            <Offset>
                                <AbsDimension x="256" y="0"/>
                            </Offset>
                        </Anchor>
                    </Anchors>
                </Texture>
                <Texture name="$parentTopRight" file="Interface\AuctionFrame\UI-AuctionFrame-Browse-TopRight">
                    <Size>
                        <AbsDimension x="256" y="256"/>
                    </Size>
                    <Anchors>
                        <Anchor point="TOPLEFT" relativeTo="$parentTop" relativePoint="TOPRIGHT">
                            <Offset>
                                <AbsDimension x="0" y="0"/>
                            </Offset>
                        </Anchor>
                    </Anchors>
                </Texture>
                <Texture name="$parentBotLeft" file="Interface\AuctionFrame\UI-AuctionFrame-Browse-BotLeft">
                    <Size>
                        <AbsDimension x="256" y="256"/>
                    </Size>
                    <Anchors>
                        <Anchor point="TOPLEFT">
                            <Offset>
                                <AbsDimension x="0" y="-256"/>
                            </Offset>
                        </Anchor>
                    </Anchors>
                </Texture>
                <Texture name="$parentBot" file="Interface\AuctionFrame\UI-AuctionFrame-Browse-Bot">
                    <Size>
                        <AbsDimension x="320" y="256"/>
                    </Size>
                    <Anchors>
                        <Anchor point="TOPLEFT">
                            <Offset>
                                <AbsDimension x="256" y="-256"/>
                            </Offset>
                        </Anchor>
                    </Anchors>
                </Texture>
                <Texture name="$parentBotRight" file="Interface\AuctionFrame\UI-AuctionFrame-Browse-BotRight">
                    <Size>
                        <AbsDimension x="256" y="256"/>
                    </Size>
                    <Anchors>
                        <Anchor point="TOPLEFT" relativeTo="$parentBot" relativePoint="TOPRIGHT">
                            <Offset>
                                <AbsDimension x="0" y="0"/>
                            </Offset>
                        </Anchor>
                    </Anchors>
                </Texture>
            </Layer>
            <Layer level="OVERLAY">
                <FontString name="$parentName" inherits="GameFontNormal" justifyH="CENTER">
                    <Size>
                        <AbsDimension x="200" y="18"/>
                    </Size>
                    <Anchors>
                        <Anchor point="TOPLEFT">
                            <Offset>
                                <AbsDimension x="350" y="-16"/>
                            </Offset>
                        </Anchor>
                    </Anchors>
                </FontString>
                <FontString name="$parentTotals" inherits="GameFontNormal">
                    <Size x="60" y="24" />
                    <Anchors>
                        <Anchor point="BOTTOMRIGHT">
                            <Offset x="-250" y="13" />
                        </Anchor>
                    </Anchors>
                </FontString>
                <FontString name="$parentTotalMembers" inherits="GameFontNormal" justifyH="RIGHT">
                    <Size x="80" y="24" />
                    <Anchors>
                        <Anchor point="BOTTOMRIGHT">
                            <Offset x="-185" y="13" />
                        </Anchor>
                    </Anchors>
                </FontString>
                <FontString name="$parentTotalKnownChars" inherits="GameFontNormal" justifyH="RIGHT">
                    <Size x="80" y="24" />
                    <Anchors>
                        <Anchor point="BOTTOMRIGHT">
                            <Offset x="-100" y="13" />
                        </Anchor>
                    </Anchors>
                    <Color r="255" g="255" b="255" />
                </FontString>
                <FontString name="$parentTotalGold" inherits="GameFontNormal" justifyH="RIGHT">
                    <Size x="80" y="24" />
                    <Anchors>
                        <Anchor point="BOTTOMRIGHT">
                            <Offset x="-20" y="13" />
                        </Anchor>
                    </Anchors>
                    <Color r="255" g="255" b="255" />
                </FontString>
                <FontString name="$parentSearchLabel" inherits="GameFontNormalSmall">
                    <Size x="120" y="20" />
                    <Anchors>
                        <Anchor point="TOPLEFT">
                            <Offset x="70" y="-35" />
                        </Anchor>
                    </Anchors>
                    <Color r="255" g="255" b="255" />
                </FontString>
            </Layer>
        </Layers>
        <Frames>
            <Button name="$parentTab1" inherits="GuildAdminTabTemplate" id="1">
                <Anchors>
                    <Anchor point="TOPLEFT" relativePoint="BOTTOMLEFT">
                        <Offset>
                            <AbsDimension x="15" y="11"/>
                        </Offset>
                    </Anchor>
                </Anchors>
            </Button>
	        <Button name="$parentCloseFrameButton" inherits="UIPanelCloseButton">
	            <Anchors>
	                <Anchor point="TOPRIGHT" relativeTo="GuildAdminFrame" relativePoint="TOPRIGHT" >
	                    <Offset x="3" y="-8" />
	                </Anchor>
	            </Anchors>
	            <Scripts>
	                <OnClick>
	                    GuildAdmin:ToggleUI()
	                </OnClick>
	            </Scripts>
	        </Button>
        </Frames>
	</Frame>

	<!-- Needed for LibQTip -->
    <Frame name="GuildAdminTooltipFrame" parent="UIParent">
	    <Anchors>
            <Anchor point="BOTTOMLEFT"/>
            <Anchor point="BOTTOMRIGHT"/>
            <Anchor point="LEFT"/>
            <Anchor point="RIGHT"/>
            <Anchor point="TOP"/>
            <Anchor point="BOTTOM"/>
            <Anchor point="CENTER"/>
            <Anchor point="TOPLEFT"/>
            <Anchor point="TOPRIGHT"/>
	    </Anchors>
    </Frame>
</Ui>