<Ui xmlns="http://www.blizzard.com/wow/ui/" xmlns:xsi="http://www.w3.org/2001/XMLSchema-instance" xsi:schemaLocation="http://www.blizzard.com/wow/ui/
C:\Projects\WoW\Bin\Interface\FrameXML\UI.xsd">
	<Script file="EloVars.lua"/>
	<Script file="Eloquence.lua"/>
	<Script file="GrammarData.lua"/>
	<Script file="Typos.lua"/>
	<Script file="Abbreviations.lua"/>
	<Script file="Emotes.lua"/>
	<Script file="Sanitizer.lua"/>
	<Script file="ActingCoach.lua"/>
	<Script file="Dialectician.lua"/>
	<Frame name="Eloquence" frameStrata="LOW" enableMouse="false" parent="UIParent">
		<Scripts>
			<OnLoad>
				this:RegisterEvent("ADDON_LOADED")
			</OnLoad>
			<OnEvent>
				Elo.OnEvent(event)
			</OnEvent>
		</Scripts>
	</Frame>


</Ui>
