<Ui xmlns="http://www.blizzard.com/wow/ui/" xmlns:xsi="http://www.w3.org/2001/XMLSchema-instance" xsi:schemaLocation="http://www.blizzard.com/wow/ui/
C:\Projects\WoW\Bin\Interface\FrameXML\UI.xsd">
	<GameTooltip name="EloRefTooltip" inherits="GameTooltipTemplate" parent="UIParent" enableMouse="true" toplevel="true" movable="true" frameStrata="HIGH" hidden="true">
		<Size>
			<AbsDimension x="128" y="64"/>
		</Size>
			<Scripts>
			<OnHide>
					PlaySoundFile("Sound\\Creature\\Rat\\Rat\\FootstepRat4A.wav");

			</OnHide>
			</Scripts>
		<Anchors>
			<Anchor point="BOTTOM">
				<Offset>
					<AbsDimension x="0" y="80"/>
				</Offset>
			</Anchor>
		</Anchors>
		<TitleRegion setAllPoints="true"/>
		<Frames>
			<Button name="EloRefCloseButton" inherits="EloCloseButtonTemplate">
			</Button>

		<EditBox name="EloRefEditBox" autoFocus="false" multiLine = "true" letters="512" enableMouse="true" frameStrata="HIGH">
			<Size><AbsDimension x="40" y="80"/></Size>
				<Anchors>
					<Anchor point="TOPLEFT">
						<Offset>
							<AbsDimension x="10" y="-28"/>
						</Offset>
					</Anchor>
				</Anchors>
			<Scripts>


				<OnLoad>
					this:SetMultiLine(1)
				</OnLoad>
				<OnEscapePressed>
					this:ClearFocus();
				</OnEscapePressed>
				<OnTabPressed>
					this:ClearFocus();
				</OnTabPressed>
				<OnEditFocusGained>
					PlaySound("UChatScrollButton");
					this:HighlightText()
				</OnEditFocusGained>
			</Scripts>
			<FontString name="EloFont" inherits="GameFontNormal">	
				<Color r="1" g="1" b="1"/>
				<FontHeight>
					<AbsValue val="12"/>
				</FontHeight>
			</FontString>
		</EditBox>

		</Frames>
		<Scripts>
			<OnLoad>
				GameTooltip_OnLoad(self);
				this:SetPadding(16);
			</OnLoad>
			<OnShow>
				EloRefTooltip:SetHeight(EloRefEditBox:GetHeight() + 40 );
				EloRefTooltip:SetWidth(EloRefEditBox:GetWidth() + 20);
			</OnShow>
		</Scripts>
	<Layers>
		<Layer level="BACKGROUND">
			<FontString name="EloRefPlayer" inherits="GameTooltipHeaderText">	
			<FontHeight>
				<AbsValue val="12"/>
			</FontHeight>
			<Anchor point="TOPLEFT">
			</Anchor>
			</FontString>
			<FontString name="EloRefChat" inherits="GameFontNormal">	
			<FontHeight>
				<AbsValue val="12"/>
			</FontHeight>
			<Size>
				<AbsDimension x="240"/>
			</Size>
			<Anchor point="TOPLEFT">
			</Anchor>
			</FontString>
		</Layer>
	</Layers>

	</GameTooltip>

</Ui>
