<Ui
    xmlns = "http://www.blizzard.com/wow/ui/"
    xmlns:xsi = "http://www.w3.org/2001/XMLSchema-instance"
    xsi:schemaLocation = "http://www.blizzard.com/wow/ui/ C:\Projects\WoW\Bin\Interface\FrameXML\UI.xsd">
    <Script file = "Options.lua"/>
    <Button
        name = "EloScrollFrameEntryTemplate"
        virtual = "true"
        font = "GameFontNormalSmall">
        <Size>
            <AbsDimension x = "150" y = "12"/>
        </Size>
        <Layers>
            <Layer level = "BORDER">
                <FontString
                    name = "$parent_Text"
                    inherits = "GameFontNormalSmall"
                    wraponspaces = "false"
                    justifyH = "LEFT"
                    text = ""/>
            </Layer>
        </Layers>
    </Button>
    <Button name = "EloCloseButtonTemplate" inherits = "GameMenuButtonTemplate" virtual = "true">
        <Size>
            <AbsDimension x = "36" y = "36"/>
        </Size>
        <Anchors>
            <Anchor point = "TOPRIGHT" relativePoint = "TOPRIGHT"/>
        </Anchors>
        <Scripts>
            <OnClick>
            this:GetParent():Hide()
            </OnClick>
            <OnEnter>
                if ( this.tooltipText ) then 
                GameTooltip:SetOwner(this, "ANCHOR_TOPRIGHT"); 
                GameTooltip:SetText(this.tooltipText, nil, nil, nil, nil, 1); 
                end
            </OnEnter>
            <OnLeave>GameTooltip:Hide();</OnLeave>
        </Scripts>
        <NormalTexture file = "Interface\Buttons\UI-Panel-MinimizeButton-Up"/>
        <PushedTexture file = "Interface\Buttons\UI-Panel-MinimizeButton-Down"/>
        <HighlightTexture file = "Interface\Buttons\UI-Panel-MinimizeButton-Highlight" alphaMode = "ADD"/>
    </Button>
    <CheckButton
        name = "Elo_RadioButtonTemplate"
        inherits = "SendMailRadioButtonTemplate"
        virtual = "true">
        <Size>
            <AbsDimension x = "16" y = "16"/>
        </Size>
        <HitRectInsets>
            <AbsInset
                left = "-4"
                right = "-4"
                top = "-4"
                bottom = "-4"/>
        </HitRectInsets>
        <Scripts>
            <OnClick>Elo.RadioButtonOnClick(this)</OnClick>
            <OnEnter>
                if ( this.tooltipText ) then 
                GameTooltip:SetOwner(this, "ANCHOR_TOPRIGHT"); 
                GameTooltip:SetText(this.tooltipText, nil, nil, nil, nil, 1); 
                end
            </OnEnter>
            <OnLeave>GameTooltip:Hide();</OnLeave>
        </Scripts>
    </CheckButton>
    <Frame name = "Elo_HelpTemplate" virtual = "true">
        <HitRectInsets>
            <AbsInset
                left = "0"
                right = "0"
                top = "0"
                bottom = "0"/>
        </HitRectInsets>
        <Scripts>
            <OnEnter>
                if ( this.tooltipText ) then
                GameTooltip:SetOwner(this, "ANCHOR_TOPRIGHT"); 
                GameTooltip:SetText(this.tooltipText, nil, nil, nil, nil, 1); 
                end
                GameTooltip:Show();
            </OnEnter>
            <OnLeave>GameTooltip:Hide();</OnLeave>
        </Scripts>
    </Frame>
    <Button
        name = "Elo_LeftButtonTemplate"
        inherits = "UIPanelButtonTemplate"
        virtual = "true">
        <Size>
            <AbsDimension x = "18" y = "18"/>
        </Size>
        <Scripts>
            <OnEnter>
                if ( this.tooltipText ) then 
                GameTooltip:SetOwner(this, "ANCHOR_TOPRIGHT"); 
                GameTooltip:SetText(this.tooltipText, nil, nil, nil, nil, 1); 
                end
                GameTooltip:Show();
            </OnEnter>
            <OnLeave>GameTooltip:Hide();</OnLeave>
            <OnClick>Elo.ClickLeftButton(this)</OnClick>
        </Scripts>
				<NormalTexture file="Interface\Glues\Common\Glue-LeftArrow-Button-Up"/>
				<PushedTexture file="Interface\Glues\Common\Glue-LeftArrow-Button-Down"/>
				<HighlightTexture file="Interface\Glues\Common\Glue-LeftArrow-Button-Highlight" alphaMode="ADD"/>
    </Button>
    <Button
        name = "Elo_RightButtonTemplate"
        inherits = "UIPanelButtonTemplate"
        virtual = "true">
        <Size>
            <AbsDimension x = "18" y = "18"/>
        </Size>
        <Scripts>
            <OnEnter>
                if ( this.tooltipText ) then 
                GameTooltip:SetOwner(this, "ANCHOR_TOPRIGHT"); 
                GameTooltip:SetText(this.tooltipText, nil, nil, nil, nil, 1); 
                end
                GameTooltip:Show();
            </OnEnter>
            <OnLeave>GameTooltip:Hide();</OnLeave>
            <OnClick>Elo.ClickRightButton(this)</OnClick>
        </Scripts>
				<NormalTexture file="Interface\Glues\Common\Glue-RightArrow-Button-Up"/>
				<PushedTexture file="Interface\Glues\Common\Glue-RightArrow-Button-Down"/>
				<HighlightTexture file="Interface\Glues\Common\Glue-RightArrow-Button-Highlight" alphaMode="ADD"/>
    </Button>
    <CheckButton
        name = "Elo_CheckButtonTemplate"
        inherits = "OptionsCheckButtonTemplate"
        virtual = "true">
        <Size>
            <AbsDimension x = "25" y = "25"/>
        </Size>
        <HitRectInsets>
            <AbsInset
                left = "0"
                right = "-100"
                top = "0"
                bottom = "0"/>
        </HitRectInsets>
        <Scripts>
            <OnClick>Elo.CheckBoxOnClick(this:GetID())</OnClick>
            <OnEnter>
                if ( this.tooltipText ) then 
                GameTooltip:SetOwner(this, "ANCHOR_TOPRIGHT"); 
                GameTooltip:SetText(this.tooltipText, nil, nil, nil, nil, 1); 
                end
            </OnEnter>
            <OnLeave>GameTooltip:Hide();</OnLeave>
        </Scripts>
    </CheckButton>
    <Button
        name = "EloPageButtonTemplate"
        inherits = "UIPanelButtonTemplate"
        virtual = "true">
        <Size>
            <AbsDimension x = "120" y = "32"/>
        </Size>
        <Scripts>
            <OnEnter>
                if ( this.tooltipText ) then 
                GameTooltip:SetOwner(this, "ANCHOR_TOPRIGHT"); 
                GameTooltip:SetText(this.tooltipText, nil, nil, nil, nil, 1); 
                end
                GameTooltip:Show();
            </OnEnter>
            <OnLeave>GameTooltip:Hide();</OnLeave>
            <OnClick>Elo.ClickPageButton(this)</OnClick>
            <OnLoad>this:GetNormalFontObject():SetTextColor(1,1,1)</OnLoad>
        </Scripts>
    </Button>
    <Button
        name = "EloConfirmationButtonTemplate"
        inherits = "EloPageButtonTemplate"
        virtual = "true">
        <Size>
            <AbsDimension x = "100" y = "24"/>
        </Size>
        <Scripts>
            <OnClick>Elo.ConfirmationPageButton(this)</OnClick>
        </Scripts>
    </Button>
    <Frame name = "EloFrame" virtual = "true">
        <Backdrop bgFile = "Interface\DialogFrame\UI-DialogBox-Background" edgeFile = "Interface\Glues\Common\TextPanel-Border">
            <EdgeSize>
                <AbsValue val = "12"/>
            </EdgeSize>
            <BackgroundInsets>
                <AbsInset
                    left = "5"
                    right = "2"
                    top = "3"
                    bottom = "3"/>
            </BackgroundInsets>
        </Backdrop>
        <Scripts>
            <OnLoad>
                this:SetFrameLevel(1);
                this:SetBackdropColor(0, 0, 0, 1);
                this:SetBackdropBorderColor(0.25, 0.25, 0.4, 1);
            </OnLoad>
        </Scripts>
    </Frame>
    <Frame
        name = "EloPage"
        hidden = "true"
        virtual = "true"
        parent = "EloOptions">
        <Scripts>
            <OnLoad>
                this:SetFrameLevel(1);
                this:SetBackdropColor(0, 0, 0, 1);
                this:SetBackdropBorderColor(0.25, 0.25, 0.4, 1);
            </OnLoad>
        </Scripts>
        <Anchors>
            <Anchor
                point = "TOPLEFT"
                relativeTo = "EloOptionsPageButtons"
                relativePoint = "TOPRIGHT">
                <Offset>
                    <AbsDimension x = "0" y = "0"/>
                </Offset>
            </Anchor>
            <Anchor
                point = "BOTTOMRIGHT"
                relativeTo = "EloOptions"
                relativePoint = "BOTTOMRIGHT">
                <Offset>
                    <AbsDimension x = "-10" y = "8"/>
                </Offset>
            </Anchor>
        </Anchors>
        <Backdrop bgFile = "Interface\DialogFrame\UI-DialogBox-Background" edgeFile = "Interface\Glues\Common\TextPanel-Border">
            <EdgeSize>
                <AbsValue val = "12"/>
            </EdgeSize>
            <BackgroundInsets>
                <AbsInset
                    left = "5"
                    right = "2"
                    top = "3"
                    bottom = "3"/>
            </BackgroundInsets>
        </Backdrop>
        <Scripts>
            <OnLoad>
                this:SetBackdropColor(0, 0, 0, 1);
                this:SetBackdropBorderColor(0.25, 0.25, 0.4, 0.7);
            </OnLoad>
        </Scripts>
    </Frame>
    <Frame
        name = "EloOptions"
        toplevel = "true"
        frameStrata = "BACKGROUND"
        enableMouse = "false"
        movable = "true"
        parent = "UIParent"
        hidden = "true">
        <Size>
            <AbsDimension x = "530" y = "330"/>
        </Size>
        <Anchors>
            <Anchor point = "TOP">
                <Offset>
                    <AbsDimension x = "0" y = "-200"/>
                </Offset>
            </Anchor>
        </Anchors>
        <Scripts>
            <OnHide>
                --   if Elo.CurrentPage then
                -- getglobal(Elo.PageButtons[Elo.CurrentPage][2]):Hide()
                --   end
                PlaySound("igBackPackClose");
                Elo.UpdateFilters()
            </OnHide>
            <OnLoad>
                this:SetFrameLevel(1);
                this:SetBackdropBorderColor(0.25, 0.25, 0.4, 1);
                this:SetBackdropColor(0, 0, 0.0, 1);
            </OnLoad>
            <OnShow>Elo.UpdateOptions()</OnShow>
            <OnMouseDown>
                if ( arg1 == "LeftButton" ) then 
                this:StartMoving(); 
                end
            </OnMouseDown>
            <OnMouseUp>
                if ( arg1 == "LeftButton" ) then 
                this:StopMovingOrSizing(); 
                end
            </OnMouseUp>
        </Scripts>
        <Backdrop edgeFile = "Interface\DialogFrame\UI-DialogBox-Border">
            <EdgeSize>
                <AbsValue val = "24"/>
            </EdgeSize>
            <BackgroundInsets>
                <AbsInset
                    left = "5"
                    right = "5"
                    top = "5"
                    bottom = "5"/>
            </BackgroundInsets>
        </Backdrop>
        <Frames>
            <Frame
                name = "EloOptionsPageButtons"
                inherits = "EloFrame"
                hidden = "false">
                <Size>
                    <AbsDimension x = "126" y = "200"/>
                </Size>
                <Anchors>
                    <Anchor point = "TOPLEFT" relativePoint = "TOPLEFT">
                        <Offset>
                            <AbsDimension x = "10" y = "-28"/>
                        </Offset>
                    </Anchor>
                    <Anchor
                        point = "BOTTOM"
                        relativeTo = "EloOptions"
                        relativePoint = "BOTTOM">
                        <Offset>
                            <AbsDimension x = "0" y = "8"/>
                        </Offset>
                    </Anchor>
                </Anchors>
                <Frames>
                    <Button
                        name = "EloPageButton1"
                        inherits = "EloPageButtonTemplate"
                        id = "1">
                        <Anchors>
                            <Anchor point = "TOPLEFT">
                                <Offset>
                                    <AbsDimension x = "4" y = "-5"/>
                                </Offset>
                            </Anchor>
                        </Anchors>
                    </Button>
                    <Button
                        name = "EloPageButton2"
                        inherits = "EloPageButtonTemplate"
                        id = "2">
                        <Anchors>
                            <Anchor
                                point = "TOPLEFT"
                                relativePoint = "BOTTOMLEFT"
                                relativeTo = "EloPageButton1">
                                <Offset>
                                    <AbsDimension x = "0" y = "1"/>
                                </Offset>
                            </Anchor>
                        </Anchors>
                    </Button>
                    <Button
                        name = "EloPageButton3"
                        inherits = "EloPageButtonTemplate"
                        id = "3">
                        <Anchors>
                            <Anchor
                                point = "TOPLEFT"
                                relativePoint = "BOTTOMLEFT"
                                relativeTo = "EloPageButton2">
                                <Offset>
                                    <AbsDimension x = "0" y = "1"/>
                                </Offset>
                            </Anchor>
                        </Anchors>
                    </Button>
                    <Button
                        name = "EloPageButton4"
                        inherits = "EloPageButtonTemplate"
                        id = "4">
                        <Anchors>
                            <Anchor
                                point = "TOPLEFT"
                                relativePoint = "BOTTOMLEFT"
                                relativeTo = "EloPageButton3">
                                <Offset>
                                    <AbsDimension x = "0" y = "1"/>
                                </Offset>
                            </Anchor>
                        </Anchors>
                    </Button>
                    <Button
                        name = "EloPageButton5"
                        inherits = "EloPageButtonTemplate"
                        id = "5">
                        <Anchors>
                            <Anchor
                                point = "TOPLEFT"
                                relativePoint = "BOTTOMLEFT"
                                relativeTo = "EloPageButton4">
                                <Offset>
                                    <AbsDimension x = "0" y = "1"/>
                                </Offset>
                            </Anchor>
                        </Anchors>
                    </Button>
                    <Button
                        name = "EloPageButton6"
                        inherits = "EloPageButtonTemplate"
                        id = "6">
                        <Anchors>
                            <Anchor
                                point = "TOPLEFT"
                                relativePoint = "BOTTOMLEFT"
                                relativeTo = "EloPageButton5">
                                <Offset>
                                    <AbsDimension x = "0" y = "1"/>
                                </Offset>
                            </Anchor>
                        </Anchors>
                    </Button>
                    <Button
                        name = "EloPageButton7"
                        inherits = "EloPageButtonTemplate"
                        id = "7">
                        <Anchors>
                            <Anchor
                                point = "TOPLEFT"
                                relativePoint = "BOTTOMLEFT"
                                relativeTo = "EloPageButton6">
                                <Offset>
                                    <AbsDimension x = "0" y = "1"/>
                                </Offset>
                            </Anchor>
                        </Anchors>
                    </Button>
                    <Button
                        name = "EloPageButton8"
                        inherits = "EloPageButtonTemplate"
                        id = "8">
                        <Anchors>
                            <Anchor point = "BOTTOM">
                                <Offset>
                                    <AbsDimension x = "0" y = "0"/>
                                </Offset>
                            </Anchor>
                        </Anchors>
                    </Button>
                </Frames>
            </Frame>
            <!--THE CLOSE BUTTON-->
            <Button name = "EloOptionsClose" inherits = "EloCloseButtonTemplate"></Button>
            <!--THE HEADER FRAME-->
            <Frame
                name = "EloHeader"
                toplevel = "false"
                hidden = "false">
                <Size>
                    <AbsDimension x = "260" y = "64"/>
                </Size>
                <Backdrop bgFile = "Interface\DialogFrame\UI-DialogBox-Header"></Backdrop>
                <Anchors>
                    <Anchor point = "TOP">
                        <Offset>
                            <AbsDimension x = "0" y = "15"/>
                        </Offset>
                    </Anchor>
                </Anchors>
                <Layers>
                    <Layer level = "OVERLAY">
                        <FontString
                            name = "Elo_HeaderText"
                            inherits = "DialogButtonHighlightText"
                            text = "Elo.HeaderText">
                            <Anchors>
                                <Anchor point = "TOP" relativeTo = "EloHeader">
                                    <Offset>
                                        <AbsDimension x = "0" y = "-12"/>
                                    </Offset>
                                </Anchor>
                            </Anchors>
                        </FontString>
                    </Layer>
                </Layers>
                <Scripts>
                    <OnLoad>
                        this:SetBackdropColor(0.25, 0.25, 0.4, .99); 
                        Elo_HeaderText:SetText(Elo.Info.name);
                    </OnLoad>
                    <OnMouseDown>
                        if ( arg1 == "LeftButton" ) then 
                        EloOptions:StartMoving();
                        end
                    </OnMouseDown>
                    <OnMouseUp>
                        if ( arg1 == "LeftButton" ) then 
                        EloOptions:StopMovingOrSizing();  
                        end
                    </OnMouseUp>
                </Scripts>
            </Frame>
        </Frames>
        <Layers>
            <Layer level = "BACKGROUND">
                <Texture name = "EloOptionsBackground">
                    <Color
                        r = "0"
                        g = "0"
                        b = "0.02"
                        a = "0.75"/>
                    <Anchors>
                        <Anchor
                            point = "TOPLEFT"
                            relativeTo = "EloOptions"
                            relativePoint = "TOPLEFT">
                            <Offset>
                                <AbsDimension x = "5" y = "-5"/>
                            </Offset>
                        </Anchor>
                        <Anchor
                            point = "BOTTOMRIGHT"
                            relativeTo = "EloOptions"
                            relativePoint = "BOTTOMRIGHT">
                            <Offset>
                                <AbsDimension x = "-5" y = "5"/>
                            </Offset>
                        </Anchor>
                    </Anchors>
                </Texture>
            </Layer>
            <Layer level = "OVERLAY"></Layer>
        </Layers>
    </Frame>
    <Frame name = "EloFilterOthersFrame" inherits = "EloPage">
        <Scripts>
            <OnLoad>Elo_Text_OthersChannels:SetText('Filter Others');</OnLoad>
        </Scripts>
        <Layers>
            <Layer level = "HIGH">
                <FontString name = "Elo_Text_OthersChannels" inherits = "GameFontHighlight">
                    <Anchors>
                        <Anchor point = "TOPLEFT" relativePoint = "TOPLEFT">
                            <Offset>
                                <AbsDimension x = "15" y = "-10"/>
                            </Offset>
                        </Anchor>
                    </Anchors>
                </FontString>
            </Layer>
        </Layers>
    </Frame>
    <Frame name = "EloFilterSelfFrame" inherits = "EloPage">
        <Scripts>
            <OnLoad>
                Elo_Text_SelfChannels:SetText('Filter Yourself')
                Elo_Text_SafeTag:SetText('Line Tag:')
                Elo_Text_EscapeTag:SetText('Word Tag:')
            </OnLoad>
        </Scripts>
        <Frames>
            <EditBox
                name = "EloOptionsSafeTagEditBox"
                letters = "4"
                autoFocus = "false"
                inherits = "InputBoxTemplate">
                <Size>
                    <AbsDimension x = "35" y = "35"></AbsDimension>
                </Size>
                <Anchors>
                    <Anchor
                        point = "TOPLEFT"
                        relativeTo = "Elo_Text_SafeTag"
                        relativePoint = "TOPRIGHT">
                        <Offset>
                            <AbsDimension x = "8" y = "12"/>
                        </Offset>
                    </Anchor>
                </Anchors>
                <Scripts>
                    <OnShow>
                        if EloConfig then 
                        this:SetText(EloConfig.SafeTag)
                        end
                    </OnShow>
                    <OnTextChanged>EloConfig.SafeTag = EloOptionsSafeTagEditBox:GetText();</OnTextChanged>
                    <OnTabPressed>
                        PlaySoundFile("Sound\\Creature\\Rat\\Rat\\FootstepRat3A.wav");
                        this:ClearFocus(); 
                        this:SetText(EloConfig.SafeTag)
                    </OnTabPressed>
                    <OnEnterPressed>
                        PlaySoundFile("Sound\\Creature\\Rat\\Rat\\FootstepRat3A.wav");
                        this:ClearFocus(); 
                        this:SetText(EloConfig.SafeTag)
                    </OnEnterPressed>
                    <OnEscapePressed>
                        PlaySoundFile("Sound\\Creature\\Rat\\Rat\\FootstepRat3A.wav");
                        this:ClearFocus(); 
                        this:SetText(EloConfig.SafeTag)
                    </OnEscapePressed>
                    <OnEditFocusLost>
                        PlaySoundFile("Sound\\Creature\\Rat\\Rat\\FootstepRat3A.wav");
                        this:HighlightText(0, 0);
                    </OnEditFocusLost>
                    <OnEditFocusGained>
                        PlaySoundFile("Sound\\Creature\\Rat\\Rat\\FootstepRat1A.wav");
                        this:HighlightText();
                    </OnEditFocusGained>
                    <OnEnter>
                        if ( this.tooltipText ) then GameTooltip:SetOwner(this, "ANCHOR_TOPRIGHT"); 
                        GameTooltip:SetText(this.tooltipText, nil, nil, nil, nil, 1); 
                        end
                    </OnEnter>
                    <OnLeave>GameTooltip:Hide();</OnLeave>
                </Scripts>
            </EditBox>
            <EditBox
                name = "EloOptionsEscapeTagEditBox"
                letters = "4"
                autoFocus = "false"
                inherits = "InputBoxTemplate">
                <Size>
                    <AbsDimension x = "35" y = "35"></AbsDimension>
                </Size>
                <Anchors>
                    <Anchor
                        point = "TOPLEFT"
                        relativeTo = "Elo_Text_EscapeTag"
                        relativePoint = "TOPRIGHT">
                        <Offset>
                            <AbsDimension x = "8" y = "12"/>
                        </Offset>
                    </Anchor>
                </Anchors>
                <Scripts>
                    <OnShow>
                        if EloConfig then
                        this:SetText(EloConfig.EscapeTag)
                        end
                    </OnShow>
                    <OnTextChanged>EloConfig.EscapeTag = EloOptionsEscapeTagEditBox:GetText();</OnTextChanged>
                    <OnTabPressed>
                        PlaySoundFile("Sound\\Creature\\Rat\\Rat\\FootstepRat3A.wav"); 
                        this:ClearFocus(); 
                        this:SetText(EloConfig.EscapeTag)
                    </OnTabPressed>
                    <OnEnterPressed>
                        PlaySoundFile("Sound\\Creature\\Rat\\Rat\\FootstepRat3A.wav"); 
                        this:ClearFocus(); 
                        this:SetText(EloConfig.EscapeTag)
                    </OnEnterPressed>
                    <OnEscapePressed>
                        PlaySoundFile("Sound\\Creature\\Rat\\Rat\\FootstepRat3A.wav"); 
                        this:ClearFocus(); 
                        this:SetText(EloConfig.EscapeTag)
                    </OnEscapePressed>
                    <OnEditFocusLost>
                        PlaySoundFile("Sound\\Creature\\Rat\\Rat\\FootstepRat3A.wav"); 
                        this:HighlightText(0, 0);
                    </OnEditFocusLost>
                    <OnEditFocusGained>
                        PlaySoundFile("Sound\\Creature\\Rat\\Rat\\FootstepRat1A.wav"); 
                        this:HighlightText();
                    </OnEditFocusGained>
                    <OnEnter>
                        if ( this.tooltipText ) then GameTooltip:SetOwner(this, "ANCHOR_TOPRIGHT"); 
                        GameTooltip:SetText(this.tooltipText, nil, nil, nil, nil, 1); 
                        end
                    </OnEnter>
                    <OnLeave>GameTooltip:Hide();</OnLeave>
                </Scripts>
            </EditBox>
        </Frames>
        <Layers>
            <Layer level = "HIGH">
                <FontString
                    toplevel = "true"
                    name = "Elo_Text_SelfChannels"
                    inherits = "GameFontHighlight">
                    <Anchors>
                        <Anchor point = "TOPLEFT" relativePoint = "TOPLEFT">
                            <Offset>
                                <AbsDimension x = "15" y = "-10"/>
                            </Offset>
                        </Anchor>
                    </Anchors>
                </FontString>
                <FontString name = "Elo_Text_SafeTag" inherits = "GameFontNormalSmall">
                    <Anchors>
                        <Anchor point = "BOTTOMLEFT">
                            <Offset>
                                <AbsDimension x = "16" y = "18"/>
                            </Offset>
                        </Anchor>
                    </Anchors>
                </FontString>
                <FontString name = "Elo_Text_EscapeTag" inherits = "GameFontNormalSmall">
                    <Anchors>
                        <Anchor
                            point = "LEFT"
                            relativeTo = "Elo_Text_SafeTag"
                            relativePoint = "RIGHT">
                            <Offset>
                                <AbsDimension x = "48" y = "0"/>
                            </Offset>
                        </Anchor>
                    </Anchors>
                </FontString>
            </Layer>
        </Layers>
    </Frame>
    <Frame name = "EloLinksFrame" inherits = "EloPage">
        <Scripts>
            <OnLoad>
                Elo_Text_MaxLength:SetText('Max Length:');
                Elo_Text_SumDisplay:SetText('Display:');
                Elo_Text_LinkOptions:SetText('Chat Links')
                Elo_Text_OutputMode:SetText('Output Mode')
                Elo_Text_SumTag:SetText('Ending Tag')
            </OnLoad>
        </Scripts>
        <Frames>
            <Slider
                name = "EloOptionsSumDisplaySlider"
                inherits = "OptionsSliderTemplate"
                minValue = "10"
                maxValue = "250"
                defaultValue = "EloConfig.SumDisplay"
                valueStep = "10">
                <Anchors>
                    <Anchor
                        point = "TOPLEFT"
                        relativeTo = "Elo_Text_SumDisplay"
                        relativePoint = "BOTTOMLEFT">
                        <Offset>
                            <AbsDimension x = "10" y = "0"/>
                        </Offset>
                    </Anchor>
                </Anchors>
                <Scripts>
                    <OnShow>Elo.InitSumSlider();</OnShow>
                    <OnEnter>
                        if ( this.tooltipText ) then GameTooltip:SetOwner(this, "ANCHOR_LEFT"); 
                        GameTooltip:SetText(this.tooltipText, nil, nil, nil, nil, 1); 
                        end
                    </OnEnter>
                    <OnValueChanged>Elo.MoveSumSlider()</OnValueChanged>
                </Scripts>
            </Slider>
            <Slider
                name = "EloOptionsMaxLengthSlider"
                inherits = "OptionsSliderTemplate"
                minValue = "50"
                maxValue = "300"
                defaultValue = "EloConfig.MaxLength"
                valueStep = "10">
                <Anchors>
                    <Anchor
                        point = "TOPLEFT"
                        relativeTo = "Elo_Text_MaxLength"
                        relativePoint = "BOTTOMLEFT">
                        <Offset>
                            <AbsDimension x = "10" y = "0"/>
                        </Offset>
                    </Anchor>
                </Anchors>
                <Scripts>
                    <OnShow>Elo.InitMaxSlider();</OnShow>
                    <OnEnter>
                        if ( this.tooltipText ) then GameTooltip:SetOwner(this, "ANCHOR_LEFT"); 
                        GameTooltip:SetText(this.tooltipText, nil, nil, nil, nil, 1); 
                        end
                    </OnEnter>
                    <OnValueChanged>Elo.MoveMaxSlider()</OnValueChanged>
                </Scripts>
            </Slider>
            <EditBox
                name = "EloOptionsSumTagEditBox"
                letters = "25"
                autoFocus = "false"
                inherits = "InputBoxTemplate">
                <Size>
                    <AbsDimension x = "135" y = "35"></AbsDimension>
                </Size>
                <Anchors>
                    <Anchor
                        point = "TOPLEFT"
                        relativeTo = "Elo_Text_SumTag"
                        relativePoint = "TOPLEFT">
                        <Offset>
                            <AbsDimension x = "5" y = "-10"/>
                        </Offset>
                    </Anchor>
                </Anchors>
                <Scripts>
                    <OnShow>
                        if EloConfig then
                        this:SetText(EloConfig.SumTag)
                        end
                    </OnShow>
                    <OnTextChanged>
                        EloConfig.SumTag = EloOptionsSumTagEditBox:GetText(); 
                        PlaySoundFile("Sound\\Creature\\Rat\\Rat\\FootstepRat1A.wav");
                    </OnTextChanged>
                    <OnTabPressed>
                        this:ClearFocus(); 
                        this:SetText(EloConfig.SumTag)
                    </OnTabPressed>
                    <OnEnterPressed>
                        this:ClearFocus(); 
                        this:SetText(EloConfig.SumTag)
                    </OnEnterPressed>
                    <OnEscapePressed>
                        this:ClearFocus(); 
                        this:SetText(EloConfig.SumTag)
                    </OnEscapePressed>
                    <OnEditFocusLost>this:HighlightText(0, 0);</OnEditFocusLost>
                    <OnEditFocusGained>this:HighlightText();</OnEditFocusGained>
                    <OnEnter>
                        if ( this.tooltipText ) then 
                        GameTooltip:SetOwner(this, "ANCHOR_TOPRIGHT"); 
                        GameTooltip:SetText(this.tooltipText, nil, nil, nil, nil, 1); 
                        end
                    </OnEnter>
                    <OnLeave>GameTooltip:Hide();</OnLeave>
                </Scripts>
            </EditBox>
            <Button name = "EloOptionsLinksButton" inherits = "UIPanelButtonTemplate">
                <Size>
                    <AbsDimension x = "145" y = "24"/>
                </Size>
                <Anchors>
                    <Anchor
                        point = "TOPLEFT"
                        relativeTo = "Elo_Text_LinkOptions"
                        relativePoint = "BOTTOMLEFT">
                        <Offset>
                            <AbsDimension x = "0" y = "-24"/>
                        </Offset>
                    </Anchor>
                </Anchors>
                <Scripts>
                    <OnEnter>
                        GameTooltip:SetOwner(this, "ANCHOR_TOPRIGHT"); 
                        GameTooltip:SetText(Elo.LinkTip); 
                        GameTooltip:Show();
                    </OnEnter>
                    <OnLeave>GameTooltip:Hide();</OnLeave>
                    <OnClick>Elo.ClickLinksButton()</OnClick>
                </Scripts>
            </Button>
            <Button name = "EloOptionsColor1" id = "1">
                <Size>
                    <AbsDimension x = "32" y = "32"/>
                </Size>
                <Anchors>
                    <Anchor
                        point = "TOPLEFT"
                        relativeTo = "EloOptionsSumTagEditBox"
                        relativePoint = "BOTTOMLEFT">
                        <Offset>
                            <AbsDimension x = "0" y = "-20"/>
                        </Offset>
                    </Anchor>
                </Anchors>
                <Scripts>
                    <OnLoad>Elo_Text_ColorSwatch1:SetText('Tag Color')</OnLoad>
                    <OnEnter>
                        GameTooltip:SetOwner(this, "ANCHOR_TOPRIGHT"); 
                        GameTooltip:SetText("Pick a color for the tag message above."); 
                        GameTooltip:Show();
                    </OnEnter>
                    <OnLeave>GameTooltip:Hide();</OnLeave>
                    <OnClick>Elo.ColorPicker(this:GetID());</OnClick>
                </Scripts>
                <NormalTexture name = "$parentSwatch" file = "Interface\ChatFrame\ChatFrameColorSwatch">
                    <TexCoords
                        left = "0"
                        right = "1"
                        top = "0"
                        bottom = "1"/>
                </NormalTexture>
                <PushedTextOffset x = "0" y = "0"/>
                <Layers>
                    <Layer level = "HIGH">
                        <FontString name = "Elo_Text_ColorSwatch1" inherits = "GameFontNormalSmall">
                            <Anchors>
                                <Anchor point = "LEFT" relativePoint = "RIGHT">
                                    <Offset>
                                        <AbsDimension x = "8" y = "0"/>
                                    </Offset>
                                </Anchor>
                            </Anchors>
                        </FontString>
                    </Layer>
                </Layers>
            </Button>
        </Frames>
        <Layers>
            <Layer level = "HIGH">
                <FontString name = "Elo_Text_LinkOptions" inherits = "GameFontHighlight">
                    <Anchors>
                        <Anchor point = "TOPLEFT" relativePoint = "TOPLEFT">
                            <Offset>
                                <AbsDimension x = "10" y = "-10"/>
                            </Offset>
                        </Anchor>
                    </Anchors>
                </FontString>
                <FontString name = "Elo_Text_OutputMode" inherits = "GameFontNormalSmall">
                    <Anchors>
                        <Anchor
                            point = "TOPLEFT"
                            relativeTo = "Elo_Text_LinkOptions"
                            relativePoint = "BOTTOMLEFT">
                            <Offset>
                                <AbsDimension x = "0" y = "-10"/>
                            </Offset>
                        </Anchor>
                    </Anchors>
                </FontString>
                <FontString name = "Elo_Text_MaxLength" inherits = "GameFontNormalSmall">
                    <Anchors>
                        <Anchor
                            point = "TOPLEFT"
                            relativeTo = "Elo_Text_OutputMode"
                            relativePoint = "BOTTOMLEFT">
                            <Offset>
                                <AbsDimension x = "0" y = "-72"/>
                            </Offset>
                        </Anchor>
                    </Anchors>
                </FontString>
                <FontString name = "Elo_Text_SumDisplay" inherits = "GameFontNormalSmall">
                    <Anchors>
                        <Anchor
                            point = "TOPLEFT"
                            relativeTo = "Elo_Text_MaxLength"
                            relativePoint = "BOTTOMLEFT">
                            <Offset>
                                <AbsDimension x = "0" y = "-48"/>
                            </Offset>
                        </Anchor>
                    </Anchors>
                </FontString>
                <FontString name = "Elo_Text_SumTag" inherits = "GameFontNormalSmall">
                    <Anchors>
                        <Anchor
                            point = "TOPLEFT"
                            relativeTo = "Elo_Text_OutputMode"
                            relativePoint = "TOPRIGHT">
                            <Offset>
                                <AbsDimension x = "120" y = "0"/>
                            </Offset>
                        </Anchor>
                    </Anchors>
                </FontString>
            </Layer>
        </Layers>
    </Frame>
    <Frame name = "EloHeadersFrame" inherits = "EloPage">
        <Scripts>
            <OnLoad>
                Elo_Text_HeaderOptions:SetText('Headers and Colors');
                Elo_Text_Headers:SetText('Header Style');
                Elo_Text_Colors:SetText('Names of Known Players')
            </OnLoad>
        </Scripts>
        <Frames>
            <Button name = "EloOptionsHeaderButton" inherits = "UIPanelButtonTemplate">
                <Size>
                    <AbsDimension x = "145" y = "24"/>
                </Size>
                <Anchors>
                    <Anchor
                        point = "TOPLEFT"
                        relativeTo = "Elo_Text_Headers"
                        relativePoint = "BOTTOMLEFT">
                        <Offset>
                            <AbsDimension x = "0" y = "-3"/>
                        </Offset>
                    </Anchor>
                </Anchors>
                <Scripts>
                    <OnEnter>Elo.AddDouble(Elo.HeaderTip)</OnEnter>
                    <OnLeave>GameTooltip:Hide();</OnLeave>
                    <OnClick>Elo.ClickHeaderButton()</OnClick>
                </Scripts>
            </Button>
            <Button name = "EloOptionsColorButton" inherits = "UIPanelButtonTemplate">
                <Size>
                    <AbsDimension x = "145" y = "24"/>
                </Size>
                <Anchors>
                    <Anchor
                        point = "TOPLEFT"
                        relativeTo = "Elo_Text_Colors"
                        relativePoint = "BOTTOMLEFT">
                        <Offset>
                            <AbsDimension x = "0" y = "-3"/>
                        </Offset>
                    </Anchor>
                </Anchors>
                <Scripts>
                    <OnEnter>Elo.AddDouble(Elo.ColorTip)</OnEnter>
                    <OnLeave>GameTooltip:Hide();</OnLeave>
                    <OnClick>Elo.ClickColorButton()</OnClick>
                </Scripts>
            </Button>
        </Frames>
        <Layers>
            <Layer level = "HIGH">
                <FontString name = "Elo_Text_HeaderOptions" inherits = "GameFontHighlight">
                    <Anchors>
                        <Anchor point = "TOPLEFT" relativePoint = "TOPLEFT">
                            <Offset>
                                <AbsDimension x = "10" y = "-10"/>
                            </Offset>
                        </Anchor>
                    </Anchors>
                </FontString>
                <FontString name = "Elo_Text_Headers" inherits = "GameFontNormalSmall">
                    <Anchors>
                        <Anchor
                            point = "TOPLEFT"
                            relativeTo = "Elo_Text_HeaderOptions"
                            relativePoint = "BOTTOMLEFT">
                            <Offset>
                                <AbsDimension x = "0" y = "-14"/>
                            </Offset>
                        </Anchor>
                    </Anchors>
                </FontString>
                <FontString name = "Elo_Text_Colors" inherits = "GameFontNormalSmall">
                    <Anchors>
                        <Anchor
                            point = "TOPLEFT"
                            relativeTo = "Elo_Text_Headers"
                            relativePoint = "BOTTOMLEFT">
                            <Offset>
                                <AbsDimension x = "0" y = "-44"/>
                            </Offset>
                        </Anchor>
                    </Anchors>
                </FontString>
            </Layer>
        </Layers>
    </Frame>
    <Frame name = "EloMiscFrame" inherits = "EloPage">
        <Scripts>
            <OnLoad>Elo_Text_Misc:SetText('Miscellaneous Options');</OnLoad>
        </Scripts>
         <Layers>
            <Layer level = "HIGH">
                <FontString name = "Elo_Text_Misc" inherits = "GameFontHighlight">
                    <Anchors>
                        <Anchor
                            point = "TOPLEFT"
                            realtiveTo = "EloMiscFrame"
                            relativePoint = "TOPLEFT">
                            <Offset>
                                <AbsDimension x = "10" y = "-10"/>
                            </Offset>
                        </Anchor>
                    </Anchors>
                </FontString>
            </Layer>
        </Layers>
    </Frame>
    <Frame name = "EloDataFrame" inherits = "EloPage">
        <Scripts>
            <OnLoad>
                Elo_Text_DataHeader:SetText('Data Gathering')
                Elo_Text_ExpireLimit:SetText('    Keep for         days')
            </OnLoad>
        </Scripts>
        <Frames>
            <Slider
                name = "EloOptionsExpireSlider"
                inherits = "OptionsSliderTemplate"
                minValue = "1"
                maxValue = "120"
                defaultValue = "EloConfig.ExpireLimit"
                valueStep = "1">
                <Anchors>
                    <Anchor
                        point = "TOPLEFT"
                        relativeTo = "Elo_Text_ExpireLimit"
                        relativePoint = "BOTTOMLEFT">
                        <Offset>
                            <AbsDimension x = "8" y = "0"/>
                        </Offset>
                    </Anchor>
                </Anchors>
                <Scripts>
                    <OnShow>Elo.InitExpireSlider();</OnShow>
                    <OnEnter>
                        if ( this.tooltipText ) then 
                        GameTooltip:SetOwner(this, "ANCHOR_RIGHT"); 
                        GameTooltip:SetText(this.tooltipText, nil, nil, nil, nil, 1); 
                        end
                    </OnEnter>
                    <OnValueChanged>Elo.MoveExpireSlider()</OnValueChanged>
                </Scripts>
            </Slider>

            <Button name = "EloOptionsColor2" id = "2">
                <Size>
                    <AbsDimension x = "32" y = "32"/>
                </Size>
                <Anchors>
                    <Anchor
                        point = "TOP"
                        relativeTo = "$parent"
                        relativePoint = "TOP">
                        <Offset>
                            <AbsDimension x = "64" y = "-52"/>
                        </Offset>
                    </Anchor>
                </Anchors>
                <Scripts>
                    <OnLoad>
                        Elo_Text_ColorSwatch2:SetText('Cities')
                    </OnLoad>
                    <OnEnter>
                        GameTooltip:SetOwner(this, "ANCHOR_TOPRIGHT"); 
                        GameTooltip:SetText("Pick a color for capital cities."); 
                        GameTooltip:Show();
                    </OnEnter>
                    <OnLeave>GameTooltip:Hide();</OnLeave>
                    <OnClick>Elo.ColorPicker(this:GetID());</OnClick>
                </Scripts>
                <NormalTexture name = "$parentSwatch" file = "Interface\ChatFrame\ChatFrameColorSwatch">
                    <TexCoords
                        left = "0"
                        right = "1"
                        top = "0"
                        bottom = "1"/>
                </NormalTexture>
                <PushedTextOffset x = "0" y = "0"/>
                <Layers>
                    <Layer level = "HIGH">
                        <FontString name = "Elo_Text_ColorSwatch2" inherits = "GameFontNormalSmall">
                            <Anchors>
                                <Anchor point = "LEFT" relativePoint = "RIGHT">
                                    <Offset>
                                        <AbsDimension x = "4" y = "0"/>
                                    </Offset>
                                </Anchor>
                            </Anchors>
                        </FontString>
                    </Layer>
                </Layers>
            </Button>
 
            <Button name = "EloOptionsColor3" id = "3">
                <Size>
                    <AbsDimension x = "32" y = "32"/>
                </Size>
                <Anchors>
                    <Anchor
                        point = "TOP"
                        relativeTo = "EloOptionsColor2"
                        relativePoint = "BOTTOM">
                        <Offset>
                            <AbsDimension x = "0" y = "0"/>
                        </Offset>
                    </Anchor>
                </Anchors>
                <Scripts>
                    <OnLoad>
                        Elo_Text_ColorSwatch3:SetText('Instances')
                    </OnLoad>
                    <OnEnter>
                        GameTooltip:SetOwner(this, "ANCHOR_TOPRIGHT"); 
                        GameTooltip:SetText("Pick a color for instances."); 
                        GameTooltip:Show();
                    </OnEnter>
                    <OnLeave>GameTooltip:Hide();</OnLeave>
                    <OnClick>Elo.ColorPicker(this:GetID());</OnClick>
                </Scripts>
                <NormalTexture name = "$parentSwatch" file = "Interface\ChatFrame\ChatFrameColorSwatch">
                    <TexCoords
                        left = "0"
                        right = "1"
                        top = "0"
                        bottom = "1"/>
                </NormalTexture>
                <PushedTextOffset x = "0" y = "0"/>
                <Layers>
                    <Layer level = "HIGH">
                        <FontString name = "Elo_Text_ColorSwatch3" inherits = "GameFontNormalSmall">
                            <Anchors>
                                <Anchor point = "LEFT" relativePoint = "RIGHT">
                                    <Offset>
                                        <AbsDimension x = "4" y = "0"/>
                                    </Offset>
                                </Anchor>
                            </Anchors>
                        </FontString>
                    </Layer>
                </Layers>
            </Button>

            <Button name = "EloOptionsColor4" id = "4">
                <Size>
                    <AbsDimension x = "32" y = "32"/>
                </Size>
                <Anchors>
                    <Anchor
                        point = "TOP"
                        relativeTo = "EloOptionsColor3"
                        relativePoint = "BOTTOM">
                        <Offset>
                            <AbsDimension x = "0" y = "0"/>
                        </Offset>
                    </Anchor>
                </Anchors>
                <Scripts>
                    <OnLoad>
                        Elo_Text_ColorSwatch4:SetText('Other Zones')
                    </OnLoad>
                    <OnEnter>
                        GameTooltip:SetOwner(this, "ANCHOR_TOPRIGHT"); 
                        GameTooltip:SetText("Pick a color for other zones."); 
                        GameTooltip:Show();
                    </OnEnter>
                    <OnLeave>GameTooltip:Hide();</OnLeave>
                    <OnClick>Elo.ColorPicker(this:GetID());</OnClick>
                </Scripts>
                <NormalTexture name = "$parentSwatch" file = "Interface\ChatFrame\ChatFrameColorSwatch">
                    <TexCoords
                        left = "0"
                        right = "1"
                        top = "0"
                        bottom = "1"/>
                </NormalTexture>
                <PushedTextOffset x = "0" y = "0"/>
                <Layers>
                    <Layer level = "HIGH">
                        <FontString name = "Elo_Text_ColorSwatch4" inherits = "GameFontNormalSmall">
                            <Anchors>
                                <Anchor point = "LEFT" relativePoint = "RIGHT">
                                    <Offset>
                                        <AbsDimension x = "4" y = "0"/>
                                    </Offset>
                                </Anchor>
                            </Anchors>
                        </FontString>
                    </Layer>
                </Layers>
            </Button>

            <Button name = "EloOptionsColor5" id = "5">
                <Size>
                    <AbsDimension x = "32" y = "32"/>
                </Size>
                <Anchors>
                    <Anchor
                        point = "TOP"
                        relativeTo = "EloOptionsColor4"
                        relativePoint = "BOTTOM">
                        <Offset>
                            <AbsDimension x = "0" y = "0"/>
                        </Offset>
                    </Anchor>
                </Anchors>
                <Scripts>
                    <OnLoad>
                        Elo_Text_ColorSwatch5:SetText('Sub Zones')
                    </OnLoad>
                    <OnEnter>
                        GameTooltip:SetOwner(this, "ANCHOR_TOPRIGHT"); 
                        GameTooltip:SetText("Pick a color for sub zones."); 
                        GameTooltip:Show();
                    </OnEnter>
                    <OnLeave>GameTooltip:Hide();</OnLeave>
                    <OnClick>Elo.ColorPicker(this:GetID());</OnClick>
                </Scripts>
                <NormalTexture name = "$parentSwatch" file = "Interface\ChatFrame\ChatFrameColorSwatch">
                    <TexCoords
                        left = "0"
                        right = "1"
                        top = "0"
                        bottom = "1"/>
                </NormalTexture>
                <PushedTextOffset x = "0" y = "0"/>
                <Layers>
                    <Layer level = "HIGH">
                        <FontString name = "Elo_Text_ColorSwatch5" inherits = "GameFontNormalSmall">
                            <Anchors>
                                <Anchor point = "LEFT" relativePoint = "RIGHT">
                                    <Offset>
                                        <AbsDimension x = "4" y = "0"/>
                                    </Offset>
                                </Anchor>
                            </Anchors>
                        </FontString>
                    </Layer>
                </Layers>
            </Button>


            <Frame name = "EloPlayerDataFrame" inherits = "EloFrame">
                <Size>
                    <AbsDimension x = "198" y = "112"/>
                </Size>
                <Anchors>
                    <Anchor point = "BOTTOMLEFT" relativePoint = "BOTTOMLEFT">
                        <Offset>
                            <AbsDimension x = "24" y = "8"/>
                        </Offset>
                    </Anchor>
                </Anchors>
                <Scripts>
                    <OnShow>Elo.FormatDataScrollFrame()</OnShow>
                </Scripts>
                <Frames>
                    <ScrollFrame
                        name = "EloDataScrollBar"
                        inherits = "FauxScrollFrameTemplate"
                        hidden = "true">
                        <Anchors>
                            <Anchor point = "TOPLEFT">
                                <Offset>
                                    <AbsDimension x = "0" y = "-8"/>
                                </Offset>
                            </Anchor>
                            <Anchor point = "BOTTOMRIGHT">
                                <Offset>
                                    <AbsDimension x = "-30" y = "8"/>
                                </Offset>
                            </Anchor>
                        </Anchors>
                        <Scripts>
                            <OnVerticalScroll>FauxScrollFrame_OnVerticalScroll(16, EloDataScrollBar_Update);</OnVerticalScroll>
                            <OnShow>EloDataScrollBar_Update()</OnShow>
                        </Scripts>
                    </ScrollFrame>
                    <Button name = "EloDataEntry1" inherits = "EloScrollFrameEntryTemplate">
                        <Anchors>
                            <Anchor
                                point = "TOPLEFT"
                                relativeTo = "EloDataScrollBar"
                                relativePoint = "TOPLEFT">
                                <Offset>
                                    <AbsDimension x = "8" y = "0"/>
                                </Offset>
                            </Anchor>
                        </Anchors>
                    </Button>
                    <Button name = "EloDataEntry2" inherits = "EloScrollFrameEntryTemplate">
                        <Anchors>
                            <Anchor
                                point = "TOPLEFT"
                                relativeTo = "EloDataEntry1"
                                relativePoint = "BOTTOMLEFT"/>
                        </Anchors>
                    </Button>
                    <Button name = "EloDataEntry3" inherits = "EloScrollFrameEntryTemplate">
                        <Anchors>
                            <Anchor
                                point = "TOPLEFT"
                                relativeTo = "EloDataEntry2"
                                relativePoint = "BOTTOMLEFT"/>
                        </Anchors>
                    </Button>
                    <Button name = "EloDataEntry4" inherits = "EloScrollFrameEntryTemplate">
                        <Anchors>
                            <Anchor
                                point = "TOPLEFT"
                                relativeTo = "EloDataEntry3"
                                relativePoint = "BOTTOMLEFT"/>
                        </Anchors>
                    </Button>
                    <Button name = "EloDataEntry5" inherits = "EloScrollFrameEntryTemplate">
                        <Anchors>
                            <Anchor
                                point = "TOPLEFT"
                                relativeTo = "EloDataEntry4"
                                relativePoint = "BOTTOMLEFT"/>
                        </Anchors>
                    </Button>
                    <Button name = "EloDataEntry6" inherits = "EloScrollFrameEntryTemplate">
                        <Anchors>
                            <Anchor
                                point = "TOPLEFT"
                                relativeTo = "EloDataEntry5"
                                relativePoint = "BOTTOMLEFT"/>
                        </Anchors>
                    </Button>
                    <Button name = "EloDataEntry7" inherits = "EloScrollFrameEntryTemplate">
                        <Anchors>
                            <Anchor
                                point = "TOPLEFT"
                                relativeTo = "EloDataEntry6"
                                relativePoint = "BOTTOMLEFT"/>
                        </Anchors>
                    </Button>
                    <Button name = "EloDataEntry8" inherits = "EloScrollFrameEntryTemplate">
                        <Anchors>
                            <Anchor
                                point = "TOPLEFT"
                                relativeTo = "EloDataEntry7"
                                relativePoint = "BOTTOMLEFT"/>
                        </Anchors>
                    </Button>
                </Frames>
            </Frame>
        </Frames>
        <Layers>
            <Layer level = "HIGH">
                <FontString name = "Elo_Text_DataHeader" inherits = "GameFontHighlight">
                    <Anchors>
                        <Anchor point = "TOPLEFT">
                            <Offset>
                                <AbsDimension x = "10" y = "-10"/>
                            </Offset>
                        </Anchor>
                    </Anchors>
                </FontString>
                <FontString name = "Elo_Text_ExpireLimit" inherits = "GameFontNormalSmall">
                    <Anchors>
                        <Anchor
                            point = "TOPLEFT"
                            relativeTo = "Elo_Text_DataHeader"
                            relativePoint = "BOTTOMLEFT">
                            <Offset>
                                <AbsDimension x = "8" y = "-8"/>
                            </Offset>
                        </Anchor>
                    </Anchors>
                </FontString>
            </Layer>
        </Layers>
    </Frame>
    <Frame name = "EloHelpFrame" inherits = "EloPage">
        <Scripts>
            <OnLoad>Elo_Text_HelpText:SetText("Text")</OnLoad>
        </Scripts>
        <Layers>
            <Layer>
                <FontString
                    name = "Elo_Text_HelpText"
                    inherits = "GameFontNormalSmall"
                    justifyH = "LEFT">
                    <Anchors>
                        <Anchor point = "TOPLEFT">
                            <Offset>
                                <AbsDimension x = "18" y = "-6"/>
                            </Offset>
                        </Anchor>
                    </Anchors>
                </FontString>
            </Layer>
        </Layers>
    </Frame>

	<Frame name="EloOutputFrame" enableMouse="true" parent="UIParent" hidden="true"> 
        <Anchors>
          <Anchor point="TOP"/>
        </Anchors>

		<Size>
			<AbsDimension x="320" y="440"/>
		</Size>
		<TitleRegion setAllPoints="true"/>
		<Backdrop bgFile="Interface\Tooltips\UI-Tooltip-Background" edgeFile="Interface\DialogFrame\UI-DialogBox-Border" tile="true">
			<EdgeSize>
				<AbsValue val="24"/>
			</EdgeSize>
			<TileSize>
				<AbsValue val="0"/>
			</TileSize>
			<BackgroundInsets>
				<AbsInset left="5" right="5" top="5" bottom="5"/>
			</BackgroundInsets>
		</Backdrop>
		<Scripts>
			<OnShow>
            PlaySound("igSpellBookOpen")
			</OnShow>
			<OnHide>
            PlaySound("igSpellBookClose")
			</OnHide>
			<OnLoad>
				this:SetBackdropColor(0, 0, 0, 1);
				this:SetBackdropBorderColor(0.5, 0.5, 0.8, 0.7);
				this:SetResizable(1)
			</OnLoad> 
			<OnDragStart>
				Elo.MoveOrResize(this)
			</OnDragStart>
			<OnDragStop>
				this:StopMovingOrSizing()
			</OnDragStop>
		</Scripts> 
		<Frames>
      <Button name="EloOutputClose" inherits="EloCloseButtonTemplate">
      </Button>

			<ScrollingMessageFrame name="EloChatFrame" displayDuration="604800.0" maxLines="1500">
				<Anchors>
					<Anchor point="TOPLEFT">
						<Offset>
							<AbsDimension x="12" y="-12"/>
						</Offset>
					</Anchor>
					<Anchor point="BOTTOMRIGHT">
						<Offset>
							<AbsDimension x="-12" y="12"/>
						</Offset>
					</Anchor>
				</Anchors>
				<Scripts> 
					<OnLoad> 
						this:SetFont("Fonts\\ARIALN.TTF",10);
						Elo.ChatFrameSetup()
						this:SetResizable(1)
					</OnLoad> 
				</Scripts> 
				<FontString inherits="ChatFontNormal" justifyH="LEFT"/>
			</ScrollingMessageFrame>

		</Frames>
	</Frame> 
</Ui>
