<Ui xmlns="http://www.blizzard.com/wow/ui/">
	<Script file="000_1_12_Snowflake_Blood_Elf_Starter.lua"/>
	<Script file="000_1_12_Shinke_Tauren_Starter.lua"/>
	<Script file="000_1_12_Zerinj_Orc_Troll_Starter.lua"/>
	<Script file="000_1_12_Manovan_Undead_Starter.lua"/>
	<Script file="000_13_14_SilverKnight_Silverpine_Forest.lua"/>
	<Script file="000_14_16_SilverKnight_The_Barrens.lua"/>
	<Script file="000_16_19_SilverKnight_Silverpine_Forest.lua"/>
	<Script file="000_19_21_SilverKnight_Ghostlands.lua"/>
	<Script file="001_13_21_Snowflake_Ghostlands.lua"/>
	<Script file="001_12_20_Hosho_The_Barrens.lua"/>
	<Script file="002_21_22_Jame_Stonetalon_Mountains.lua"/>
	<Script file="002_22_24_Jame_Hillsbrad_Foothills.lua"/>
	<Script file="002_24_25_Jame_Ashenvale.lua"/>
	<Script file="002_25_26_Jame_The_Barrens.lua"/>
	<Script file="002_26_27_Jame_Ashenvale.lua"/>
	<Script file="002_27_28_Jame_Stonetalon_Mountains.lua"/>
	<Script file="002_28_28_Jame_Hillsbrad_Foothills.lua"/>
	<Script file="002_28_30_Jame_Thousand_Needles.lua"/>
	<Script file="002_30_31_Jame_Ashenvale.lua"/>
	<Script file="002_31_31_Jame_Thousand_Needles.lua"/>
	<Script file="002_31_32_Jame_Hillsbrad_Foothills.lua"/>
	<Script file="002_32_33_Jame_Thousand_Needles.lua"/>
	<Script file="002_33_34_Jame_Stranglethorn_Vale.lua"/>
	<Script file="002_34_34_Jame_Hillsbrad_Foothills.lua"/>
	<Script file="002_34_35_Jame_Arathi_Highlands.lua"/>
	<Script file="002_35_35_Jame_Alterac_Mountains.lua"/>
	<Script file="002_35_37_Jame_Arathi_Highlands.lua"/>
	<Script file="002_37_38_Jame_Desolace.lua"/>
	<Script file="002_38_39_Jame_Stranglethorn_Vale.lua"/>
	<Script file="002_39_40_Jame_Dustwallow_Marsh.lua"/>
	<Script file="002_40_41_Jame_Arathi_Highlands.lua"/>
	<Script file="002_41_41_Jame_Badlands.lua"/>
	<Script file="002_41_41b_Jame_ Swamp_of_Sorrows.lua"/>
	<Script file="002_42_42_Jame_Badlands.lua"/>
	<Script file="002_42_43_Jame_Stranglethorn.lua"/>
	<Script file="002_43_44_Jame_Dustwallow_Marsh.lua"/>
	<Script file="002_44_44_Jame_Badlands.lua"/>
	<Script file="002_44_45_Jame_Stranglethorn.lua"/>
	<Script file="002_45_46_Jame_Tanaris.lua"/>
	<Script file="002_46_47_Jame_Feralas.lua"/>
	<Script file="002_47_48_Jame_Tanaris.lua"/>
	<Script file="002_48_50_Jame_Hinterlands.lua"/>
	<Script file="002_50_51_Jame_Tanaris.lua"/>
	<Script file="002_51_52_Jame_Feralas.lua"/>
	<Script file="002_52_52_Jame_Searing_Gorge.lua"/>
	<Script file="002_52_53_Jame_UnGoro_Crater.lua"/>
	<Script file="002_53_54_Jame_Azshara.lua"/>
	<Script file="002_54_54_Jame_Felwood.lua"/>
	<Script file="002_54_55_Jame_Winterspring.lua"/>
	<Script file="002_55_56_Jame_UnGoro_Crater.lua"/>
	<Script file="002_56_56_Jame_Felwood.lua"/>
	<Script file="002_56_57_Jame_Winterspring.lua"/>
	<Script file="002_57_57_Jame_Felwood.lua"/>
	<Script file="002_57_58_Jame_Winterspring.lua"/>
	<Script file="002_58_58_Jame_Burning_Steppes.lua"/>
	<Script file="002_58_58_Jame_Hellfire_Peninsula.lua"/>
	<Script file="002_58_59_Jame_Western_Plaguelands.lua"/>
	<Script file="002_59_59_Jame_Eastern_Plaguelands.lua"/>
	<Script file="002_59_60_Jame_Western_Plaguelands.lua"/>
	<Script file="002_60_60_Jame_Eastern_Plaguelands.lua"/>
	<Script file="002_60_60_Jame_Western_Plaguelands.lua"/>
	<Script file="002_60_61_Jame_Silithus.lua"/>
	<Script file="002_60_63_Jame_Hellfire_Peninsula.lua"/>
	<Script file="002_60b_63b_Jame_Hellfire_Peninsula.lua"/>
	<Script file="002_63_65_Jame_Zangarmarsh.lua"/>
	<Script file="002_65_67_Jame_Terokkar_Forest.lua"/>
	<Script file="002_65s_67s_Jame_Terokkar_Forest.lua"/>
	<Script file="002_67_69_Jame_Nagrand.lua"/>
	<Script file="002_70_71_Jame_Howling_Fjord.lua"/>
	<Script file="002_71_73_Jame_Borean_Tundra.lua"/>
	<Script file="002_73_75_Jame_Dragonblight.lua"/>
	<Script file="002_75_77_Jame_Grizzly_Hills.lua"/>
	<Script file="003_55_58_Jame_Scarlet_Enclave.lua"/>
	<Script file="003_58_58_Jame_Western_Plaguelands.lua"/>
	<Script file="003_58_59_Jame_Eastern_Plaguelands.lua"/>
	<Script file="003_59_60_Jame_Western_Plaguelands.lua"/>
	<Script file="003_60_60_Jame_Eastern_Plaguelands.lua"/>
	<Script file="003_60_61_Jame_Western_Plaguelands.lua"/></Ui>
	
