﻿<!--

Copyright (c) 2008 by K. Scott Piel 
All Rights Reserved

E-mail: kscottpiel@gmail.com
Web:    http://www.scottpiel.com

This file is part of nUI.

    nUI is free software: you can redistribute it and/or modify
    it under the terms of the GNU General Public License as published by
    the Free Software Foundation, either version 3 of the License, or
    (at your option) any later version.

    nUI is distributed in the hope that it will be useful,
    but WITHOUT ANY WARRANTY; without even the implied warranty of
    MERCHANTABILITY or FITNESS FOR A PARTICULAR PURPOSE.  See the
    GNU General Public License for more details.

    You should have received a copy of the GNU General Public License
    along with nUI.  If not, see http://www.gnu.org/licenses/.
	
THIS SOFTWARE IS PROVIDED BY THE COPYRIGHT HOLDERS AND CONTRIBUTORS 
"AS IS" AND ANY EXPRESS OR IMPLIED WARRANTIES, INCLUDING, BUT NOT 
LIMITED TO, THE IMPLIED WARRANTIES OF MERCHANTABILITY AND FITNESS FOR 
A PARTICULAR PURPOSE ARE DISCLAIMED. IN NO EVENT SHALL THE COPYRIGHT 
OWNER OR CONTRIBUTORS BE LIABLE FOR ANY DIRECT, INDIRECT, INCIDENTAL, 
SPECIAL, EXEMPLARY, OR CONSEQUENTIAL DAMAGES (INCLUDING, BUT NOT 
LIMITED TO, PROCUREMENT OF SUBSTITUTE GOODS OR SERVICES; LOSS OF USE, 
DATA, OR PROFITS; OR BUSINESS INTERRUPTION) HOWEVER CAUSED AND ON ANY 
THEORY OF LIABILITY, WHETHER IN CONTRACT, STRICT LIABILITY, OR TORT 
(INCLUDING NEGLIGENCE OR OTHERWISE) ARISING IN ANY WAY OUT OF THE 
USE OF THIS SOFTWARE, EVEN IF ADVISED OF THE POSSIBILITY OF SUCH DAMAGE.

-->

<Ui xmlns="http://www.blizzard.com/wow/ui" xmlns:xsi="http://www.w3.org/2001/XMLSchema-instance">

	<Script file="HealthPower\nUI_HUDSkin_HealthPower_Pet.lua"/>
	<Script file="HealthPower\nUI_HUDSkin_HealthPower_Player.lua"/>
	<Script file="HealthPower\nUI_HUDSkin_HealthPower_Target.lua"/>
	<Script file="HealthPower\nUI_HUDSkin_HealthPower_ToT.lua"/>

	<Script file="PlayerTarget\nUI_HUDSkin_PlayerTarget_Pet.lua"/>
	<Script file="PlayerTarget\nUI_HUDSkin_PlayerTarget_Player.lua"/>
	<Script file="PlayerTarget\nUI_HUDSkin_PlayerTarget_Target.lua"/>
	<Script file="PlayerTarget\nUI_HUDSkin_PlayerTarget_ToT.lua"/>

</Ui>