<Ui xmlns="http://www.blizzard.com/wow/ui" xmlns:xsi="http://www.w3.org/2001/XMLSchema-instance">

  <Frame name="VuhDoNewOptionsPanelBarsTemplate" virtual="true">
    <Size>
      <AbsDimension x="428" y="345" />
    </Size>
    <Anchors>
      <Anchor point="CENTER" relativeTo="UIParent">
        <Offset>
          <AbsDimension x="0" y="0" />
        </Offset>
      </Anchor>
    </Anchors>
    <Frames>

      <Frame name="$parentTexturePanel" inherits="VuhDoPanelTemplate">
        <Size>
          <AbsDimension x="351" y="89" />
        </Size>
        <Anchors>
          <Anchor point="TOPLEFT">
            <Offset>
              <AbsDimension x="88" y="-23" />
            </Offset>
          </Anchor>
        </Anchors>
        <Frames>

          <Button name="$parentTextureCombo" inherits="VuhDoScrollComboBoxTemplate">
            <Size>
              <AbsDimension x="200" y="32" />
            </Size>
            <Anchors>
              <Anchor point="TOPLEFT">
                <Offset>
                  <AbsDimension x="13" y="-40" />
                </Offset>
              </Anchor>
            </Anchors>
			      <Scripts>
			      	<OnLoad>
			      		VUHDO_setComboModel(self, "VUHDO_PANEL_SETUP.#PNUM#.PANEL_COLOR.barTexture", VUHDO_STATUS_BARS);
			      		VUHDO_lnfSetTooltip(self, VUHDO_I18N_TT_076);
			      	</OnLoad>
			      </Scripts>
          </Button>

          <Frame name="$parentTextureLabel" inherits="VuhDoLabelFrameTemplate">
            <Size>
              <AbsDimension x="142" y="18" />
            </Size>
            <Anchors>
              <Anchor point="TOPLEFT">
                <Offset>
                  <AbsDimension x="13" y="-7" />
                </Offset>
              </Anchor>
            </Anchors>
            <Layers>
              <Layer>
                <FontString name="$parentLabel" text="VUHDO_I18N_BAR_TEXTURE" inherits="VuDoDefaultTitleFontTemplate">
                </FontString>
              </Layer>
            </Layers>
          </Frame>

          <Frame name="$parentExampleTexture" inherits="VuhDoTextureSelectTexture">
            <Anchors>
              <Anchor point="TOPLEFT">
                <Offset>
                  <AbsDimension x="216" y="-12" />
                </Offset>
              </Anchor>
            </Anchors>
			      <Scripts>
			      	<OnLoad>
			      		VUHDO_lnfSetModel(self, "VUHDO_PANEL_SETUP.#PNUM#.PANEL_COLOR.barTexture", VUHDO_STATUS_BARS);
			      	</OnLoad>
			      </Scripts>
          </Frame>

          <Frame name="$parentTextureSlider" inherits="VuhDoHSliderTemplate">
            <Size>
              <AbsDimension x="320" y="50" />
            </Size>
            <Anchors>
              <Anchor point="TOPLEFT">
                <Offset>
                  <AbsDimension x="13" y="-45" />
                </Offset>
              </Anchor>
            </Anchors>
			      <Scripts>
			      	<OnLoad>
			      		VUHDO_lnfSetModel(self, "VUHDO_PANEL_SETUP.#PNUM#.PANEL_COLOR.barTexture");
						    VUHDO_lnfSliderOnLoad(self, VUHDO_I18N_TEXTURE_NUM, 1, 18);
			      		VUHDO_lnfSetTooltip(self, VUHDO_I18N_TT_077);
			      	</OnLoad>
      			</Scripts>
          </Frame>

        </Frames>
      </Frame>


      <Frame name="$parentBarColorPanel" inherits="VuhDoPanelTemplate">
        <Size>
          <AbsDimension x="260" y="120" />
        </Size>
        <Anchors>
          <Anchor point="TOPLEFT">
            <Offset>
              <AbsDimension x="120" y="-140" />
            </Offset>
          </Anchor>
        </Anchors>
        <Frames>

          <Frame name="$parentTitleLabel" inherits="VuhDoLabelFrameTemplate">
            <Size>
              <AbsDimension x="185" y="18" />
            </Size>
            <Anchors>
              <Anchor point="TOPLEFT">
                <Offset>
                  <AbsDimension x="13" y="-7" />
                </Offset>
              </Anchor>
            </Anchors>
            <Layers>
              <Layer>
                <FontString name="$parentLabel" text="Custom settings" inherits="VuDoDefaultTitleFontTemplate">
                </FontString>
              </Layer>
            </Layers>
          </Frame>

          <Frame name="$parentManaBarHeightSlider" inherits="VuhDoHSliderTemplate">
            <Size>
              <AbsDimension x="234" y="50" />
            </Size>
            <Anchors>
              <Anchor point="TOPLEFT">
                <Offset>
                  <AbsDimension x="13" y="-30" />
                </Offset>
              </Anchor>
            </Anchors>
			      <Scripts>
			      	<OnLoad>
			      		VUHDO_lnfSetModel(self, "VUHDO_PANEL_SETUP.#PNUM#.SCALING.manaBarHeight");
						    VUHDO_lnfSliderOnLoad(self, "Mana Bar Height", 0, 40, "");
			      		VUHDO_lnfSetTooltip(self, VUHDO_I18N_TT_081);
			      	</OnLoad>
      			</Scripts>
          </Frame>

          <Frame name="$parentSoundLabel" inherits="VuhDoLabelFrameTemplate">
            <Size>
              <AbsDimension x="120" y="18" />
            </Size>
            <Anchors>
              <Anchor point="TOPLEFT">
                <Offset>
                  <AbsDimension x="55" y="-70" />
                </Offset>
              </Anchor>
            </Anchors>
            <Layers>
              <Layer>
                <FontString name="$parentLabel" text="Custom Health Bar Bouquet" justifyH="LEFT" inherits="VuDoDefaultFontTemplate">
                </FontString>
              </Layer>
            </Layers>
          </Frame>

          <Button name="$parentIndicatorCombo" inherits="VuhDoScrollComboBoxTemplate">
            <Size>
              <AbsDimension x="200" y="32" />
            </Size>
            <Anchors>
              <Anchor point="TOPLEFT">
                <Offset>
                  <AbsDimension x="55" y="-100" />
                </Offset>
              </Anchor>
            </Anchors>
			      <Scripts>
			      	<OnLoad>
			      		VUHDO_setComboModel(self, "VUHDO_INDICATOR_CONFIG.BOUQUETS.HEALTH_BAR_PANEL.#PNUM#", VUHDO_BOUQUET_SLOTS_COMBO_MODEL);
			      		VUHDO_lnfSetTooltip(self, "Select a bouquet for the selected panel to override general health bar bouquet.");
			      	</OnLoad>
			      </Scripts>
          </Button>


        </Frames>
      </Frame>

      <Frame name="$parentMiscPanel" inherits="VuhDoPanelTemplate">
        <Size>
          <AbsDimension x="395" y="110" />
        </Size>
        <Anchors>
          <Anchor point="TOPLEFT">
            <Offset>
              <AbsDimension x="65" y="-293" />
            </Offset>
          </Anchor>
        </Anchors>
        <Frames>

          <Frame name="$parentTitleLabel" inherits="VuhDoLabelFrameTemplate">
            <Size>
              <AbsDimension x="185" y="18" />
            </Size>
            <Anchors>
              <Anchor point="TOPLEFT">
                <Offset>
                  <AbsDimension x="13" y="-7" />
                </Offset>
              </Anchor>
            </Anchors>
            <Layers>
              <Layer>
                <FontString name="$parentLabel" text="VUHDO_I18N_MISC" inherits="VuDoDefaultTitleFontTemplate">
                </FontString>
              </Layer>
            </Layers>
          </Frame>

          <CheckButton name="$parentInvertGrowthCheckButton" text="VUHDO_I18N_INV_GROWTH" inherits="VuhDoCheckButtonTemplate">
            <Anchors>
              <Anchor point="TOPLEFT">
                <Offset>
                  <AbsDimension x="10" y="-30" />
                </Offset>
              </Anchor>
            </Anchors>
			      <Scripts>
			      	<OnLoad>
			      		VUHDO_lnfSetModel(self, "VUHDO_PANEL_SETUP.#PNUM#.SCALING.invertGrowth");
					      VUHDO_lnfSetTooltip(self, VUHDO_I18N_TT_307);
			      	</OnLoad>
      			</Scripts>
          </CheckButton>

          <CheckButton name="$parentVerticalCheckButton" text="VUHDO_I18N_VERTICAL" inherits="VuhDoCheckButtonTemplate">
            <Anchors>
              <Anchor point="TOPLEFT">
                <Offset>
                  <AbsDimension x="10" y="-68" />
                </Offset>
              </Anchor>
            </Anchors>
			      <Scripts>
			      	<OnLoad>
			      		VUHDO_lnfSetModel(self, "VUHDO_PANEL_SETUP.#PNUM#.SCALING.vertical");
					      VUHDO_lnfSetTooltip(self, VUHDO_I18N_TT_308);
			      	</OnLoad>
      			</Scripts>
          </CheckButton>

          <CheckButton name="$parentTurnAxisCheckButton" text="VUHDO_I18N_TURN_AXIS" inherits="VuhDoCheckButtonTemplate">
            <Anchors>
              <Anchor point="TOPLEFT">
                <Offset>
                  <AbsDimension x="120" y="-68" />
                </Offset>
              </Anchor>
            </Anchors>
			      <Scripts>
			      	<OnLoad>
			      		VUHDO_lnfSetModel(self, "VUHDO_PANEL_SETUP.#PNUM#.SCALING.turnAxis");
					      VUHDO_lnfSetTooltip(self, VUHDO_I18N_TT_471);
			      	</OnLoad>
      			</Scripts>
          </CheckButton>

          <CheckButton name="$parentDamageFlashCheckButton" text="VUHDO_I18N_DAMAGE_FLASH" inherits="VuhDoCheckButtonTemplate">
            <Anchors>
              <Anchor point="TOPLEFT">
                <Offset>
                  <AbsDimension x="240" y="-20" />
                </Offset>
              </Anchor>
            </Anchors>
			      <Scripts>
			      	<OnLoad>
			      		VUHDO_lnfSetModel(self, "VUHDO_PANEL_SETUP.#PNUM#.SCALING.isDamFlash");
					      VUHDO_lnfSetTooltip(self, VUHDO_I18N_TT_472);
			      	</OnLoad>
      			</Scripts>
          </CheckButton>

          <Frame name="$parentFlashSensivitySlider" inherits="VuhDoHSliderTemplate">
            <Size>
              <AbsDimension x="130" y="50" />
            </Size>
            <Anchors>
              <Anchor point="TOPLEFT">
                <Offset>
                  <AbsDimension x="240" y="-58" />
                </Offset>
              </Anchor>
            </Anchors>
			      <Scripts>
			      	<OnLoad>
			      		VUHDO_lnfSetModel(self, "VUHDO_PANEL_SETUP.#PNUM#.SCALING.damFlashFactor");
						    VUHDO_lnfSliderOnLoad(self, VUHDO_I18N_SENSIVITY, 0.05, 1, "", 0.05);
			      		VUHDO_lnfSetTooltip(self, VUHDO_I18N_TT_363);
			      	</OnLoad>
      			</Scripts>
          </Frame>


        </Frames>
      </Frame>

    </Frames>
  </Frame>
</Ui>