<Ui xmlns="http://www.blizzard.com/wow/ui" xmlns:xsi="http://www.w3.org/2001/XMLSchema-instance">

  <Script file="VuhDoNewOptionsDebuffsCustom.lua" />

  <Frame name="VuhDoNewOptionsDebuffsCustomTemplate" virtual="true">
    <Frames>

      <Frame name="$parentDefaultsPanel" inherits="VuhDoPanelTemplate">
        <Size>
          <AbsDimension x="240" y="220" />
        </Size>
        <Anchors>
          <Anchor point="TOPLEFT">
            <Offset>
              <AbsDimension x="20" y="-20" />
            </Offset>
          </Anchor>
        </Anchors>
        <Frames>

          <Frame name="$parentTitleLabel" inherits="VuhDoLabelFrameTemplate">
            <Size>
              <AbsDimension x="120" y="18" />
            </Size>
            <Anchors>
              <Anchor point="TOPLEFT">
                <Offset>
                  <AbsDimension x="13" y="-7" />
                </Offset>
              </Anchor>
            </Anchors>
            <Layers>
              <Layer>
                <FontString name="$parentLabel" text="VUHDO_I18N_DEBUFF_DEFAULTS" inherits="VuDoDefaultTitleFontTemplate">
                </FontString>
              </Layer>
            </Layers>
          </Frame>

          <CheckButton name="$parentIconCheckButton" text="VUHDO_I18N_ICON" inherits="VuhDoCheckButtonTemplate">
            <Anchors>
              <Anchor point="TOPLEFT">
                <Offset>
                  <AbsDimension x="13" y="-32" />
                </Offset>
              </Anchor>
            </Anchors>
			      <Scripts>
			      	<OnLoad>
			      		VUHDO_lnfSetModel(self, "VUHDO_CONFIG.CUSTOM_DEBUFF.isIcon");
			      		VUHDO_lnfSetTooltip(self, VUHDO_I18N_TT_266);
			      	</OnLoad>
      			</Scripts>
          </CheckButton>

          <CheckButton name="$parentColorCheckButton" text="VUHDO_I18N_BAR_COLOR" inherits="VuhDoCheckButtonTemplate">
            <Anchors>
              <Anchor point="TOPLEFT">
                <Offset>
                  <AbsDimension x="13" y="-100" />
                </Offset>
              </Anchor>
            </Anchors>
			      <Scripts>
			      	<OnLoad>
			      		VUHDO_lnfSetModel(self, "VUHDO_CONFIG.CUSTOM_DEBUFF.isColor");
			      		VUHDO_lnfSetTooltip(self, VUHDO_I18N_TT_267);
			      	</OnLoad>
      			</Scripts>
          </CheckButton>

		      <Button name="$parentApplyToAllButton" inherits="VuhDoApplyToAllButtonTemplate">
		        <Anchors>
		          <Anchor point="TOPLEFT">
		            <Offset>
		              <AbsDimension x="125" y="-100" />
		            </Offset>
		          </Anchor>
		        </Anchors>
						<Scripts>
						  <OnClick>VUHDO_applyToAllCustomDebuffOnClick();</OnClick>
							<OnLoad>
							   VUHDO_lnfSetTooltip(self, VUHDO_I18N_TT_412);
							</OnLoad>
		  			</Scripts>
		      </Button>

          <CheckButton name="$parentAnimateCheckButton" text="VUHDO_I18N_ANIMATION" inherits="VuhDoCheckButtonTemplate">
            <Anchors>
              <Anchor point="TOPLEFT">
                <Offset>
                  <AbsDimension x="13" y="-66" />
                </Offset>
              </Anchor>
            </Anchors>
			      <Scripts>
			      	<OnLoad>
			      		VUHDO_lnfSetModel(self, "VUHDO_CONFIG.CUSTOM_DEBUFF.animate");
			      		VUHDO_lnfSetTooltip(self, VUHDO_I18N_TT_268);
			      	</OnLoad>
      			</Scripts>
          </CheckButton>

          <CheckButton name="$parentTimerCheckButton" text="VUHDO_I18N_TIMER" inherits="VuhDoCheckButtonTemplate">
            <Anchors>
              <Anchor point="TOPLEFT">
                <Offset>
                  <AbsDimension x="125" y="-66" />
                </Offset>
              </Anchor>
            </Anchors>
			      <Scripts>
			      	<OnLoad>
			      		VUHDO_lnfSetModel(self, "VUHDO_CONFIG.CUSTOM_DEBUFF.timer");
			      		VUHDO_lnfSetTooltip(self, VUHDO_I18N_TT_269);
			      	</OnLoad>
      			</Scripts>
          </CheckButton>

          <CheckButton name="$parentStacksCheckButton" text="VUHDO_I18N_APPLIANCES" inherits="VuhDoCheckButtonTemplate">
            <Anchors>
              <Anchor point="TOPLEFT">
                <Offset>
                  <AbsDimension x="125" y="-32" />
                </Offset>
              </Anchor>
            </Anchors>
			      <Scripts>
			      	<OnLoad>
			      		VUHDO_lnfSetModel(self, "VUHDO_CONFIG.CUSTOM_DEBUFF.isStacks");
			      		VUHDO_lnfSetTooltip(self, VUHDO_I18N_TT_350);
			      	</OnLoad>
      			</Scripts>
          </CheckButton>

          <Frame name="$parentMaxDebuffsSlider" inherits="VuhDoHSliderTemplate">
            <Size>
              <AbsDimension x="100" y="32" />
            </Size>
            <Anchors>
              <Anchor point="TOPLEFT">
                <Offset>
                  <AbsDimension x="13" y="-145" />
                </Offset>
              </Anchor>
            </Anchors>
			      <Scripts>
			      	<OnLoad>
			      		VUHDO_lnfSetModel(self, "VUHDO_CONFIG.CUSTOM_DEBUFF.max_num");
						    VUHDO_lnfSliderOnLoad(self, VUHDO_I18N_MAX_NO_DE_BUFFS, 1, 5, "", 1);
					    	VUHDO_lnfSetTooltip(self, VUHDO_I18N_TT_271);
			      	</OnLoad>
      			</Scripts>
          </Frame>

          <Frame name="$parentSoundLabel" inherits="VuhDoLabelFrameTemplate">
            <Size>
              <AbsDimension x="120" y="18" />
            </Size>
            <Anchors>
              <Anchor point="TOPLEFT">
                <Offset>
                  <AbsDimension x="43" y="-170" />
                </Offset>
              </Anchor>
            </Anchors>
            <Layers>
              <Layer>
                <FontString name="$parentLabel" text="VUHDO_I18N_SOUND" justifyH="LEFT" inherits="VuDoDefaultFontTemplate">
                </FontString>
              </Layer>
            </Layers>
          </Frame>

          <Button name="$parentSoundCombo" inherits="VuhDoComboBoxTemplate">
            <Size>
              <AbsDimension x="200" y="32" />
            </Size>
            <Anchors>
              <Anchor point="TOPLEFT">
                <Offset>
                  <AbsDimension x="43" y="-200" />
                </Offset>
              </Anchor>
            </Anchors>
			      <Scripts>
			      	<OnLoad>
			      		VUHDO_setComboModel(self, "VUHDO_CONFIG.CUSTOM_DEBUFF.SOUND", VUHDO_SOUNDS);
			      		VUHDO_lnfSetTooltip(self, VUHDO_I18N_TT_272);
			      		self:SetAttribute("custom_function", VUHDO_notifySoundSelect);
			      	</OnLoad>
			      </Scripts>
          </Button>


        </Frames>
      </Frame>

      <Frame name="$parentPositionPanel" inherits="VuhDoPanelTemplate">
        <Size>
          <AbsDimension x="240" y="160" />
        </Size>
        <Anchors>
          <Anchor point="TOPLEFT">
            <Offset>
              <AbsDimension x="20" y="-245" />
            </Offset>
          </Anchor>
        </Anchors>
        <Frames>

          <Frame name="$parentTitleLabel" inherits="VuhDoLabelFrameTemplate">
            <Size>
              <AbsDimension x="120" y="18" />
            </Size>
            <Anchors>
              <Anchor point="TOPLEFT">
                <Offset>
                  <AbsDimension x="13" y="-7" />
                </Offset>
              </Anchor>
            </Anchors>
            <Layers>
              <Layer>
                <FontString name="$parentLabel" text="VUHDO_I18N_POSITION" inherits="VuDoDefaultTitleFontTemplate">
                </FontString>
              </Layer>
            </Layers>
          </Frame>

          <Frame name="$parentScaleSlider" inherits="VuhDoHSliderTemplate">
            <Size>
              <AbsDimension x="160" y="32" />
            </Size>
            <Anchors>
              <Anchor point="TOPLEFT">
                <Offset>
                  <AbsDimension x="18" y="-32" />
                </Offset>
              </Anchor>
            </Anchors>
			      <Scripts>
			      	<OnLoad>
			      		VUHDO_lnfSetModel(self, "VUHDO_CONFIG.CUSTOM_DEBUFF.scale");
						    VUHDO_lnfSliderOnLoad(self, VUHDO_I18N_ICON_SCALE, 0.2, 1.5, "x", 0.05);
					    	VUHDO_lnfSetTooltip(self, VUHDO_I18N_TT_270);
			      	</OnLoad>
      			</Scripts>
          </Frame>

          <Frame name="$parentHotIconsTexture" frameStrata="DIALOG" inherits="VuhDoBarExampleTexture">
  					<Size>
					    <AbsDimension x="100" y="44" />
					  </Size>

            <Anchors>
              <Anchor point="TOPLEFT">
                <Offset>
                  <AbsDimension x="50" y="-70" />
                </Offset>
              </Anchor>
            </Anchors>
  					<Layers>
    					<Layer>
    			      <FontString name="$parentTitleString" text="VUHDO_I18N_IHEALTH_BARI" inherits="VuDoWhiteFontTemplate">
          		  	<Size>
    	          		<AbsDimension x="0" y="0" />
      	      		</Size>
        	    		<Anchors>
          	    		<Anchor point="CENTER">
            	    		<Offset>
              	    		<AbsDimension x="0" y="0" />
                			</Offset>
    	          		</Anchor>
      	      		</Anchors>
          			</FontString>
					    </Layer>
					  </Layers>
					  <Scripts>
					    <OnShow>VUHDO_lnfPatchFont(self, "TitleString")</OnShow>
					  </Scripts>
          </Frame>

          <CheckButton name="$parentTopLeftRadioButton" frameStrata="FULLSCREEN_DIALOG" inherits="VuhDoRadioBoxTemplate">
            <Anchors>
              <Anchor point="TOPLEFT">
                <Offset>
                  <AbsDimension x="40" y="-60" />
                </Offset>
              </Anchor>
            </Anchors>
						<Scripts>
					    <OnLoad>
								VUHDO_lnfSetRadioModel(self, "VUHDO_CONFIG.CUSTOM_DEBUFF.point", "TOPLEFT");
			      		VUHDO_lnfSetTooltip(self, VUHDO_I18N_TT_351);
					    </OnLoad>
  					</Scripts>
          </CheckButton>

          <CheckButton name="$parentTopRightRadioButton" frameStrata="FULLSCREEN_DIALOG" inherits="VuhDoRadioBoxTemplate">
            <Anchors>
              <Anchor point="TOPLEFT">
                <Offset>
                  <AbsDimension x="125" y="-60" />
                </Offset>
              </Anchor>
            </Anchors>
						<Scripts>
					    <OnLoad>
								VUHDO_lnfSetRadioModel(self, "VUHDO_CONFIG.CUSTOM_DEBUFF.point", "TOPRIGHT");
			      		VUHDO_lnfSetTooltip(self, VUHDO_I18N_TT_352);
					    </OnLoad>
  					</Scripts>
          </CheckButton>

          <CheckButton name="$parentBottomLeftRadioButton" frameStrata="FULLSCREEN_DIALOG" inherits="VuhDoRadioBoxTemplate">
            <Anchors>
              <Anchor point="TOPLEFT">
                <Offset>
                  <AbsDimension x="40" y="-94" />
                </Offset>
              </Anchor>
            </Anchors>
						<Scripts>
					    <OnLoad>
								VUHDO_lnfSetRadioModel(self, "VUHDO_CONFIG.CUSTOM_DEBUFF.point", "BOTTOMLEFT");
			      		VUHDO_lnfSetTooltip(self, VUHDO_I18N_TT_353);
					    </OnLoad>
  					</Scripts>
          </CheckButton>

          <CheckButton name="$parentBottomRightRadioButton" frameStrata="FULLSCREEN_DIALOG" inherits="VuhDoRadioBoxTemplate">
            <Anchors>
              <Anchor point="TOPLEFT">
                <Offset>
                  <AbsDimension x="125" y="-94" />
                </Offset>
              </Anchor>
            </Anchors>
						<Scripts>
					    <OnLoad>
								VUHDO_lnfSetRadioModel(self, "VUHDO_CONFIG.CUSTOM_DEBUFF.point", "BOTTOMRIGHT");
			      		VUHDO_lnfSetTooltip(self, VUHDO_I18N_TT_354);
					    </OnLoad>
  					</Scripts>
          </CheckButton>


          <Frame name="$parentYAdjustSlider" inherits="VuhDoVSliderTemplate">
            <Size>
              <AbsDimension x="18" y="125" />
            </Size>
            <Anchors>
              <Anchor point="TOPLEFT">
                <Offset>
                  <AbsDimension x="200" y="-18" />
                </Offset>
              </Anchor>
            </Anchors>
			      <Scripts>
			      	<OnLoad>
			      		VUHDO_lnfSetModel(self, "VUHDO_CONFIG.CUSTOM_DEBUFF.yAdjust");
						    VUHDO_lnfSliderOnLoad(self, "Y", -100, 100, "%", 2);
					    	VUHDO_lnfSetTooltip(self, VUHDO_I18N_TT_355);
			      	</OnLoad>
      			</Scripts>
          </Frame>

          <Frame name="$parentXAdjustSlider" inherits="VuhDoHSliderTemplate">
            <Size>
              <AbsDimension x="160" y="32" />
            </Size>
            <Anchors>
              <Anchor point="TOPLEFT">
                <Offset>
                  <AbsDimension x="18" y="-125" />
                </Offset>
              </Anchor>
            </Anchors>
			      <Scripts>
			      	<OnLoad>
			      		VUHDO_lnfSetModel(self, "VUHDO_CONFIG.CUSTOM_DEBUFF.xAdjust");
						    VUHDO_lnfSliderOnLoad(self, "X", -100, 100, "%", 2);
					    	VUHDO_lnfSetTooltip(self, VUHDO_I18N_TT_356);
			      	</OnLoad>
      			</Scripts>
          </Frame>

        </Frames>
      </Frame>

      <Frame name="$parentStorePanel" inherits="VuhDoPanelTemplate">
        <Size>
          <AbsDimension x="240" y="370" />
        </Size>
        <Anchors>
          <Anchor point="TOPLEFT">
            <Offset>
              <AbsDimension x="280" y="-20" />
            </Offset>
          </Anchor>
        </Anchors>
        <Frames>

          <CheckButton name="$parentIconCheckButton" text="VUHDO_I18N_ICON" inherits="VuhDoCheckButtonTemplate">
            <Anchors>
              <Anchor point="TOPLEFT">
                <Offset>
                  <AbsDimension x="13" y="-32" />
                </Offset>
              </Anchor>
            </Anchors>
			      <Scripts>
			      	<OnLoad>
			      		VUHDO_lnfSetTooltip(self, VUHDO_I18N_TT_273);
			      	</OnLoad>
      			</Scripts>
          </CheckButton>

          <CheckButton name="$parentColorCheckButton" text="VUHDO_I18N_BAR_COLOR" inherits="VuhDoCheckButtonTemplate">
            <Anchors>
              <Anchor point="TOPLEFT">
                <Offset>
                  <AbsDimension x="13" y="-100" />
                </Offset>
              </Anchor>
            </Anchors>
			      <Scripts>
			      	<OnLoad>
			      		VUHDO_lnfSetTooltip(self, VUHDO_I18N_TT_274);
			      	</OnLoad>
					    <OnClick>
					    	VUHDO_lnfCheckButtonUpdateModel(self);
					    	VUHDO_lnfCheckButtonClicked(self);
								VUHDO_custonDebuffisColorClicked();
					    </OnClick>
      			</Scripts>
          </CheckButton>

          <Frame name="$parentColorTexture" inherits="VuhDoColorSwatchTexture">
            <Anchors>
              <Anchor point="TOPLEFT">
                <Offset>
                  <AbsDimension x="125" y="-100" />
                </Offset>
              </Anchor>
            </Anchors>
			      <Scripts>
			      	<OnLoad>
					    	VUHDO_lnfSetTooltip(self, VUHDO_I18N_TT_413);
			      	</OnLoad>
      			</Scripts>
          </Frame>

          <CheckButton name="$parentAnimateCheckButton" text="VUHDO_I18N_ANIMATION" inherits="VuhDoCheckButtonTemplate">
            <Anchors>
              <Anchor point="TOPLEFT">
                <Offset>
                  <AbsDimension x="13" y="-66" />
                </Offset>
              </Anchor>
            </Anchors>
			      <Scripts>
			      	<OnLoad>
			      		VUHDO_lnfSetTooltip(self, VUHDO_I18N_TT_275);
			      	</OnLoad>
      			</Scripts>
          </CheckButton>

          <CheckButton name="$parentTimerCheckButton" text="VUHDO_I18N_TIMER" inherits="VuhDoCheckButtonTemplate">
            <Anchors>
              <Anchor point="TOPLEFT">
                <Offset>
                  <AbsDimension x="125" y="-66" />
                </Offset>
              </Anchor>
            </Anchors>
			      <Scripts>
			      	<OnLoad>
			      		VUHDO_lnfSetTooltip(self, VUHDO_I18N_TT_276);
			      	</OnLoad>
      			</Scripts>
          </CheckButton>

          <CheckButton name="$parentStacksCheckButton" text="VUHDO_I18N_APPLIANCES" inherits="VuhDoCheckButtonTemplate">
            <Anchors>
              <Anchor point="TOPLEFT">
                <Offset>
                  <AbsDimension x="125" y="-32" />
                </Offset>
              </Anchor>
            </Anchors>
			      <Scripts>
			      	<OnLoad>
			      		VUHDO_lnfSetTooltip(self, VUHDO_I18N_TT_350);
			      	</OnLoad>
      			</Scripts>
          </CheckButton>

          <Frame name="$parentSoundLabel" inherits="VuhDoLabelFrameTemplate">
            <Size>
              <AbsDimension x="120" y="18" />
            </Size>
            <Anchors>
              <Anchor point="TOPLEFT">
                <Offset>
                  <AbsDimension x="43" y="-170" />
                </Offset>
              </Anchor>
            </Anchors>
            <Layers>
              <Layer>
                <FontString name="$parentLabel" text="VUHDO_I18N_SOUND" justifyH="LEFT" inherits="VuDoDefaultFontTemplate">
                </FontString>
              </Layer>
            </Layers>
          </Frame>

          <Button name="$parentSoundCombo" inherits="VuhDoComboBoxTemplate">
            <Size>
              <AbsDimension x="200" y="32" />
            </Size>
            <Anchors>
              <Anchor point="TOPLEFT">
                <Offset>
                  <AbsDimension x="43" y="-200" />
                </Offset>
              </Anchor>
            </Anchors>
			      <Scripts>
			      	<OnLoad>
			      		VUHDO_setComboModel(self, "VUHDO_CONFIG.CUSTOM_DEBUFF.SOUND", VUHDO_SOUNDS);
			      		VUHDO_lnfSetTooltip(self, VUHDO_I18N_TT_272);
			      		self:SetAttribute("custom_function", VUHDO_notifySoundSelect);
			      	</OnLoad>
			      </Scripts>
          </Button>

          <Frame name="$parentListLabel" inherits="VuhDoLabelFrameTemplate">
            <Size>
              <AbsDimension x="120" y="18" />
            </Size>
            <Anchors>
              <Anchor point="TOPLEFT">
                <Offset>
                  <AbsDimension x="43" y="-258" />
                </Offset>
              </Anchor>
            </Anchors>
            <Layers>
              <Layer>
                <FontString name="$parentLabel" text="VUHDO_I18N_DEBUFF_LIST" justifyH="LEFT" inherits="VuDoDefaultFontTemplate">
                </FontString>
              </Layer>
            </Layers>
          </Frame>

          <Button name="$parentSelectComboBox" inherits="VuhDoScrollComboBoxTemplate">
            <Size>
              <AbsDimension x="180" y="32" />
            </Size>
                <Anchors>
                  <Anchor point="TOPLEFT">
                    <Offset>
                      <AbsDimension x="43" y="-288" />
                    </Offset>
                  </Anchor>
                </Anchors>
    			  <Scripts>
    			  	<OnShow>
								VUHDO_lnfPatchFont(self, "Text");
    			   		VUHDO_setupCustomDebuffsComboModel(self);
    			  	</OnShow>
    	  		 	<OnLoad>
    	   				self:SetAttribute("custom_function", VUHDO_notifyCustomDebuffSelect);
    	   			</OnLoad>
      			</Scripts>
          </Button>

          <Frame name="$parentTitleLabel" inherits="VuhDoLabelFrameTemplate">
            <Size>
              <AbsDimension x="120" y="18" />
            </Size>
            <Anchors>
              <Anchor point="TOPLEFT">
                <Offset>
                  <AbsDimension x="13" y="-7" />
                </Offset>
              </Anchor>
            </Anchors>
            <Layers>
              <Layer>
                <FontString name="$parentLabel" text="VUHDO_I18N_STORE_DELETE" inherits="VuDoDefaultTitleFontTemplate">
                </FontString>
              </Layer>
            </Layers>
          </Frame>

          <Frame name="$parentEditLabel" inherits="VuhDoLabelFrameTemplate">
            <Size>
              <AbsDimension x="120" y="18" />
            </Size>
            <Anchors>
              <Anchor point="TOPLEFT">
                <Offset>
                  <AbsDimension x="18" y="-220" />
                </Offset>
              </Anchor>
            </Anchors>
            <Layers>
              <Layer>
                <FontString name="$parentLabel" text="VUHDO_I18N_DEBUFF_EDIT_BOX" justifyH="LEFT" inherits="VuDoDefaultFontTemplate">
                </FontString>
              </Layer>
            </Layers>
          </Frame>

          <EditBox name="$parentEditBox" inherits="VuhDoEditBoxTemplate">
            <Size>
              <AbsDimension x="205" y="32" />
            </Size>
            <Anchors>
              <Anchor point="TOPLEFT">
                <Offset>
                  <AbsDimension x="18" y="-228" />
                </Offset>
              </Anchor>
            </Anchors>
			      <Scripts>
			      	<OnShow>
			      		VUHDO_lnfPatchFont(self, "Hint"); VUHDO_lnfPatchFont(self, "");
			      		if (VUHDO_CONFIG.CUSTOM_DEBUFF.SELECTED ~= nil) then
			      			self:SetText(VUHDO_CONFIG.CUSTOM_DEBUFF.SELECTED);
			      		end
			      	</OnShow>
					    <OnTextChanged>
					    	if (self:GetText() ~= "") then
					    		VUHDO_customDebuffUpdateEditBox(self);
					    	end
					    </OnTextChanged>
      			</Scripts>
          </EditBox>

          <Button name="$parentSaveButton" text="VUHDO_I18N_SAVE" inherits="VuhDoButtonTemplate">
            <Size>
              <AbsDimension x="100" y="32" />
            </Size>
            <Anchors>
              <Anchor point="TOPLEFT">
                <Offset>
                  <AbsDimension x="13" y="-320" />
                </Offset>
              </Anchor>
            </Anchors>
					  <Scripts>
    					<OnClick>
    						VUHDO_saveCustomDebuffOnClick(self);
    					</OnClick>
				  	</Scripts>
          </Button>

          <Button name="$parentDeleteButton" text="VUHDO_I18N_DELETE" inherits="VuhDoButtonTemplate">
            <Size>
              <AbsDimension x="100" y="32" />
            </Size>
            <Anchors>
              <Anchor point="TOPLEFT">
                <Offset>
                  <AbsDimension x="125" y="-320" />
                </Offset>
              </Anchor>
            </Anchors>
					  <Scripts>
    					<OnClick>
    						VUHDO_deleteCustomDebuffOnClick(self);
    					</OnClick>
				  	</Scripts>
          </Button>

        </Frames>
      </Frame>

    </Frames>
  </Frame>
</Ui>
