<Ui xmlns="http://www.blizzard.com/wow/ui" xmlns:xsi="http://www.w3.org/2001/XMLSchema-instance">
  <Frame name="VuhDoNewOptionsGeneralMiscTemplate" virtual="true">
    <Frames>
      <Frame name="$parentHideStandardPanel" inherits="VuhDoPanelTemplate">
        <Size>
          <AbsDimension x="240" y="169" />
        </Size>
        <Anchors>
          <Anchor point="TOPLEFT">
            <Offset>
              <AbsDimension x="20" y="-51" />
            </Offset>
          </Anchor>
        </Anchors>
        <Frames>

          <CheckButton name="$parentHideStandardFocusCheckButton" text="VUHDO_I18N_FOCUS" inherits="VuhDoCheckButtonTemplate">
            <Anchors>
              <Anchor point="TOPLEFT">
                <Offset>
                  <AbsDimension x="13" y="-118" />
                </Offset>
              </Anchor>
            </Anchors>
			      <Scripts>
			      	<OnLoad>
			      		VUHDO_lnfSetModel(self, "VUHDO_CONFIG.BLIZZ_UI_HIDE_FOCUS");
			      		VUHDO_lnfSetTooltip(self, VUHDO_I18N_TT_405);
			      	</OnLoad>
      			</Scripts>
          </CheckButton>

          <CheckButton name="$parentHideStandardPartyCheckButton" text="VUHDO_I18N_PARTY" inherits="VuhDoCheckButtonTemplate">
            <Anchors>
              <Anchor point="TOPLEFT">
                <Offset>
                  <AbsDimension x="13" y="-80" />
                </Offset>
              </Anchor>
            </Anchors>
			      <Scripts>
			      	<OnLoad>
			      		VUHDO_lnfSetModel(self, "VUHDO_CONFIG.BLIZZ_UI_HIDE_PARTY");
			      		VUHDO_lnfSetTooltip(self, VUHDO_I18N_TT_169);
			      	</OnLoad>
      			</Scripts>
          </CheckButton>

          <CheckButton name="$parentHideStandardPetCheckButton" text="VUHDO_I18N_PET" inherits="VuhDoCheckButtonTemplate">
            <Anchors>
              <Anchor point="TOPLEFT">
                <Offset>
                  <AbsDimension x="123" y="-80" />
                </Offset>
              </Anchor>
            </Anchors>
			      <Scripts>
			      	<OnLoad>
			      		VUHDO_lnfSetModel(self, "VUHDO_CONFIG.BLIZZ_UI_HIDE_PET");
			      		VUHDO_lnfSetTooltip(self, VUHDO_I18N_TT_289);
			      	</OnLoad>
      			</Scripts>
          </CheckButton>

          <CheckButton name="$parentHideStandardPlayerCheckButton" text="VUHDO_I18N_PLAYER" inherits="VuhDoCheckButtonTemplate">
            <Anchors>
              <Anchor point="TOPLEFT">
                <Offset>
                  <AbsDimension x="13" y="-42" />
                </Offset>
              </Anchor>
            </Anchors>
			      <Scripts>
			      	<OnLoad>
			      		VUHDO_lnfSetModel(self, "VUHDO_CONFIG.BLIZZ_UI_HIDE_PLAYER");
			      		VUHDO_lnfSetTooltip(self, VUHDO_I18N_TT_170);
			      	</OnLoad>
      			</Scripts>
          </CheckButton>

          <CheckButton name="$parentHideStandardTargetCheckButton" text="VUHDO_I18N_TARGET" inherits="VuhDoCheckButtonTemplate">
            <Anchors>
              <Anchor point="TOPLEFT">
                <Offset>
                  <AbsDimension x="123" y="-42" />
                </Offset>
              </Anchor>
            </Anchors>
			      <Scripts>
			      	<OnLoad>
			      		VUHDO_lnfSetModel(self, "VUHDO_CONFIG.BLIZZ_UI_HIDE_TARGET");
			      		VUHDO_lnfSetTooltip(self, VUHDO_I18N_TT_290);
			      	</OnLoad>
      			</Scripts>
          </CheckButton>

          <Frame name="$parentHideStandardLabel" inherits="VuhDoLabelFrameTemplate">
            <Size>
              <AbsDimension x="134" y="18" />
            </Size>
            <Anchors>
              <Anchor point="TOPLEFT">
                <Offset>
                  <AbsDimension x="13" y="-7" />
                </Offset>
              </Anchor>
            </Anchors>
            <Layers>
              <Layer>
                <FontString name="$parentLabel" text="VUHDO_I18N_HIDE_STANDARD" inherits="VuDoDefaultTitleFontTemplate">
                </FontString>
              </Layer>
            </Layers>
          </Frame>
        </Frames>
      </Frame>

      <Frame name="$parentReactionPanel" inherits="VuhDoPanelTemplate">
        <Size>
          <AbsDimension x="140" y="70" />
        </Size>
        <Anchors>
          <Anchor point="TOPLEFT">
            <Offset>
              <AbsDimension x="280" y="-20" />
            </Offset>
          </Anchor>
        </Anchors>
        <Frames>

          <CheckButton name="$parentMouseCheckButton" text="VUHDO_I18N_MOUSE_UP" inherits="VuhDoCheckButtonTemplate">
            <Anchors>
              <Anchor point="TOPLEFT">
                <Offset>
                  <AbsDimension x="20" y="-27" />
                </Offset>
              </Anchor>
            </Anchors>
			      <Scripts>
			      	<OnLoad>
			      		VUHDO_lnfSetModel(self, "VUHDO_CONFIG.ON_MOUSE_UP");
			      		VUHDO_lnfSetTooltip(self, VUHDO_I18N_TT_291);
			      	</OnLoad>
      			</Scripts>
          </CheckButton>

          <Frame name="$parentTitleLabel" inherits="VuhDoLabelFrameTemplate">
            <Size>
              <AbsDimension x="134" y="18" />
            </Size>
            <Anchors>
              <Anchor point="TOPLEFT">
                <Offset>
                  <AbsDimension x="13" y="-7" />
                </Offset>
              </Anchor>
            </Anchors>
            <Layers>
              <Layer>
                <FontString name="$parentLabel" text="VUHDO_I18N_REACTION_ON" inherits="VuDoDefaultTitleFontTemplate">
                </FontString>
              </Layer>
            </Layers>
          </Frame>
        </Frames>
      </Frame>

      <Frame name="$parentAnnouncePanel" inherits="VuhDoPanelTemplate">
        <Size>
          <AbsDimension x="445" y="70" />
        </Size>
        <Anchors>
          <Anchor point="TOPLEFT">
            <Offset>
              <AbsDimension x="30" y="-325" />
            </Offset>
          </Anchor>
        </Anchors>
        <Frames>

          <Frame name="$parentTitleLabel" inherits="VuhDoLabelFrameTemplate">
            <Size>
              <AbsDimension x="160" y="18" />
            </Size>
            <Anchors>
              <Anchor point="TOPLEFT">
                <Offset>
                  <AbsDimension x="13" y="-7" />
                </Offset>
              </Anchor>
            </Anchors>
            <Layers>
              <Layer>
                <FontString name="$parentLabel" text="VUHDO_I18N_ANOUNCE_RESURRECTION" inherits="VuDoDefaultTitleFontTemplate">
                </FontString>
              </Layer>
            </Layers>
          </Frame>

          <CheckButton name="$parenEnableCheckButton" text="VUHDO_I18N_ENABLE" inherits="VuhDoCheckButtonTemplate">
            <Anchors>
              <Anchor point="TOPLEFT">
                <Offset>
                  <AbsDimension x="10" y="-30" />
                </Offset>
              </Anchor>
            </Anchors>
			      <Scripts>
			      	<OnLoad>
			      		VUHDO_lnfSetModel(self, "VUHDO_CONFIG.RES_IS_SHOW_TEXT");
			      		VUHDO_lnfSetTooltip(self, VUHDO_I18N_TT_211);
			      	</OnLoad>
      			</Scripts>
          </CheckButton>

          <EditBox name="$parentAnnounceEditBox" inherits="VuhDoEditBoxTemplate">
            <Size>
              <AbsDimension x="300" y="32" />
            </Size>
            <Anchors>
              <Anchor point="TOPLEFT">
                <Offset>
                  <AbsDimension x="130" y="-30" />
                </Offset>
              </Anchor>
            </Anchors>
			      <Scripts>
			      	<OnLoad>
			      		VUHDO_lnfSetModel(self, "VUHDO_CONFIG.RES_ANNOUNCE_TEXT");
			      		VUHDO_lnfSetTooltip(self, VUHDO_I18N_TT_210);
			      	</OnLoad>
      			</Scripts>
          </EditBox>

        </Frames>
      </Frame>

      <Frame name="$parentGcdPanel" inherits="VuhDoPanelTemplate">
        <Size>
          <AbsDimension x="170" y="74" />
        </Size>
        <Anchors>
          <Anchor point="TOPLEFT">
            <Offset>
              <AbsDimension x="80" y="-235" />
            </Offset>
          </Anchor>
        </Anchors>
        <Frames>

          <CheckButton name="$parentGcDButton" text="VUHDO_I18N_ENABLE" inherits="VuhDoCheckButtonTemplate">
            <Anchors>
              <Anchor point="TOPLEFT">
                <Offset>
                  <AbsDimension x="13" y="-31" />
                </Offset>
              </Anchor>
            </Anchors>
			      <Scripts>
			      	<OnLoad>
			      		VUHDO_lnfSetModel(self, "VUHDO_CONFIG.IS_SHOW_GCD");
			      		VUHDO_lnfSetTooltip(self, VUHDO_I18N_TT_436);
			      	</OnLoad>
      			</Scripts>
          </CheckButton>

          <Frame name="$parentTitleLabel" inherits="VuhDoLabelFrameTemplate">
            <Size>
              <AbsDimension x="75" y="18" />
            </Size>
            <Anchors>
              <Anchor point="TOPLEFT">
                <Offset>
                  <AbsDimension x="13" y="-7" />
                </Offset>
              </Anchor>
            </Anchors>
            <Layers>
              <Layer>
                <FontString name="$parentLabel" text="VUHDO_I18N_GLOBAL_COOLDOWN" inherits="VuDoDefaultTitleFontTemplate">
                </FontString>
              </Layer>
            </Layers>
          </Frame>
        </Frames>
      </Frame>

      <Frame name="$parentCliqueCompatPanel" inherits="VuhDoPanelTemplate">
        <Size>
          <AbsDimension x="170" y="74" />
        </Size>
        <Anchors>
          <Anchor point="TOPLEFT">
            <Offset>
              <AbsDimension x="280" y="-235" />
            </Offset>
          </Anchor>
        </Anchors>
        <Frames>

          <CheckButton name="$parentEnableButton" text="VUHDO_I18N_ENABLE" inherits="VuhDoCheckButtonTemplate">
            <Anchors>
              <Anchor point="TOPLEFT">
                <Offset>
                  <AbsDimension x="13" y="-31" />
                </Offset>
              </Anchor>
            </Anchors>
			      <Scripts>
			      	<OnLoad>
			      		VUHDO_lnfSetModel(self, "VUHDO_CONFIG.IS_CLIQUE_COMPAT_MODE");
			      		VUHDO_lnfSetTooltip(self, VUHDO_I18N_TT_465);
			      	</OnLoad>
					    <OnClick>
					    	VUHDO_lnfCheckButtonUpdateModel(self);
					    	VUHDO_lnfCheckButtonClicked(self);
					    	ReloadUI();
					    </OnClick>
      			</Scripts>
          </CheckButton>

          <Frame name="$parentTitleLabel" inherits="VuhDoLabelFrameTemplate">
            <Size>
              <AbsDimension x="75" y="18" />
            </Size>
            <Anchors>
              <Anchor point="TOPLEFT">
                <Offset>
                  <AbsDimension x="13" y="-7" />
                </Offset>
              </Anchor>
            </Anchors>
            <Layers>
              <Layer>
                <FontString name="$parentLabel" text="VUHDO_I18N_CLIQUE_COMPAT_MODE" inherits="VuDoDefaultTitleFontTemplate">
                </FontString>
              </Layer>
            </Layers>
          </Frame>
        </Frames>
      </Frame>

    </Frames>
  </Frame>
</Ui>