<Ui xmlns="http://www.blizzard.com/wow/ui" xmlns:xsi="http://www.w3.org/2001/XMLSchema-instance">

  <Script file="VuhDoNewOptionsToolsSkins.lua" />

  <Frame name="VuhDoNewOptionsToolsSkinsTemplate" virtual="true">
    <Frames>

      <Frame name="$parentArrangPanel" inherits="VuhDoPanelTemplate">
        <Size>
          <AbsDimension x="230" y="335" />
        </Size>
        <Anchors>
          <Anchor point="TOPLEFT">
            <Offset>
              <AbsDimension x="150" y="-40" />
            </Offset>
          </Anchor>
        </Anchors>
        <Frames>

          <Button name="$parentProfileSaveButton" text="VUHDO_I18N_SAVE" inherits="VuhDoButtonTemplate">
					  <Size>
    					<AbsDimension x="100" y="32" />
  					</Size>
            <Anchors>
              <Anchor point="TOPLEFT">
                <Offset>
                  <AbsDimension x="120" y="-293" />
                </Offset>
              </Anchor>
            </Anchors>
					  <Scripts>
    					<OnClick>VUHDO_saveProfileClicked(self)</OnClick>
				  	</Scripts>
          </Button>

          <Button name="$parentProfileDeleteButton" text="VUHDO_I18N_DELETE" inherits="VuhDoButtonTemplate">
            <Size>
              <AbsDimension x="100" y="32" />
            </Size>
            <Anchors>
              <Anchor point="TOPLEFT">
                <Offset>
                  <AbsDimension x="120" y="-80" />
                </Offset>
              </Anchor>
            </Anchors>
					  <Scripts>
    					<OnClick>VUHDO_deleteProfileClicked(self)</OnClick>
				  	</Scripts>
          </Button>

          <Button name="$parentProfileLoadButton" text="VUHDO_I18N_APPLY" inherits="VuhDoButtonTemplate">
            <Size>
              <AbsDimension x="100" y="32" />
            </Size>
            <Anchors>
              <Anchor point="TOPLEFT">
                <Offset>
                  <AbsDimension x="13" y="-80" />
                </Offset>
              </Anchor>
            </Anchors>
					  <Scripts>
    					<OnClick>VUHDO_loadProfileClicked(self)</OnClick>
				  	</Scripts>
          </Button>

          <EditBox name="$parentEnterProfileNameEditBox" inherits="VuhDoEditBoxTemplate">
            <Size>
              <AbsDimension x="200" y="22" />
            </Size>
            <Anchors>
              <Anchor point="TOPLEFT">
                <Offset>
                  <AbsDimension x="18" y="-263" />
                </Offset>
              </Anchor>
            </Anchors>
			      <Scripts>
			      	<OnLoad>
			      		VUHDO_lnfSetModel(self, "VUHDO_CONFIG.CURRENT_PROFILE");
			      		VUHDO_setProfileEditBox(self);
			      		VUHDO_lnfSetTooltip(self, VUHDO_I18N_TT_176);
			      	</OnLoad>
      			</Scripts>
          </EditBox>


          <Frame name="$parentArrangLabel" inherits="VuhDoLabelFrameTemplate">
            <Size>
              <AbsDimension x="143" y="18" />
            </Size>
            <Anchors>
              <Anchor point="TOPLEFT">
                <Offset>
                  <AbsDimension x="12" y="-7" />
                </Offset>
              </Anchor>
            </Anchors>
            <Layers>
              <Layer>
                <FontString name="$parentLabel" text="VUHDO_I18N_PROFILES" inherits="VuDoDefaultTitleFontTemplate">
                </FontString>
              </Layer>
            </Layers>
          </Frame>

          <Button name="$parentProfileComboBox" inherits="VuhDoComboBoxTemplate">
            <Size>
              <AbsDimension x="180" y="32" />
            </Size>
            <Anchors>
              <Anchor point="TOPLEFT">
                <Offset>
                  <AbsDimension x="40" y="-65" />
                </Offset>
              </Anchor>
            </Anchors>
			      <Scripts>
			      	<OnLoad>
			      		VUHDO_setComboModel(self, "VUHDO_CONFIG.CURRENT_PROFILE", VUHDO_PROFILE_TABLE_MODEL);
			      		VUHDO_lnfSetTooltip(self, VUHDO_I18N_TT_177);
            		self:SetAttribute("custom_function", VUHDO_profileComboValueChanged);
            		VUHDO_setProfileCombo(self);
			      	</OnLoad>
			      </Scripts>
          </Button>

          <Frame name="$parentSelectProfileLabel" inherits="VuhDoLabelFrameTemplate">
            <Size>
              <AbsDimension x="149" y="18" />
            </Size>
            <Anchors>
              <Anchor point="TOPLEFT">
                <Offset>
                  <AbsDimension x="38" y="-31" />
                </Offset>
              </Anchor>
            </Anchors>
            <Layers>
              <Layer>
                <FontString name="$parentLabel" text="VUHDO_I18N_SELECT_A_PROFILE" justifyH="LEFT" inherits="VuDoDefaultFontTemplate">
                </FontString>
              </Layer>
            </Layers>
          </Frame>

          <Frame name="$parentAutoEnableLabel" inherits="VuhDoLabelFrameTemplate">
            <Size>
              <AbsDimension x="143" y="18" />
            </Size>
            <Anchors>
              <Anchor point="TOPLEFT">
                <Offset>
                  <AbsDimension x="12" y="-120" />
                </Offset>
              </Anchor>
            </Anchors>
            <Layers>
              <Layer>
                <FontString name="$parentLabel" text="VUHDO_I18N_AUTO_ENABLE" justifyH="LEFT" inherits="VuDoDefaultFontTemplate">
                </FontString>
              </Layer>
            </Layers>
          </Frame>

          <CheckButton name="$parent1CheckButton" text="VUHDO_I18N_1" inherits="VuhDoCheckButtonTemplate">
            <Size>
              <AbsDimension x="65" y="32" />
            </Size>
            <Anchors>
              <Anchor point="TOPLEFT">
                <Offset>
                  <AbsDimension x="10" y="-140" />
                </Offset>
              </Anchor>
            </Anchors>
			      <Scripts>
			      	<OnLoad>
			      		VUHDO_lnfSetTooltip(self, VUHDO_I18N_TT_298);
			      	</OnLoad>
			      	<OnShow>
			      		VUHDO_lnfCheckButtonInitFromModel(self);
			      		VUHDO_skinsInitAutoCheckButton(self, "1");
			      		VUHDO_lnfPatchFont(self, "Label"); VUHDO_lnfRadioButtonOnShow(self);
			      	</OnShow>
					    <OnClick>
					    	VUHDO_lnfCheckButtonClicked(self);
			      		VUHDO_skinsAutoCheckButtonClicked(self, "1");
    					</OnClick>
      			</Scripts>
          </CheckButton>

          <CheckButton name="$parent5CheckButton" text="VUHDO_I18N_5" inherits="VuhDoCheckButtonTemplate">
            <Size>
              <AbsDimension x="65" y="32" />
            </Size>
            <Anchors>
              <Anchor point="TOPLEFT">
                <Offset>
                  <AbsDimension x="80" y="-140" />
                </Offset>
              </Anchor>
            </Anchors>
			      <Scripts>
			      	<OnLoad>
			      		VUHDO_lnfSetTooltip(self, VUHDO_I18N_TT_299);
			      	</OnLoad>
			      	<OnShow>
			      		VUHDO_lnfPatchFont(self, "Label"); VUHDO_lnfRadioButtonOnShow(self);
			      		VUHDO_lnfCheckButtonInitFromModel(self);
			      		VUHDO_skinsInitAutoCheckButton(self, "5");
			      	</OnShow>
					    <OnClick>
					    	VUHDO_lnfCheckButtonClicked(self);
			      		VUHDO_skinsAutoCheckButtonClicked(self, "5");
    					</OnClick>
      			</Scripts>
          </CheckButton>

          <CheckButton name="$parent10CheckButton" text="VUHDO_I18N_10" inherits="VuhDoCheckButtonTemplate">
            <Size>
              <AbsDimension x="65" y="32" />
            </Size>
            <Anchors>
              <Anchor point="TOPLEFT">
                <Offset>
                  <AbsDimension x="150" y="-140" />
                </Offset>
              </Anchor>
            </Anchors>
			      <Scripts>
			      	<OnLoad>
			      		VUHDO_lnfSetTooltip(self, VUHDO_I18N_TT_300);
			      	</OnLoad>
			      	<OnShow>
			      		VUHDO_lnfPatchFont(self, "Label"); VUHDO_lnfRadioButtonOnShow(self);
			      		VUHDO_lnfCheckButtonInitFromModel(self);
			      		VUHDO_skinsInitAutoCheckButton(self, "10");
			      	</OnShow>
					    <OnClick>
					    	VUHDO_lnfCheckButtonClicked(self);
			      		VUHDO_skinsAutoCheckButtonClicked(self, "10");
    					</OnClick>
      			</Scripts>
          </CheckButton>

          <CheckButton name="$parent15CheckButton" text="VUHDO_I18N_15" inherits="VuhDoCheckButtonTemplate">
            <Size>
              <AbsDimension x="65" y="32" />
            </Size>
            <Anchors>
              <Anchor point="TOPLEFT">
                <Offset>
                  <AbsDimension x="10" y="-175" />
                </Offset>
              </Anchor>
            </Anchors>
			      <Scripts>
			      	<OnLoad>
			      		VUHDO_lnfSetTooltip(self, VUHDO_I18N_TT_444);
			      	</OnLoad>
			      	<OnShow>
			      		VUHDO_lnfPatchFont(self, "Label"); VUHDO_lnfRadioButtonOnShow(self);
			      		VUHDO_lnfCheckButtonInitFromModel(self);
			      		VUHDO_skinsInitAutoCheckButton(self, "15");
			      	</OnShow>
					    <OnClick>
					    	VUHDO_lnfCheckButtonClicked(self);
			      		VUHDO_skinsAutoCheckButtonClicked(self, "15");
    					</OnClick>
      			</Scripts>
          </CheckButton>

          <CheckButton name="$parent25CheckButton" text="VUHDO_I18N_25" inherits="VuhDoCheckButtonTemplate">
            <Size>
              <AbsDimension x="65" y="32" />
            </Size>
            <Anchors>
              <Anchor point="TOPLEFT">
                <Offset>
                  <AbsDimension x="80" y="-175" />
                </Offset>
              </Anchor>
            </Anchors>
			      <Scripts>
			      	<OnLoad>
			      		VUHDO_lnfSetTooltip(self, VUHDO_I18N_TT_301);
			      	</OnLoad>
			      	<OnShow>
			      		VUHDO_lnfPatchFont(self, "Label"); VUHDO_lnfRadioButtonOnShow(self);
			      		VUHDO_lnfCheckButtonInitFromModel(self);
			      		VUHDO_skinsInitAutoCheckButton(self, "25");
			      	</OnShow>
					    <OnClick>
					    	VUHDO_lnfCheckButtonClicked(self);
			      		VUHDO_skinsAutoCheckButtonClicked(self, "25");
    					</OnClick>
      			</Scripts>
          </CheckButton>

          <CheckButton name="$parent40CheckButton" text="VUHDO_I18N_40" inherits="VuhDoCheckButtonTemplate">
            <Size>
              <AbsDimension x="65" y="32" />
            </Size>
            <Anchors>
              <Anchor point="TOPLEFT">
                <Offset>
                  <AbsDimension x="150" y="-175" />
                </Offset>
              </Anchor>
            </Anchors>
			      <Scripts>
			      	<OnLoad>
			      		VUHDO_lnfSetTooltip(self, VUHDO_I18N_TT_302);
			      	</OnLoad>
			      	<OnShow>
			      		VUHDO_lnfPatchFont(self, "Label"); VUHDO_lnfRadioButtonOnShow(self);
			      		VUHDO_lnfCheckButtonInitFromModel(self);
			      		VUHDO_skinsInitAutoCheckButton(self, "40");
			      	</OnShow>
					    <OnClick>
					    	VUHDO_lnfCheckButtonClicked(self);
			      		VUHDO_skinsAutoCheckButtonClicked(self, "40");
    					</OnClick>
      			</Scripts>
          </CheckButton>

          <CheckButton name="$parentSpec1CheckButton" text="VUHDO_I18N_SPEC_1" inherits="VuhDoCheckButtonTemplate">
            <Size>
              <AbsDimension x="85" y="32" />
            </Size>
            <Anchors>
              <Anchor point="TOPLEFT">
                <Offset>
                  <AbsDimension x="25" y="-213" />
                </Offset>
              </Anchor>
            </Anchors>
			      <Scripts>
			      	<OnLoad>
			      		VUHDO_lnfSetTooltip(self, VUHDO_I18N_TT_475);
			      	</OnLoad>
			      	<OnShow>
			      		VUHDO_lnfPatchFont(self, "Label"); VUHDO_lnfRadioButtonOnShow(self);
			      		VUHDO_lnfCheckButtonInitFromModel(self);
			      		VUHDO_skinsInitAutoCheckButton(self, "SPEC_1");
			      	</OnShow>
					    <OnClick>
					    	VUHDO_lnfCheckButtonClicked(self);
			      		VUHDO_skinsAutoCheckButtonClicked(self, "SPEC_1");
    					</OnClick>
      			</Scripts>
          </CheckButton>

          <CheckButton name="$parentSpec2CheckButton" text="VUHDO_I18N_SPEC_2" inherits="VuhDoCheckButtonTemplate">
            <Size>
              <AbsDimension x="85" y="32" />
            </Size>
            <Anchors>
              <Anchor point="TOPLEFT">
                <Offset>
                  <AbsDimension x="115" y="-213" />
                </Offset>
              </Anchor>
            </Anchors>
			      <Scripts>
			      	<OnLoad>
			      		VUHDO_lnfSetTooltip(self, VUHDO_I18N_TT_476);
			      	</OnLoad>
			      	<OnShow>
			      		VUHDO_lnfPatchFont(self, "Label"); VUHDO_lnfRadioButtonOnShow(self);
			      		VUHDO_lnfCheckButtonInitFromModel(self);
			      		VUHDO_skinsInitAutoCheckButton(self, "SPEC_2");
			      	</OnShow>
					    <OnClick>
					    	VUHDO_lnfCheckButtonClicked(self);
			      		VUHDO_skinsAutoCheckButtonClicked(self, "SPEC_2");
    					</OnClick>
      			</Scripts>
          </CheckButton>

          <Frame name="$parentEnterArrangNameLabel" inherits="VuhDoLabelFrameTemplate">
            <Size>
              <AbsDimension x="143" y="18" />
            </Size>
            <Anchors>
              <Anchor point="TOPLEFT">
                <Offset>
                  <AbsDimension x="12" y="-246" />
                </Offset>
              </Anchor>
            </Anchors>
            <Layers>
              <Layer>
                <FontString name="$parentLabel" text="VUHDO_I18N_OR_ENTER_PROFILE_NAME" justifyH="LEFT" inherits="VuDoDefaultFontTemplate">
                </FontString>
              </Layer>
            </Layers>
          </Frame>

          <Frame name="$parentArrDescLabel" inherits="VuhDoLabelFrameTemplate">
            <Size>
              <AbsDimension x="122" y="18" />
            </Size>
            <Anchors>
              <Anchor point="TOPRIGHT">
                <Offset>
                  <AbsDimension x="-5" y="-7" />
                </Offset>
              </Anchor>
            </Anchors>
            <Layers>
              <Layer>
                <FontString name="$parentLabel" text="VUHDO_I18N_GROUPS_SIZES" justifyH="RIGHT" inherits="VuDoDefaultFontTemplate">
                </FontString>
              </Layer>
            </Layers>
          </Frame>
        </Frames>
      </Frame>
    </Frames>
  </Frame>
</Ui>