<Ui xmlns="http://www.blizzard.com/wow/ui" xmlns:xsi="http://www.w3.org/2001/XMLSchema-instance">
  <Frame name="VuhDoNewOptionsPanelTextTemplate" virtual="true">
    <Frames>
      <Frame name="$parentTextposPanel" inherits="VuhDoPanelTemplate">
        <Size>
          <AbsDimension x="180" y="170" />
        </Size>
        <Anchors>
          <Anchor point="TOPLEFT">
            <Offset>
              <AbsDimension x="20" y="-20" />
            </Offset>
          </Anchor>
        </Anchors>
        <Frames>

          <Frame name="$parentExampleTexture" inherits="VuhDoBarExampleTexture">
            <Size>
              <AbsDimension x="100" y="74" />
            </Size>
            <Anchors>
              <Anchor point="TOPLEFT">
                <Offset>
                  <AbsDimension x="40" y="-58" />
                </Offset>
              </Anchor>
            </Anchors>
          	<Frames>

              <CheckButton name="$parent11RadioButton" frameStrata="FULLSCREEN_DIALOG" inherits="VuhDoRadioBoxTemplate">
                <Anchors>
                  <Anchor point="BOTTOMLEFT" relativePoint="TOPLEFT">
                    <Offset>
                      <AbsDimension x="-5" y="-2" />
                    </Offset>
                  </Anchor>
                </Anchors>
    					  <Scripts>
    					   	<OnLoad>
			  		    		VUHDO_lnfSetRadioModel(self, "VUHDO_PANEL_SETUP.#PNUM#.ID_TEXT.position", "BOTTOMLEFT+TOPLEFT");
    			      	</OnLoad>
          			</Scripts>
              </CheckButton>

              <CheckButton name="$parent12RadioButton" frameStrata="FULLSCREEN_DIALOG" inherits="VuhDoRadioBoxTemplate">
                <Anchors>
                  <Anchor point="BOTTOM" relativePoint="TOP">
                    <Offset>
                      <AbsDimension x="0" y="-2" />
                    </Offset>
                  </Anchor>
                </Anchors>
    					  <Scripts>
    					   	<OnLoad>
			  		    		VUHDO_lnfSetRadioModel(self, "VUHDO_PANEL_SETUP.#PNUM#.ID_TEXT.position", "BOTTOM+TOP");
    			      	</OnLoad>
          			</Scripts>
              </CheckButton>

              <CheckButton name="$parent13RadioButton" frameStrata="FULLSCREEN_DIALOG" inherits="VuhDoRadioBoxTemplate">
                <Anchors>
                  <Anchor point="BOTTOMRIGHT" relativePoint="TOPRIGHT">
                    <Offset>
                      <AbsDimension x="5" y="-2" />
                    </Offset>
                  </Anchor>
                </Anchors>
    					  <Scripts>
    					   	<OnLoad>
			  		    		VUHDO_lnfSetRadioModel(self, "VUHDO_PANEL_SETUP.#PNUM#.ID_TEXT.position", "BOTTOMRIGHT+TOPRIGHT");
    			      	</OnLoad>
          			</Scripts>
              </CheckButton>

              <CheckButton name="$parent20RadioButton" frameStrata="FULLSCREEN_DIALOG" inherits="VuhDoRadioBoxTemplate">
                <Anchors>
                  <Anchor point="TOPRIGHT" relativePoint="TOPLEFT">
                    <Offset>
                      <AbsDimension x="-5" y="5" />
                    </Offset>
                  </Anchor>
                </Anchors>
    					  <Scripts>
    					   	<OnLoad>
			  		    		VUHDO_lnfSetRadioModel(self, "VUHDO_PANEL_SETUP.#PNUM#.ID_TEXT.position", "TOPRIGHT+TOPLEFT");
    			      	</OnLoad>
          			</Scripts>
              </CheckButton>

              <CheckButton name="$parent21RadioButton" frameStrata="FULLSCREEN_DIALOG" inherits="VuhDoRadioBoxTemplate">
                <Anchors>
                  <Anchor point="TOPLEFT" relativePoint="TOPLEFT">
                    <Offset>
                      <AbsDimension x="-5" y="5" />
                    </Offset>
                  </Anchor>
                </Anchors>
    					  <Scripts>
    					   	<OnLoad>
			  		    		VUHDO_lnfSetRadioModel(self, "VUHDO_PANEL_SETUP.#PNUM#.ID_TEXT.position", "TOPLEFT+TOPLEFT");
    			      	</OnLoad>
          			</Scripts>
              </CheckButton>

              <CheckButton name="$parent22RadioButton" frameStrata="FULLSCREEN_DIALOG" inherits="VuhDoRadioBoxTemplate">
                <Anchors>
                  <Anchor point="TOP" relativePoint="TOP">
                    <Offset>
                      <AbsDimension x="0" y="5" />
                    </Offset>
                  </Anchor>
                </Anchors>
    					  <Scripts>
    					   	<OnLoad>
			  		    		VUHDO_lnfSetRadioModel(self, "VUHDO_PANEL_SETUP.#PNUM#.ID_TEXT.position", "TOP+TOP");
    			      	</OnLoad>
          			</Scripts>
              </CheckButton>

              <CheckButton name="$parent23RadioButton" frameStrata="FULLSCREEN_DIALOG" inherits="VuhDoRadioBoxTemplate">
                <Anchors>
                  <Anchor point="TOPRIGHT" relativePoint="TOPRIGHT">
                    <Offset>
                      <AbsDimension x="5" y="5" />
                    </Offset>
                  </Anchor>
                </Anchors>
    					  <Scripts>
    					   	<OnLoad>
			  		    		VUHDO_lnfSetRadioModel(self, "VUHDO_PANEL_SETUP.#PNUM#.ID_TEXT.position", "TOPRIGHT+TOPRIGHT");
    			      	</OnLoad>
          			</Scripts>
              </CheckButton>

              <CheckButton name="$parent24RadioButton" frameStrata="FULLSCREEN_DIALOG" inherits="VuhDoRadioBoxTemplate">
                <Anchors>
                  <Anchor point="TOPLEFT" relativePoint="TOPRIGHT">
                    <Offset>
                      <AbsDimension x="5" y="5" />
                    </Offset>
                  </Anchor>
                </Anchors>
    					  <Scripts>
    					   	<OnLoad>
			  		    		VUHDO_lnfSetRadioModel(self, "VUHDO_PANEL_SETUP.#PNUM#.ID_TEXT.position", "TOPLEFT+TOPRIGHT");
    			      	</OnLoad>
          			</Scripts>
              </CheckButton>

              <CheckButton name="$parent30RadioButton" frameStrata="FULLSCREEN_DIALOG" inherits="VuhDoRadioBoxTemplate">
                <Anchors>
                  <Anchor point="RIGHT" relativePoint="LEFT">
                    <Offset>
                      <AbsDimension x="-5" y="0" />
                    </Offset>
                  </Anchor>
                </Anchors>
    					  <Scripts>
    					   	<OnLoad>
			  		    		VUHDO_lnfSetRadioModel(self, "VUHDO_PANEL_SETUP.#PNUM#.ID_TEXT.position", "RIGHT+LEFT");
    			      	</OnLoad>
          			</Scripts>
              </CheckButton>

              <CheckButton name="$parent31RadioButton" frameStrata="FULLSCREEN_DIALOG" inherits="VuhDoRadioBoxTemplate">
                <Anchors>
                  <Anchor point="LEFT" relativePoint="LEFT">
                    <Offset>
                      <AbsDimension x="-5" y="0" />
                    </Offset>
                  </Anchor>
                </Anchors>
    					  <Scripts>
    					   	<OnLoad>
			  		    		VUHDO_lnfSetRadioModel(self, "VUHDO_PANEL_SETUP.#PNUM#.ID_TEXT.position", "LEFT+LEFT");
    			      	</OnLoad>
          			</Scripts>
              </CheckButton>

              <CheckButton name="$parent32RadioButton" frameStrata="FULLSCREEN_DIALOG" inherits="VuhDoRadioBoxTemplate">
                <Anchors>
                  <Anchor point="CENTER" relativePoint="CENTER">
                    <Offset>
                      <AbsDimension x="0" y="0" />
                    </Offset>
                  </Anchor>
                </Anchors>
    					  <Scripts>
    					   	<OnLoad>
			  		    		VUHDO_lnfSetRadioModel(self, "VUHDO_PANEL_SETUP.#PNUM#.ID_TEXT.position", "CENTER+CENTER");
    			      	</OnLoad>
          			</Scripts>
              </CheckButton>

              <CheckButton name="$parent33RadioButton" frameStrata="FULLSCREEN_DIALOG" inherits="VuhDoRadioBoxTemplate">
                <Anchors>
                  <Anchor point="RIGHT" relativePoint="RIGHT">
                    <Offset>
                      <AbsDimension x="5" y="0" />
                    </Offset>
                  </Anchor>
                </Anchors>
    					  <Scripts>
    					   	<OnLoad>
			  		    		VUHDO_lnfSetRadioModel(self, "VUHDO_PANEL_SETUP.#PNUM#.ID_TEXT.position", "RIGHT+RIGHT");
    			      	</OnLoad>
          			</Scripts>
              </CheckButton>

              <CheckButton name="$parent34RadioButton" frameStrata="FULLSCREEN_DIALOG" inherits="VuhDoRadioBoxTemplate">
                <Anchors>
                  <Anchor point="LEFT" relativePoint="RIGHT">
                    <Offset>
                      <AbsDimension x="5" y="0" />
                    </Offset>
                  </Anchor>
                </Anchors>
    					  <Scripts>
    					   	<OnLoad>
			  		    		VUHDO_lnfSetRadioModel(self, "VUHDO_PANEL_SETUP.#PNUM#.ID_TEXT.position", "LEFT+RIGHT");
    			      	</OnLoad>
          			</Scripts>
              </CheckButton>

              <CheckButton name="$parent40RadioButton" frameStrata="FULLSCREEN_DIALOG" inherits="VuhDoRadioBoxTemplate">
                <Anchors>
                  <Anchor point="BOTTOMRIGHT" relativePoint="BOTTOMLEFT">
                    <Offset>
                      <AbsDimension x="-5" y="-5" />
                    </Offset>
                  </Anchor>
                </Anchors>
    					  <Scripts>
    					   	<OnLoad>
			  		    		VUHDO_lnfSetRadioModel(self, "VUHDO_PANEL_SETUP.#PNUM#.ID_TEXT.position", "BOTTOMRIGHT+BOTTOMLEFT");
    			      	</OnLoad>
          			</Scripts>
              </CheckButton>

              <CheckButton name="$parent41RadioButton" frameStrata="FULLSCREEN_DIALOG" inherits="VuhDoRadioBoxTemplate">
                <Anchors>
                  <Anchor point="BOTTOMLEFT" relativePoint="BOTTOMLEFT">
                    <Offset>
                      <AbsDimension x="-5" y="-5" />
                    </Offset>
                  </Anchor>
                </Anchors>
    					  <Scripts>
    					   	<OnLoad>
			  		    		VUHDO_lnfSetRadioModel(self, "VUHDO_PANEL_SETUP.#PNUM#.ID_TEXT.position", "BOTTOMLEFT+BOTTOMLEFT");
    			      	</OnLoad>
          			</Scripts>
              </CheckButton>

              <CheckButton name="$parent42RadioButton" frameStrata="FULLSCREEN_DIALOG" inherits="VuhDoRadioBoxTemplate">
                <Anchors>
                  <Anchor point="BOTTOM" relativePoint="BOTTOM">
                    <Offset>
                      <AbsDimension x="0" y="-5" />
                    </Offset>
                  </Anchor>
                </Anchors>
    					  <Scripts>
    					   	<OnLoad>
			  		    		VUHDO_lnfSetRadioModel(self, "VUHDO_PANEL_SETUP.#PNUM#.ID_TEXT.position", "BOTTOM+BOTTOM");
    			      	</OnLoad>
          			</Scripts>
              </CheckButton>

              <CheckButton name="$parent43RadioButton" frameStrata="FULLSCREEN_DIALOG" inherits="VuhDoRadioBoxTemplate">
                <Anchors>
                  <Anchor point="BOTTOMRIGHT" relativePoint="BOTTOMRIGHT">
                    <Offset>
                      <AbsDimension x="5" y="-5" />
                    </Offset>
                  </Anchor>
                </Anchors>
    					  <Scripts>
    					   	<OnLoad>
			  		    		VUHDO_lnfSetRadioModel(self, "VUHDO_PANEL_SETUP.#PNUM#.ID_TEXT.position", "BOTTOMRIGHT+BOTTOMRIGHT");
    			      	</OnLoad>
          			</Scripts>
              </CheckButton>

              <CheckButton name="$parent44RadioButton" frameStrata="FULLSCREEN_DIALOG" inherits="VuhDoRadioBoxTemplate">
                <Anchors>
                  <Anchor point="BOTTOMLEFT" relativePoint="BOTTOMRIGHT">
                    <Offset>
                      <AbsDimension x="5" y="-5" />
                    </Offset>
                  </Anchor>
                </Anchors>
    					  <Scripts>
    					   	<OnLoad>
			  		    		VUHDO_lnfSetRadioModel(self, "VUHDO_PANEL_SETUP.#PNUM#.ID_TEXT.position", "BOTTOMLEFT+BOTTOMRIGHT");
    			      	</OnLoad>
          			</Scripts>
              </CheckButton>

              <CheckButton name="$parent51RadioButton" frameStrata="FULLSCREEN_DIALOG" inherits="VuhDoRadioBoxTemplate">
                <Anchors>
                  <Anchor point="TOPLEFT" relativePoint="BOTTOMLEFT">
                    <Offset>
                      <AbsDimension x="-5" y="2" />
                    </Offset>
                  </Anchor>
                </Anchors>
    					  <Scripts>
    					   	<OnLoad>
			  		    		VUHDO_lnfSetRadioModel(self, "VUHDO_PANEL_SETUP.#PNUM#.ID_TEXT.position", "TOPLEFT+BOTTOMLEFT");
    			      	</OnLoad>
          			</Scripts>
              </CheckButton>

              <CheckButton name="$parent52RadioButton" frameStrata="FULLSCREEN_DIALOG" inherits="VuhDoRadioBoxTemplate">
                <Anchors>
                  <Anchor point="TOP" relativePoint="BOTTOM">
                    <Offset>
                      <AbsDimension x="0" y="2" />
                    </Offset>
                  </Anchor>
                </Anchors>
    					  <Scripts>
    					   	<OnLoad>
			  		    		VUHDO_lnfSetRadioModel(self, "VUHDO_PANEL_SETUP.#PNUM#.ID_TEXT.position", "TOP+BOTTOM");
    			      	</OnLoad>
          			</Scripts>
              </CheckButton>

              <CheckButton name="$parent53RadioButton" frameStrata="FULLSCREEN_DIALOG" inherits="VuhDoRadioBoxTemplate">
                <Anchors>
                  <Anchor point="TOPRIGHT" relativePoint="BOTTOMRIGHT">
                    <Offset>
                      <AbsDimension x="5" y="2" />
                    </Offset>
                  </Anchor>
                </Anchors>
    					  <Scripts>
    					   	<OnLoad>
			  		    		VUHDO_lnfSetRadioModel(self, "VUHDO_PANEL_SETUP.#PNUM#.ID_TEXT.position", "TOPRIGHT+BOTTOMRIGHT");
    			      	</OnLoad>
          			</Scripts>
              </CheckButton>

          	</Frames>
          </Frame>

          <Frame name="$parentTitleLabel" inherits="VuhDoLabelFrameTemplate">
            <Size>
              <AbsDimension x="116" y="21" />
            </Size>
            <Anchors>
              <Anchor point="TOPLEFT">
                <Offset>
                  <AbsDimension x="13" y="-7" />
                </Offset>
              </Anchor>
            </Anchors>
            <Layers>
              <Layer>
                <FontString name="$parentLabel" text="VUHDO_I18N_TEXT_POSITION" inherits="VuDoDefaultTitleFontTemplate">
                </FontString>
              </Layer>
            </Layers>
          </Frame>

        </Frames>
      </Frame>

      <Frame name="$parentHitpointsPanel" inherits="VuhDoPanelTemplate">
        <Size>
          <AbsDimension x="365" y="144" />
        </Size>
        <Anchors>
          <Anchor point="TOPLEFT">
            <Offset>
              <AbsDimension x="155" y="-245" />
            </Offset>
          </Anchor>
        </Anchors>
        <Frames>

          <Frame name="$parentRadioPanel">
            <Size>
              <AbsDimension x="122" y="123" />
            </Size>
            <Anchors>
              <Anchor point="TOPLEFT">
                <Offset>
                  <AbsDimension x="130" y="-4" />
                </Offset>
              </Anchor>
            </Anchors>
            <Frames>

              <CheckButton name="$parentPercentRadioButton" text="VUHDO_I18N_PERCENT" inherits="VuhDoRadioButtonTemplate">
                <Anchors>
                  <Anchor point="TOPLEFT">
                    <Offset>
                      <AbsDimension x="5" y="-15" />
                    </Offset>
                  </Anchor>
                </Anchors>
					      <Scripts>
					      	<OnLoad>
			  		    		VUHDO_lnfSetRadioModel(self, "VUHDO_PANEL_SETUP.#PNUM#.LIFE_TEXT.mode", 1);
					      		VUHDO_lnfSetTooltip(self, VUHDO_I18N_TT_126);
			      			</OnLoad>
      					</Scripts>
              </CheckButton>

              <CheckButton name="$parentMissingRadioButton" text="VUHDO_I18N_MISSING" inherits="VuhDoRadioButtonTemplate">
                <Anchors>
                  <Anchor point="TOPLEFT">
                    <Offset>
                      <AbsDimension x="5" y="-53" />
                    </Offset>
                  </Anchor>
                </Anchors>
					      <Scripts>
					      	<OnLoad>
			  		    		VUHDO_lnfSetRadioModel(self, "VUHDO_PANEL_SETUP.#PNUM#.LIFE_TEXT.mode", 3);
					      		VUHDO_lnfSetTooltip(self, VUHDO_I18N_TT_127);
			      			</OnLoad>
      					</Scripts>
              </CheckButton>

              <CheckButton name="$parentLifeLeftRadioButton" text="VUHDO_I18N_REMAINING" inherits="VuhDoRadioButtonTemplate">
                <Anchors>
                  <Anchor point="TOPLEFT">
                    <Offset>
                      <AbsDimension x="5" y="-91" />
                    </Offset>
                  </Anchor>
                </Anchors>
					      <Scripts>
					      	<OnLoad>
			  		    		VUHDO_lnfSetRadioModel(self, "VUHDO_PANEL_SETUP.#PNUM#.LIFE_TEXT.mode", 2);
					      		VUHDO_lnfSetTooltip(self, VUHDO_I18N_TT_128);
			      			</OnLoad>
      					</Scripts>
              </CheckButton>

              <CheckButton name="$parentVerbosCheckButton" text="VUHDO_I18N_VERBOSE" inherits="VuhDoCheckButtonTemplate">
                <Anchors>
                  <Anchor point="TOPLEFT">
                    <Offset>
                      <AbsDimension x="120" y="-15" />
                    </Offset>
                  </Anchor>
                </Anchors>
					      <Scripts>
					      	<OnLoad>
			  		    		VUHDO_lnfSetModel(self, "VUHDO_PANEL_SETUP.#PNUM#.LIFE_TEXT.verbose");
					      		VUHDO_lnfSetTooltip(self, VUHDO_I18N_TT_340);
			      			</OnLoad>
      					</Scripts>
              </CheckButton>

              <CheckButton name="$parentHideIrrelevantCheckButton" text="VUHDO_I18N_HIDE_IRRELEVANT" inherits="VuhDoCheckButtonTemplate">
                <Anchors>
                  <Anchor point="TOPLEFT">
                    <Offset>
                      <AbsDimension x="120" y="-53" />
                    </Offset>
                  </Anchor>
                </Anchors>
					      <Scripts>
					      	<OnLoad>
			  		    		VUHDO_lnfSetModel(self, "VUHDO_PANEL_SETUP.#PNUM#.LIFE_TEXT.hideIrrelevant");
					      		VUHDO_lnfSetTooltip(self, VUHDO_I18N_TT_364);
			      			</OnLoad>
      					</Scripts>
              </CheckButton>

            </Frames>
          </Frame>

          <CheckButton name="$parentRightRadioButton" frameStrata="FULLSCREEN_DIALOG" inherits="VuhDoRadioBoxTemplate">
            <Anchors>
              <Anchor point="TOPLEFT">
                <Offset>
                  <AbsDimension x="87" y="-84" />
                </Offset>
              </Anchor>
            </Anchors>
					  <Scripts>
					   	<OnLoad>
			  		 		VUHDO_lnfSetRadioModel(self, "VUHDO_PANEL_SETUP.#PNUM#.LIFE_TEXT.position", 1);
					      VUHDO_lnfSetTooltip(self, VUHDO_I18N_TT_129);
			      	</OnLoad>
      			</Scripts>
          </CheckButton>

          <CheckButton name="$parentLeftRadioButton" frameStrata="FULLSCREEN_DIALOG" inherits="VuhDoRadioBoxTemplate">
            <Anchors>
              <Anchor point="TOPLEFT">
                <Offset>
                  <AbsDimension x="19" y="-84" />
                </Offset>
              </Anchor>
            </Anchors>
					  <Scripts>
					   	<OnLoad>
			  		 		VUHDO_lnfSetRadioModel(self, "VUHDO_PANEL_SETUP.#PNUM#.LIFE_TEXT.position", 2);
					      VUHDO_lnfSetTooltip(self, VUHDO_I18N_TT_130);
			      	</OnLoad>
      			</Scripts>
          </CheckButton>

          <CheckButton name="$parentBottomRadioButton" frameStrata="FULLSCREEN_DIALOG" inherits="VuhDoRadioBoxTemplate">
            <Anchors>
              <Anchor point="TOPLEFT">
                <Offset>
                  <AbsDimension x="53" y="-98" />
                </Offset>
              </Anchor>
            </Anchors>
					  <Scripts>
					   	<OnLoad>
			  		 		VUHDO_lnfSetRadioModel(self, "VUHDO_PANEL_SETUP.#PNUM#.LIFE_TEXT.position", 4);
					      VUHDO_lnfSetTooltip(self, VUHDO_I18N_TT_131);
			      	</OnLoad>
      			</Scripts>
          </CheckButton>

          <CheckButton name="$parentTopRadioButton" frameStrata="FULLSCREEN_DIALOG" inherits="VuhDoRadioBoxTemplate">
            <Anchors>
              <Anchor point="TOPLEFT">
                <Offset>
                  <AbsDimension x="53" y="-72" />
                </Offset>
              </Anchor>
            </Anchors>
					  <Scripts>
					   	<OnLoad>
			  		 		VUHDO_lnfSetRadioModel(self, "VUHDO_PANEL_SETUP.#PNUM#.LIFE_TEXT.position", 3);
					      VUHDO_lnfSetTooltip(self, VUHDO_I18N_TT_132);
			      	</OnLoad>
      			</Scripts>
          </CheckButton>

          <CheckButton name="$parentShowCheckButton" text="VUHDO_I18N_SHOW" inherits="VuhDoCheckButtonTemplate">
            <Anchors>
              <Anchor point="TOPLEFT">
                <Offset>
                  <AbsDimension x="13" y="-34" />
                </Offset>
              </Anchor>
            </Anchors>
			      <Scripts>
			      	<OnLoad>
			      		VUHDO_lnfSetModel(self, "VUHDO_PANEL_SETUP.#PNUM#.LIFE_TEXT.show");
					      VUHDO_lnfSetTooltip(self, VUHDO_I18N_TT_133);
			      	</OnLoad>
      			</Scripts>
          </CheckButton>

          <Frame name="$parentExampleTexture" inherits="VuhDoBarExampleTexture">
            <Anchors>
              <Anchor point="TOPLEFT">
                <Offset>
                  <AbsDimension x="19" y="-84" />
                </Offset>
              </Anchor>
            </Anchors>
          </Frame>

          <Frame name="$parentHitpointsLabel" inherits="VuhDoLabelFrameTemplate">
            <Size>
              <AbsDimension x="116" y="21" />
            </Size>
            <Anchors>
              <Anchor point="TOPLEFT">
                <Offset>
                  <AbsDimension x="13" y="-7" />
                </Offset>
              </Anchor>
            </Anchors>
            <Layers>
              <Layer>
                <FontString name="$parentLabel" text="VUHDO_I18N_HITPOINTS" inherits="VuDoDefaultTitleFontTemplate">
                </FontString>
              </Layer>
            </Layers>
          </Frame>

        </Frames>
      </Frame>

      <Frame name="$parentShowWhatPanel" inherits="VuhDoPanelTemplate">
        <Size>
          <AbsDimension x="120" y="186" />
        </Size>
        <Anchors>
          <Anchor point="TOPLEFT">
            <Offset>
              <AbsDimension x="20" y="-210" />
            </Offset>
          </Anchor>
        </Anchors>
        <Frames>

          <CheckButton name="$parentNameCheckButton" text="VUHDO_I18N_NAME" inherits="VuhDoCheckButtonTemplate">
            <Anchors>
              <Anchor point="TOPLEFT">
                <Offset>
                  <AbsDimension x="10" y="-31" />
                </Offset>
              </Anchor>
            </Anchors>
			      <Scripts>
			      	<OnLoad>
			      		VUHDO_lnfSetModel(self, "VUHDO_PANEL_SETUP.#PNUM#.ID_TEXT.showName");
					      VUHDO_lnfSetTooltip(self, VUHDO_I18N_TT_341);
			      	</OnLoad>
      			</Scripts>
          </CheckButton>

          <CheckButton name="$parentClassCheckButton" text="VUHDO_I18N_CLASS" inherits="VuhDoCheckButtonTemplate">
            <Anchors>
              <Anchor point="TOPLEFT">
                <Offset>
                  <AbsDimension x="10" y="-69" />
                </Offset>
              </Anchor>
            </Anchors>
			      <Scripts>
			      	<OnLoad>
			      		VUHDO_lnfSetModel(self, "VUHDO_PANEL_SETUP.#PNUM#.ID_TEXT.showClass");
					      VUHDO_lnfSetTooltip(self, VUHDO_I18N_TT_342);
			      	</OnLoad>
      			</Scripts>
          </CheckButton>

          <CheckButton name="$parentTagsCheckButton" text="VUHDO_I18N_FLAGS" inherits="VuhDoCheckButtonTemplate">
            <Anchors>
              <Anchor point="TOPLEFT">
                <Offset>
                  <AbsDimension x="10" y="-107" />
                </Offset>
              </Anchor>
            </Anchors>
			      <Scripts>
			      	<OnLoad>
			      		VUHDO_lnfSetModel(self, "VUHDO_PANEL_SETUP.#PNUM#.ID_TEXT.showTags");
					      VUHDO_lnfSetTooltip(self, VUHDO_I18N_TT_168);
			      	</OnLoad>
      			</Scripts>
          </CheckButton>

          <CheckButton name="$parentPetOwnersCheckButton" text="VUHDO_I18N_PET_OWNERS" inherits="VuhDoCheckButtonTemplate">
            <Anchors>
              <Anchor point="TOPLEFT">
                <Offset>
                  <AbsDimension x="10" y="-145" />
                </Offset>
              </Anchor>
            </Anchors>
			      <Scripts>
			      	<OnLoad>
			      		VUHDO_lnfSetModel(self, "VUHDO_PANEL_SETUP.#PNUM#.ID_TEXT.showPetOwners");
					      VUHDO_lnfSetTooltip(self, VUHDO_I18N_TT_357);
			      	</OnLoad>
      			</Scripts>
          </CheckButton>

          <Frame name="$parentTitleLabel" inherits="VuhDoLabelFrameTemplate">
            <Size>
              <AbsDimension x="116" y="18" />
            </Size>
            <Anchors>
              <Anchor point="TOPLEFT">
                <Offset>
                  <AbsDimension x="13" y="-7" />
                </Offset>
              </Anchor>
            </Anchors>
            <Layers>
              <Layer>
                <FontString name="$parentLabel" text="VUHDO_I18N_SHOW_TEXT" inherits="VuDoDefaultTitleFontTemplate">
                </FontString>
              </Layer>
            </Layers>
          </Frame>

        </Frames>
      </Frame>

      <Frame name="$parentBarTextPanel" inherits="VuhDoPanelTemplate">
        <Size>
          <AbsDimension x="266" y="215" />
        </Size>
        <Anchors>
          <Anchor point="TOPLEFT">
            <Offset>
              <AbsDimension x="240" y="-19" />
            </Offset>
          </Anchor>
        </Anchors>
        <Frames>

          <Frame name="$parentNameTextSizeSlider" inherits="VuhDoHSliderTemplate">
            <Size>
              <AbsDimension x="238" y="32" />
            </Size>
            <Anchors>
              <Anchor point="TOPLEFT">
                <Offset>
                  <AbsDimension x="13" y="-80" />
                </Offset>
              </Anchor>
            </Anchors>
			      <Scripts>
					    <OnLoad>
			      		VUHDO_lnfSetModel(self, "VUHDO_PANEL_SETUP.#PNUM#.PANEL_COLOR.TEXT.textSize");
					    	VUHDO_lnfSliderOnLoad(self, VUHDO_I18N_NAME_TEXT_SIZE, 1, 32);
					      VUHDO_lnfSetTooltip(self, VUHDO_I18N_TT_134);
					    </OnLoad>
      			</Scripts>
          </Frame>

          <Frame name="$parentLifeTextSizeSlider" inherits="VuhDoHSliderTemplate">
            <Size>
              <AbsDimension x="238" y="32" />
            </Size>
            <Anchors>
              <Anchor point="TOPLEFT">
                <Offset>
                  <AbsDimension x="13" y="-112" />
                </Offset>
              </Anchor>
            </Anchors>
			      <Scripts>
					    <OnLoad>
			      		VUHDO_lnfSetModel(self, "VUHDO_PANEL_SETUP.#PNUM#.PANEL_COLOR.TEXT.textSizeLife");
					    	VUHDO_lnfSliderOnLoad(self, VUHDO_I18N_LIFE_TEXT_SIZE, 1, 32);
					      VUHDO_lnfSetTooltip(self, VUHDO_I18N_TT_134);
					    </OnLoad>
      			</Scripts>
          </Frame>

          <Frame name="$parentMaxCharsSlider" inherits="VuhDoHSliderTemplate">
            <Size>
              <AbsDimension x="238" y="32" />
            </Size>
            <Anchors>
              <Anchor point="TOPLEFT">
                <Offset>
                  <AbsDimension x="13" y="-144" />
                </Offset>
              </Anchor>
            </Anchors>
			      <Scripts>
					    <OnLoad>
			      		VUHDO_lnfSetModel(self, "VUHDO_PANEL_SETUP.#PNUM#.PANEL_COLOR.TEXT.maxChars");
					    	VUHDO_lnfSliderOnLoad(self, VUHDO_I18N_MAX_CHARS, 0, 25);
					      VUHDO_lnfSetTooltip(self, VUHDO_I18N_TT_343);
					    </OnLoad>
      			</Scripts>
          </Frame>


          <Button name="$parentFontCombo" inherits="VuhDoComboBoxTemplate">
            <Size>
              <AbsDimension x="200" y="32" />
            </Size>
            <Anchors>
              <Anchor point="TOPLEFT">
                <Offset>
                  <AbsDimension x="50" y="-195" />
                </Offset>
              </Anchor>
            </Anchors>
			      <Scripts>
			      	<OnLoad>
			      		VUHDO_setComboModel(self, "VUHDO_PANEL_SETUP.#PNUM#.PANEL_COLOR.TEXT.font", VUHDO_FONTS);
			      		VUHDO_lnfSetTooltip(self, VUHDO_I18N_TT_344);
			      	</OnLoad>
			      </Scripts>
          </Button>

          <CheckButton name="$parentClassColorsCheckButton" text="VUHDO_I18N_CLASS_COL" inherits="VuhDoCheckButtonTemplate">
            <Anchors>
              <Anchor point="TOPLEFT">
                <Offset>
                  <AbsDimension x="133" y="-10" />
                </Offset>
              </Anchor>
            </Anchors>
			      <Scripts>
			      	<OnLoad>
			      		VUHDO_lnfSetModel(self, "VUHDO_PANEL_SETUP.PANEL_COLOR.classColorsName");
					      VUHDO_lnfSetTooltip(self, VUHDO_I18N_TT_135);
			      	</OnLoad>
      			</Scripts>
          </CheckButton>

          <CheckButton name="$parentOutlineCheckButton" text="VUHDO_I18N_OUTLINE" inherits="VuhDoCheckButtonTemplate">
            <Anchors>
              <Anchor point="TOPLEFT">
                <Offset>
                  <AbsDimension x="133" y="-48" />
                </Offset>
              </Anchor>
            </Anchors>
			      <Scripts>
			      	<OnLoad>
			      		VUHDO_lnfSetModel(self, "VUHDO_PANEL_SETUP.#PNUM#.PANEL_COLOR.TEXT.outline");
					      VUHDO_lnfSetTooltip(self, VUHDO_I18N_TT_382);
			      	</OnLoad>
      			</Scripts>
          </CheckButton>

          <Frame name="$parentBarTextLabel" inherits="VuhDoLabelFrameTemplate">
            <Size>
              <AbsDimension x="116" y="18" />
            </Size>
            <Anchors>
              <Anchor point="TOPLEFT">
                <Offset>
                  <AbsDimension x="13" y="-7" />
                </Offset>
              </Anchor>
            </Anchors>
            <Layers>
              <Layer>
                <FontString name="$parentLabel" text="VUHDO_I18N_BAR_TEXT" inherits="VuDoDefaultTitleFontTemplate">
                </FontString>
              </Layer>
            </Layers>
          </Frame>

          <Frame name="$parentTextColorTexture" inherits="VuhDoColorSwatchTexture">
            <Anchors>
              <Anchor point="TOPLEFT">
                <Offset>
                  <AbsDimension x="12" y="-31" />
                </Offset>
              </Anchor>
            </Anchors>
			      <Scripts>
			      	<OnLoad>
			      		VUHDO_lnfSetModel(self, "VUHDO_PANEL_SETUP.PANEL_COLOR.TEXT");
			      		VUHDO_lnfInitColorSwatch(self, VUHDO_I18N_TEXT, VUHDO_I18N_TEXT,  "B");
					      VUHDO_lnfSetTooltip(self, VUHDO_I18N_TT_136);
			      	</OnLoad>
      			</Scripts>
          </Frame>

        </Frames>
      </Frame>
    </Frames>
  </Frame>
</Ui>