<Ui xmlns="http://www.blizzard.com/wow/ui/" xmlns:xsi="http://www.w3.org/2001/XMLSchema-instance" xsi:schemaLocation="http://www.blizzard.com/wow/ui/
..\FrameXML\UI.xsd">
   <Script file="TriviaBot.lua" />
   <Script file="Questions\TriviaQuestions1.lua" />
   <Script file="Questions\TriviaQuestions2.lua" />
   <Script file="Questions\TriviaQuestions3.lua" />
   <Script file="Questions\TriviaQuestions4.lua" />
   <Script file="Questions\TriviaQuestions5.lua" />
   <Script file="Questions\TriviaQuestions6.lua" />
   <Script file="Questions\TriviaQuestions7.lua" />
   <Script file="Questions\TriviaQuestions8.lua" />
   <Script file="Questions\TriviaQuestions9.lua" />
   <Script file="Questions\TriviaQuestions10.lua" />
   <Script file="Questions\TriviaQuestions11.lua" />
   <Script file="Questions\TriviaQuestions12.lua" />
   <Script file="Questions\TriviaQuestions13.lua" />
   <Script file="Questions\TriviaQuestions14.lua" />
   <Script file="Questions\TriviaQuestions15.lua" />
   <Script file="Questions\TriviaQuestions16.lua" />
   <Script file="Questions\TriviaQuestions17.lua" />
   <Script file="Questions\TriviaQuestions18.lua" />
   <Script file="Questions\TriviaQuestions19.lua" />
   <Script file="Questions\TriviaQuestions20.lua" />
   <Frame name="TriviaBot" parent="UIParent">
      <Scripts>
         <OnLoad>
            self.TimeSinceLastUpdate = 0;
            TriviaBot_OnLoad(self);
         </OnLoad>
         <OnUpdate>
            TriviaBot_OnUpdate(self, elapsed);
         </OnUpdate>
         <OnEvent>
            TriviaBot_OnEvent(self, event, ...);
         </OnEvent>
      </Scripts>
   </Frame>
   <Frame name="TriviaBotGUI" parent="UIParent">
      <Scripts>
         <OnMouseDown>
            TriviaBotGUI_ClearFocus();
            TriviaBotGUI_OnMouseDown(self, button);
         </OnMouseDown>
         <OnMouseUp>
         		TriviaBotGUI_OnMouseUp(self, button);
         </OnMouseUp>
         <OnHide>
            self:StopMovingOrSizing();
         </OnHide>
         <OnLoad>
            tinsert(UISpecialFrames,self:GetName());
         </OnLoad>
      </Scripts>
   </Frame>
</Ui>
