<Ui xmlns="http://www.blizzard.com/wow/ui/" xmlns:xsi="http://www.w3.org/2001/XMLSchema-instance" xsi:schemaLocation="http://www.blizzard.com/wow/ui/
..\FrameXML\UI.xsd">
    <Script file="FishingBuddyTitan.lua"/>
	<!-- Titan Panel support -->
	<Frame parent="UIParent">
		<Frames>
			<Button name="TitanPanelFishingBuddyButton" inherits="TitanPanelIconTemplate" frameStrata="FULLSCREEN" toplevel="true">
				<Scripts>
					<OnLoad>
						if TitanPanelButton_OnLoad then
							FB_Titan.OnLoad(self);
							TitanPanelButton_OnLoad(self);
						end
					</OnLoad>
					<OnEvent>
						FB_Titan.OnEvent(self, event, ...);
					</OnEvent>
					<OnClick>
						FB_Titan.OnClick(self, button);
						TitanPanelButton_OnClick(self, button);
					</OnClick>
				</Scripts>
			</Button>
		</Frames>
	</Frame>

</Ui>
