<Ui xmlns:xsi="http://www.w3.org/2001/XMLSchema-instance" xmlns:xsd="http://www.w3.org/2001/XMLSchema" xmlns="http://www.blizzard.com/wow/ui/">
	<Script file="TCoL_ScoreUs.lua" />
	<Frame name="TCoL_ScoreUs_Frame" parent="UIParent" toplevel="true" enableMouse="true" movable="true" hidden="true">
		<Size>
			<AbsDimension x="550" y="30" />
		</Size>
		<Anchors>
			<Anchor point="CENTER">
				<Offset x="-61" y="265" />
			</Anchor>
		</Anchors>
		<Backdrop bgFile="Interface\DialogFrame\UI-DialogBox-Background" edgeFile="Interface\DialogFrame\UI-DialogBox-Border" tile="true">
			<BackgroundInsets>
				<AbsInset left="5" right="5" top="5" bottom="5" />
			</BackgroundInsets>
			<TileSize>
				<AbsValue val="32" />
			</TileSize>
			<EdgeSize>
				<AbsValue val="16" />
			</EdgeSize>
		</Backdrop>
		<Frames>
			<Button name="Button1" inherits="UIPanelCloseButton" text="Button1">
				<Size>
					<AbsDimension x="50" y="33" />
				</Size>
				<Anchors>
					<Anchor point="TOPLEFT">
						<Offset x="507" y="1" />
					</Anchor>
				</Anchors>
			</Button>
		</Frames>
		<Layers>
			<Layer level="OVERLAY">
				<FontString name="TCoL_ScoreUs_Title" inherits="GameFontNormalLarge" text="TCoL Score Us">
					<Size>
						<AbsDimension x="139" y="20" />
					</Size>
					<Anchors>
						<Anchor point="TOPLEFT">
							<Offset x="203" y="-6" />
						</Anchor>
					</Anchors>
				</FontString>
			</Layer>
		</Layers>
		<Scripts>
			<OnLoad>TCoL_ScoreUs_OnLoad();
				TCoL_ScoreUs_Frame:RegisterForDrag("LeftButton");</OnLoad>
			<OnDragStart>TCoL_ScoreUs_Frame:StartMoving();
				TCoL_ScoreUs_Frame:StartMoving();</OnDragStart>
			<OnDragStop>TCoL_ScoreUs_Frame:StopMovingOrSizing();
				TCoL_ScoreUs_Frame:StopMovingOrSizing();</OnDragStop>
			<OnHide>TCoL_ScoreUs_Close();</OnHide>
		</Scripts>
	</Frame>
	<Frame name="TCoL_ScoreUs_Frame_Body" parent="UIParent" frameStrata="HIGH" enableMouse="true" movable="true">
		<Size>
			<AbsDimension x="550" y="320" />
		</Size>
		<Anchors>
			<Anchor point="TOP" relativeTo="TCoL_ScoreUs_Frame_Title" relativePoint="BOTTOM">
				<Offset x="0" y="7" />
			</Anchor>
		</Anchors>
		<Backdrop bgFile="Interface\DialogFrame\UI-DialogBox-Background" edgeFile="Interface\DialogFrame\UI-DialogBox-Border" tile="true">
			<BackgroundInsets>
				<AbsInset left="5" right="5" top="5" bottom="5" />
			</BackgroundInsets>
			<TileSize>
				<AbsValue val="32" />
			</TileSize>
			<EdgeSize>
				<AbsValue val="16" />
			</EdgeSize>
		</Backdrop>
		<Layers>
			<Layer level="OVERLAY">
				<FontString name="TCoL_ScoreUs_Players" inherits="GameFontNormalSmall" text="Players" justifyV="TOP" justifyH="LEFT">
					<Size>
						<AbsDimension x="95" y="310" />
					</Size>
					<Anchors>
						<Anchor point="TOPLEFT">
							<Offset x="10" y="-37" />
						</Anchor>
					</Anchors>
				</FontString>
				<FontString name="TCoL_ScoreUs_Stats" inherits="GameFontNormalSmall" text="Stats" justifyV="TOP" justifyH="LEFT">
					<Size>
						<AbsDimension x="423" y="310" />
					</Size>
					<Anchors>
						<Anchor point="TOPLEFT">
							<Offset x="115" y="-37" />
						</Anchor>
					</Anchors>
				</FontString>
				<FontString name="TCoL_ScoreUs_Players_Title" inherits="GameFontNormal" text="Players" justifyV="TOP" justifyH="LEFT">
					<Size>
						<AbsDimension x="80" y="20" />
					</Size>
					<Anchors>
						<Anchor point="TOPLEFT">
							<Offset x="8" y="-14" />
						</Anchor>
					</Anchors>
				</FontString>
				<FontString name="TCoL_ScoreUs_Stats_Title" inherits="GameFontNormal" text="Statistics" justifyV="TOP" justifyH="LEFT">
					<Size>
						<AbsDimension x="80" y="20" />
					</Size>
					<Anchors>
						<Anchor point="TOPLEFT">
							<Offset x="100" y="-14" />
						</Anchor>
					</Anchors>
				</FontString>
			</Layer>
		</Layers>
	</Frame>
	<Frame name="TCoL_ScoreUs_Frame_Legend" parent="UIParent" frameStrata="HIGH" enableMouse="true" movable="true">
		<Size>
			<AbsDimension x="550" y="75" />
		</Size>
		<Anchors>
			<Anchor point="TOP" relativeTo="TCoL_ScoreUs_Frame_Body" relativePoint="BOTTOM">
				<Offset x="0" y="7" />
			</Anchor>
		</Anchors>
		<Backdrop bgFile="Interface\DialogFrame\UI-DialogBox-Background" edgeFile="Interface\DialogFrame\UI-DialogBox-Border" tile="true">
			<BackgroundInsets>
				<AbsInset left="5" right="5" top="5" bottom="5" />
			</BackgroundInsets>
			<TileSize>
				<AbsValue val="32" />
			</TileSize>
			<EdgeSize>
				<AbsValue val="16" />
			</EdgeSize>
		</Backdrop>
		<Layers>
			<Layer level="OVERLAY">
				<FontString name="TCoL_ScoreUs_Legend_Text1" inherits="GameFontNormalSmall" text="Legend" justifyV="TOP" justifyH="LEFT">
					<Size>
						<AbsDimension x="149" y="50" />
					</Size>
					<Anchors>
						<Anchor point="TOPLEFT">
							<Offset x="10" y="-7" />
						</Anchor>
					</Anchors>
				</FontString>
				<FontString name="TCoL_ScoreUs_Legend_Text2" inherits="GameFontNormalSmall" text="Legend" justifyV="TOP" justifyH="LEFT">
					<Size>
						<AbsDimension x="125" y="50" />
					</Size>
					<Anchors>
						<Anchor point="TOPLEFT">
							<Offset x="150" y="-7" />
						</Anchor>
					</Anchors>
				</FontString>
				<FontString name="TCoL_ScoreUs_Legend_Text3" inherits="GameFontNormalSmall" text="Legend" justifyV="TOP" justifyH="LEFT">
					<Size>
						<AbsDimension x="249" y="60" />
					</Size>
					<Anchors>
						<Anchor point="TOPLEFT">
							<Offset x="296" y="-7" />
						</Anchor>
					</Anchors>
				</FontString>
				<FontString name="TCoL_ScoreUs_Legend_Text4" inherits="GameFontNormalSmall" text="Legend" justifyV="TOP" justifyH="LEFT">
					<Size>
						<AbsDimension x="340" y="20" />
					</Size>
					<Anchors>
						<Anchor point="TOPLEFT">
							<Offset x="10" y="-58" />
						</Anchor>
					</Anchors>
				</FontString>				
			</Layer>
		</Layers>
	</Frame>
	
	<!-- Tooltip for checking Gem sockets -->
	<GameTooltip name="TCoL_ScoreUs_Tooltip" inherits="GameTooltipTemplate">
		<Scripts>
			<Onload>
				TCoL_ScoreUs_Tooltip:SetOwner(UIParent, "ANCHOR_NONE");
			</Onload>
		</Scripts>
	</GameTooltip>		
</Ui>