﻿<Ui xmlns="http://www.blizzard.com/wow/ui/" xmlns:xsi="http://www.w3.org/2001/XMLSchema-instance" xsi:schemaLocation="http://www.blizzard.com/wow/ui/
..\FrameXML\UI.xsd">
	<Script file="TitanMount.lua"/>
	<Frame parent="UIParent">
		<Frames>
			<Button name="TitanPanelMountButton" inherits="TitanPanelComboTemplate" frameStrata="FULLSCREEN" toplevel="true">
			    <Scripts>
                    <OnLoad>
					    TitanPanelMountButton_OnLoad(self);
                        TitanPanelButton_OnLoad(self);
                    </OnLoad>
                    <OnDoubleClick>
                        TitanPanelMountButton_OnDoubleClick(button);
                    </OnDoubleClick>
                    <OnEvent>
                        TitanPanelMountButton_OnEvent(event, arg1);
                    </OnEvent>
                    <OnUpdate>
                        TitanPanelMountButton_OnUpdate(self);
                    </OnUpdate>
                </Scripts>
			</Button>
		</Frames>
	</Frame>	
</Ui>
