<Ui xmlns="http://www.blizzard.com/wow/ui" xmlns:xsi="http://www.w3.org/2001/XMLSchema-instance">
  <!--Autogenerated by wowuides, Version=1.0.300.0, Culture=neutral, PublicKeyToken=null-->
  <Frame name="GrimUIcoreArtB1" parent="UIParent" frameStrata="BACKGROUND" frameLevel="1">
    <!--<FrameSkin skinid="f15d4970-d66d-444e-bb2d-1ad102c87fed" frameid="f15d4971-d66d-444e-bb2d-1ad102c87fed" />-->
    <Size>
      <AbsDimension x="468" y="238" />
    </Size>
    <Anchors>
      <Anchor point="BOTTOMLEFT" relativeTo="UIParent">
        <Offset>
          <AbsDimension x="0" y="0" />
        </Offset>
      </Anchor>
    </Anchors>
    <Backdrop bgFile="interface\AddOns\GrimUIcore\Art\Bottom1">
      <BackgroundInsets>
        <AbsInset left="0" right="0" top="0" bottom="0" />
      </BackgroundInsets>
      <TileSize>
        <AbsValue val="0" />
      </TileSize>
      <EdgeSize>
        <AbsValue val="0" />
      </EdgeSize>
    </Backdrop>
  </Frame>
<Frame name="GrimUIcoreArtB4" parent="UIParent" frameStrata="BACKGROUND" frameLevel="2">
    <!--<FrameSkin skinid="f15d4970-d66d-444e-bb2d-1ad102c87fed" frameid="f15d4971-d66d-444e-bb2d-1ad102c87fed" />-->
    <Size>
      <AbsDimension x="474" y="238" />
    </Size>
    <Anchors>
      <Anchor point="BOTTOMRIGHT" relativeTo="UIParent">
        <Offset>
          <AbsDimension x="0" y="0" />
        </Offset>
      </Anchor>
    </Anchors>
    <Backdrop bgFile="interface\AddOns\GrimUIcore\Art\Bottom4">
      <BackgroundInsets>
        <AbsInset left="0" right="0" top="0" bottom="0" />
      </BackgroundInsets>
      <TileSize>
        <AbsValue val="0" />
      </TileSize>
      <EdgeSize>
        <AbsValue val="0" />
      </EdgeSize>
    </Backdrop>
  </Frame>
<Frame name="GrimUIcoreArtB2" parent="UIParent" frameStrata="BACKGROUND" frameLevel="1">
    <!--<FrameSkin skinid="f15d4970-d66d-444e-bb2d-1ad102c87fed" frameid="f15d4971-d66d-444e-bb2d-1ad102c87fed" />-->
    <Size>
      <AbsDimension x="578" y="238" />
    </Size>
    <Anchors>
      <Anchor point="BOTTOM" relativeTo="UIParent">
        <Offset>
          <AbsDimension x="-210" y="0" />
        </Offset>
      </Anchor>
    </Anchors>
    <Backdrop bgFile="interface\AddOns\GrimUIcore\Art\Bottom2">
      <BackgroundInsets>
        <AbsInset left="0" right="0" top="0" bottom="0" />
      </BackgroundInsets>
      <TileSize>
        <AbsValue val="0" />
      </TileSize>
      <EdgeSize>
        <AbsValue val="0" />
      </EdgeSize>
    </Backdrop>
  </Frame>
<Frame name="GrimUIcoreArtB3" parent="UIParent" frameStrata="BACKGROUND" frameLevel="1">
    <!--<FrameSkin skinid="f15d4970-d66d-444e-bb2d-1ad102c87fed" frameid="f15d4971-d66d-444e-bb2d-1ad102c87fed" />-->
    <Size>
      <AbsDimension x="440" y="238" />
    </Size>
    <Anchors>
      <Anchor point="BOTTOM" relativeTo="UIParent">
        <Offset>
          <AbsDimension x="295" y="0" />
        </Offset>
      </Anchor>
    </Anchors>
    <Backdrop bgFile="interface\AddOns\GrimUIcore\Art\Bottom3">
      <BackgroundInsets>
        <AbsInset left="0" right="0" top="0" bottom="0" />
      </BackgroundInsets>
      <TileSize>
        <AbsValue val="0" />
      </TileSize>
      <EdgeSize>
        <AbsValue val="0" />
      </EdgeSize>
    </Backdrop>
  </Frame>
<Frame name="GrimUIcoreArtMM" parent="UIParent" frameStrata="LOW" frameLevel="1">
    <!--<FrameSkin skinid="f15d4970-d66d-444e-bb2d-1ad102c87fed" frameid="f15d4971-d66d-444e-bb2d-1ad102c87fed" />-->
    <Size>
      <AbsDimension x="253" y="253" />
    </Size>
    <Anchors>
      <Anchor point="BOTTOM" relativeTo="UIParent">
        <Offset>
          <AbsDimension x="-40" y="-81" />
        </Offset>
      </Anchor>
    </Anchors>
    <Backdrop bgFile="interface\AddOns\GrimUIcore\Art\MinimapBorder">
      <BackgroundInsets>
        <AbsInset left="0" right="0" top="0" bottom="0" />
      </BackgroundInsets>
      <TileSize>
        <AbsValue val="0" />
      </TileSize>
      <EdgeSize>
        <AbsValue val="0" />
      </EdgeSize>
    </Backdrop>
  </Frame>
<Frame name="GrimUIcoreArtTarget" parent="DUF_TargetFrame" frameStrata="BACKGROUND" frameLevel="4">
    <!--<FrameSkin skinid="f15d4970-d66d-444e-bb2d-1ad102c87fed" frameid="f15d4971-d66d-444e-bb2d-1ad102c87fed" />-->
    <Size>
      <AbsDimension x="207" y="210" />
    </Size>
    <Anchors>
      <Anchor point="BOTTOM" relativeTo="UIParent">
        <Offset>
          <AbsDimension x="0" y="118" />
        </Offset>
      </Anchor>
    </Anchors>
    <Backdrop bgFile="interface\AddOns\GrimUIcore\Art\FloatingCave">
      <BackgroundInsets>
        <AbsInset left="0" right="0" top="0" bottom="0" />
      </BackgroundInsets>
      <TileSize>
        <AbsValue val="0" />
      </TileSize>
      <EdgeSize>
        <AbsValue val="0" />
      </EdgeSize>
    </Backdrop>
        <Frames>
      <Button name="$InspectButton" frameStrata="HIGH" hidden="true">
        <!--<FrameSkin skinid="dcb143e1-a4ab-4e7c-b934-1efa40101d21" frameid="2d508884-59c2-4f83-ae10-27aaad48391b" />-->
        <Size>
          <AbsDimension x="14" y="14" />
        </Size>
        <Anchors>
          <Anchor point="CENTER">
            <Offset>
              <AbsDimension x="-51" y="-16" />
            </Offset>
          </Anchor>
        </Anchors>
        <Scripts>
          <OnLoad>self:RegisterEvent("PLAYER_TARGET_CHANGED")
self:Hide()</OnLoad>
          <OnEvent>if UnitIsPlayer("target") == nil then
  self:Hide()
else
  self:Show()
end</OnEvent>
          <OnClick>InspectUnit("target")</OnClick>
		  <OnEnter>GameTooltip:SetOwner(this, "ANCHOR_LEFT")
GameTooltip:AddLine("Inspect")
GameTooltip:Show()
</OnEnter>
<OnLeave>GameTooltip:Hide()</OnLeave>
        </Scripts>
        <NormalTexture file="Interface\AddOns\GrimUIcore\Icons\InspectIcon">
          <TexCoords left="0" right="1" top="0" bottom="1" />
        </NormalTexture>
        <PushedTexture file="Interface\AddOns\GrimUIcore\Icons\InspectIcon">
          <TexCoords left="0" right="1" top="0" bottom="1" />
        </PushedTexture>
        <DisabledTexture file="Interface\AddOns\GrimUIcore\Icons\InspectIcon">
          <TexCoords left="0" right="1" top="0" bottom="1" />
        </DisabledTexture>
        <HighlightTexture file="Interface\AddOns\GrimUIcore\Icons\InspectIcon" alphaMode="ADD">
          <TexCoords left="0" right="1" top="0" bottom="1" />
        </HighlightTexture>
        <ButtonText name="$parentText">
          <FontHeight>
            <AbsValue val="10" />
          </FontHeight>
        </ButtonText>
        <NormalFont style="GameFontNormal" />
        <HighlightFont style="GameFontHighlight" />
        <DisabledFont style="GameFontDisable" />
      </Button>
    <Button name="$TradeButton" frameStrata="HIGH" hidden="true">
        <!--<FrameSkin skinid="dcb143e1-a4ab-4e7c-b934-1efa40101d21" frameid="2d508884-59c2-4f83-ae10-27aaad48391b" />-->
        <Size>
          <AbsDimension x="15" y="15" />
        </Size>
        <Anchors>
          <Anchor point="CENTER">
            <Offset>
              <AbsDimension x="51" y="-46" />
            </Offset>
          </Anchor>
        </Anchors>
        <Scripts>
          <OnLoad>self:RegisterEvent("PLAYER_TARGET_CHANGED")
self:Hide()</OnLoad>
          <OnEvent>if UnitIsFriend("player","target") and UnitIsPlayer("target") then
self:Show()
else
self:Hide()
end</OnEvent>
          <OnClick>InitiateTrade("target")</OnClick>
		  <OnEnter>GameTooltip:SetOwner(this, "ANCHOR_RIGHT")
GameTooltip:AddLine("Trade")
GameTooltip:Show()
</OnEnter>
<OnLeave>GameTooltip:Hide()</OnLeave>
        </Scripts>
        <NormalTexture file="Interface\AddOns\GrimUIcore\Icons\TradeIcon">
          <TexCoords left="0" right="1" top="0" bottom="1" />
        </NormalTexture>
        <PushedTexture file="Interface\AddOns\GrimUIcore\Icons\TradeIcon">
          <TexCoords left="0" right="1" top="0" bottom="1" />
        </PushedTexture>
        <DisabledTexture file="Interface\AddOns\GrimUIcore\Icons\TradeIcon">
          <TexCoords left="0" right="1" top="0" bottom="1" />
        </DisabledTexture>
        <HighlightTexture file="Interface\AddOns\GrimUIcore\Icons\TradeIcon" alphaMode="ADD">
          <TexCoords left="0" right="1" top="0" bottom="1" />
        </HighlightTexture>
        <ButtonText name="$parentText">
          <FontHeight>
            <AbsValue val="10" />
          </FontHeight>
        </ButtonText>
        <NormalFont style="GameFontNormal" />
        <HighlightFont style="GameFontHighlight" />
        <DisabledFont style="GameFontDisable" />
      </Button>
    <Button name="$FollowButton" frameStrata="HIGH" hidden="true">
        <!--<FrameSkin skinid="dcb143e1-a4ab-4e7c-b934-1efa40101d21" frameid="2d508884-59c2-4f83-ae10-27aaad48391b" />-->
        <Size>
          <AbsDimension x="15" y="15" />
        </Size>
        <Anchors>
          <Anchor point="CENTER">
            <Offset>
              <AbsDimension x="-52" y="-47" />
            </Offset>
          </Anchor>
        </Anchors>
        <Scripts>
          <OnLoad>self:RegisterEvent("PLAYER_TARGET_CHANGED")
self:Hide()</OnLoad>
          <OnEvent>if UnitIsFriend("player","target") and UnitIsPlayer("target") then
self:Show()
else
self:Hide()
end</OnEvent>
          <OnClick>FollowUnit("target")</OnClick>
		  <OnEnter>GameTooltip:SetOwner(this, "ANCHOR_LEFT")
GameTooltip:AddLine("Follow")
GameTooltip:Show()
</OnEnter>
<OnLeave>GameTooltip:Hide()</OnLeave>
        </Scripts>
        <NormalTexture file="Interface\AddOns\GrimUIcore\Icons\FollowIcon">
          <TexCoords left="0" right="1" top="0" bottom="1" />
        </NormalTexture>
        <PushedTexture file="Interface\AddOns\GrimUIcore\Icons\FollowIcon">
          <TexCoords left="0" right="1" top="0" bottom="1" />
        </PushedTexture>
        <DisabledTexture file="Interface\AddOns\GrimUIcore\Icons\FollowIcon">
          <TexCoords left="0" right="1" top="0" bottom="1" />
        </DisabledTexture>
        <HighlightTexture file="Interface\AddOns\GrimUIcore\Icons\FollowIcon" alphaMode="ADD">
          <TexCoords left="0" right="1" top="0" bottom="1" />
        </HighlightTexture>
        <ButtonText name="$parentText">
          <FontHeight>
            <AbsValue val="10" />
          </FontHeight>
        </ButtonText>
        <NormalFont style="GameFontNormal" />
        <HighlightFont style="GameFontHighlight" />
        <DisabledFont style="GameFontDisable" />
      </Button>
      <Button name="$WhisperButton" frameStrata="HIGH" hidden="true">
        <!--<FrameSkin skinid="dcb143e1-a4ab-4e7c-b934-1efa40101d21" frameid="2d508884-59c2-4f83-ae10-27aaad48391b" />-->
        <Size>
          <AbsDimension x="15" y="15" />
        </Size>
        <Anchors>
          <Anchor point="CENTER">
            <Offset>
              <AbsDimension x="-52" y="-31" />
            </Offset>
          </Anchor>
        </Anchors>
        <Scripts>
          <OnLoad>self:RegisterEvent("PLAYER_TARGET_CHANGED")
self:Hide()</OnLoad>
          <OnEvent>if UnitIsFriend("player","target") and UnitIsPlayer("target") then
self:Show()
else
self:Hide()
end</OnEvent>
          <OnClick>local name, realm = UnitName("target");
if(realm) then
   ChatFrame_SendTell(name.."-"..realm);
else
   ChatFrame_SendTell(name)
 end</OnClick>
 <OnEnter>GameTooltip:SetOwner(this, "ANCHOR_LEFT")
GameTooltip:AddLine("Whisper")
GameTooltip:Show()
</OnEnter>
<OnLeave>GameTooltip:Hide()</OnLeave>
        </Scripts>
        <NormalTexture file="Interface\AddOns\GrimUIcore\Icons\WhisperIcon">
          <TexCoords left="0" right="1" top="0" bottom="1" />
        </NormalTexture>
        <PushedTexture file="Interface\AddOns\GrimUIcore\Icons\WhisperIcon">
          <TexCoords left="0" right="1" top="0" bottom="1" />
        </PushedTexture>
        <DisabledTexture file="Interface\AddOns\GrimUIcore\Icons\WhisperIcon">
          <TexCoords left="0" right="1" top="0" bottom="1" />
        </DisabledTexture>
        <HighlightTexture file="Interface\AddOns\GrimUIcore\Icons\WhisperIcon" alphaMode="ADD">
          <TexCoords left="0" right="1" top="0" bottom="1" />
        </HighlightTexture>
        <ButtonText name="$parentText">
          <FontHeight>
            <AbsValue val="10" />
          </FontHeight>
        </ButtonText>
        <NormalFont style="GameFontNormal" />
        <HighlightFont style="GameFontHighlight" />
        <DisabledFont style="GameFontDisable" />
      </Button>
            <Button name="$InviteButton" frameStrata="HIGH" hidden="true">
        <!--<FrameSkin skinid="dcb143e1-a4ab-4e7c-b934-1efa40101d21" frameid="2d508884-59c2-4f83-ae10-27aaad48391b" />-->
        <Size>
          <AbsDimension x="15" y="15" />
        </Size>
        <Anchors>
          <Anchor point="CENTER">
            <Offset>
              <AbsDimension x="51" y="-27" />
            </Offset>
          </Anchor>
        </Anchors>
        <Scripts>
		<OnLoad>self:RegisterEvent("PLAYER_TARGET_CHANGED") self:RegisterEvent("PARTY_MEMBERS_CHANGED")
self:Hide()</OnLoad>
          <OnEvent>if UnitIsFriend("player","target") and UnitIsPlayer("target") and not UnitInParty("target") then
self:Show()
else
self:Hide()
end</OnEvent>
<OnEnter>GameTooltip:SetOwner(this, "ANCHOR_RIGHT")
GameTooltip:AddLine("Invite")
GameTooltip:Show()
</OnEnter>
<OnLeave>GameTooltip:Hide()</OnLeave>
        <OnClick>local name = UnitName("target");
        InviteUnit(name)</OnClick>
        </Scripts>
        <NormalTexture file="Interface\AddOns\GrimUIcore\Icons\InviteIcon">
          <TexCoords left="0" right="1" top="0" bottom="1" />
        </NormalTexture>
        <PushedTexture file="Interface\AddOns\GrimUIcore\Icons\InviteIcon">
          <TexCoords left="0" right="1" top="0" bottom="1" />
        </PushedTexture>
        <DisabledTexture file="Interface\AddOns\GrimUIcore\Icons\InviteIcon">
          <TexCoords left="0" right="1" top="0" bottom="1" />
        </DisabledTexture>
        <HighlightTexture file="Interface\AddOns\GrimUIcore\Icons\InviteIcon" alphaMode="ADD">
          <TexCoords left="0" right="1" top="0" bottom="1" />
        </HighlightTexture>
        <ButtonText name="$parentText">
          <FontHeight>
            <AbsValue val="10" />
          </FontHeight>
        </ButtonText>
        <NormalFont style="GameFontNormal" />
        <HighlightFont style="GameFontHighlight" />
        <DisabledFont style="GameFontDisable" />
      </Button>
        <Button name="$GTipNotesButton" frameStrata="HIGH" hidden="true">
        <!--<FrameSkin skinid="dcb143e1-a4ab-4e7c-b934-1efa40101d21" frameid="2d508884-59c2-4f83-ae10-27aaad48391b" />-->
        <Size>
          <AbsDimension x="13" y="13" />
        </Size>
        <Anchors>
          <Anchor point="CENTER">
            <Offset>
              <AbsDimension x="-50" y="1" />
            </Offset>
          </Anchor>
        </Anchors>
        <Scripts>
          <OnLoad>self:RegisterEvent("PLAYER_TARGET_CHANGED")
self:Show()</OnLoad>
        <OnClick>local _G = _G
local function RunSlashCmd(cmd)
  local slash, rest = cmd:match("^(%S+)%s*(.-)$")
  for name in pairs(SlashCmdList) do
     local i = 1
     local slashCmd
     repeat
        slashCmd = _G["SLASH_"..name..i]
        
        if slashCmd == slash then
           -- Call the handler
           SlashCmdList[name](rest)
           return true
        end
        i = i + 1
     until not slashCmd
  end
end 
RunSlashCmd("/gtipnotes")</OnClick>
<OnEnter>GameTooltip:SetOwner(this, "ANCHOR_LEFT")
GameTooltip:AddLine("Add Note")
GameTooltip:Show()
</OnEnter>
<OnLeave>GameTooltip:Hide()</OnLeave>
        </Scripts>
        <NormalTexture file="Interface\AddOns\GrimUIcore\Icons\GTipNotesIcon">
          <TexCoords left="0" right="1" top="0" bottom="1" />
        </NormalTexture>
        <PushedTexture file="Interface\AddOns\GrimUIcore\Icons\GTipNotesIcon">
          <TexCoords left="0" right="1" top="0" bottom="1" />
        </PushedTexture>
        <DisabledTexture file="Interface\AddOns\GrimUIcore\Icons\GTipNotesIcon">
          <TexCoords left="0" right="1" top="0" bottom="1" />
        </DisabledTexture>
        <HighlightTexture file="Interface\AddOns\GrimUIcore\Icons\GTipNotesIcon" alphaMode="ADD">
          <TexCoords left="0" right="1" top="0" bottom="1" />
        </HighlightTexture>
        <ButtonText name="$parentText">
          <FontHeight>
            <AbsValue val="10" />
          </FontHeight>
        </ButtonText>
        <NormalFont style="GameFontNormal" />
        <HighlightFont style="GameFontHighlight" />
        <DisabledFont style="GameFontDisable" />
      </Button>
    </Frames>
  </Frame>
<Frame name="GrimUIcoreArtAggroL" alpha="0.50" frameStrata="LOW" frameLevel="2">
    <!--<FrameSkin skinid="f15d4970-d66d-444e-bb2d-1ad102c87fed" frameid="f15d4971-d66d-444e-bb2d-1ad102c87fed" />-->
    <Size>
      <AbsDimension x="63" y="65" />
    </Size>
    <Anchors>
      <Anchor point="BOTTOM" relativeTo="UIParent">
        <Offset>
          <AbsDimension x="-347" y="14" />
        </Offset>
      </Anchor>
    </Anchors>
    <Backdrop bgFile="interface\AddOns\GrimUIcore\Art\Aggro">
      <BackgroundInsets>
        <AbsInset left="0" right="0" top="0" bottom="0" />
      </BackgroundInsets>
      <TileSize>
        <AbsValue val="0" />
      </TileSize>
      <EdgeSize>
        <AbsValue val="0" />
      </EdgeSize>
    </Backdrop>
    <Scripts>
      <OnLoad>self:RegisterEvent("PLAYER_REGEN_DISABLED")
self:RegisterEvent("PLAYER_REGEN_ENABLED")
self:Hide()</OnLoad>
      <OnEvent>if event == "PLAYER_REGEN_ENABLED" then
self:Hide()
elseif event == "PLAYER_REGEN_DISABLED" then
self:Show()
end</OnEvent>
    </Scripts>
  </Frame>
  <Frame name="GrimUIcoreArtAggroR" alpha="0.50" frameStrata="LOW" frameLevel="2">
    <!--<FrameSkin skinid="f15d4970-d66d-444e-bb2d-1ad102c87fed" frameid="f15d4971-d66d-444e-bb2d-1ad102c87fed" />-->
    <Size>
      <AbsDimension x="66" y="65" />
    </Size>
    <Anchors>
      <Anchor point="BOTTOM" relativeTo="UIParent">
        <Offset>
          <AbsDimension x="344" y="14" />
        </Offset>
      </Anchor>
    </Anchors>
    <Backdrop bgFile="interface\AddOns\GrimUIcore\Art\Aggro">
      <BackgroundInsets>
        <AbsInset left="0" right="0" top="0" bottom="0" />
      </BackgroundInsets>
      <TileSize>
        <AbsValue val="0" />
      </TileSize>
      <EdgeSize>
        <AbsValue val="0" />
      </EdgeSize>
    </Backdrop>
    <Scripts>
      <OnLoad>self:RegisterEvent("PLAYER_REGEN_DISABLED")
self:RegisterEvent("PLAYER_REGEN_ENABLED")
self:Hide()</OnLoad>
      <OnEvent>if event == "PLAYER_REGEN_ENABLED" then
self:Hide()
elseif event == "PLAYER_REGEN_DISABLED" then
self:Show()
end</OnEvent>
    </Scripts>
  </Frame>
</Ui>
