<Ui xmlns="http://www.blizzard.com/wow/ui" xmlns:xsi="http://www.w3.org/2001/XMLSchema-instance">
    <Frame name="GrimUICoreFrame" parent="UIParent" enableMouse="true">
        <Size>
      <AbsDimension x="32" y="32" />
    </Size>
    <Anchors>
      <Anchor point="RIGHT" relativeTo="UIParent">
        <Offset>
          <AbsDimension x="-30" y="-390" />
        </Offset>
      </Anchor>
    </Anchors>
    <Backdrop bgFile="none" edgeFile="none" tile="true">
      <BackgroundInsets>
        <AbsInset left="11" right="12" top="12" bottom="11" />
      </BackgroundInsets>
      <TileSize>
        <AbsValue val="32" />
      </TileSize>
      <EdgeSize>
        <AbsValue val="32" />
      </EdgeSize>
    </Backdrop>
    <Layers>
      <Layer>
        <Texture name="$parentTitleBorder" hidden="true">
          <Size>
            <AbsDimension x="160" y="32" />
          </Size>
          <Anchors>
            <Anchor point="TOP">
              <Offset>
                <AbsDimension x="0" y="5" />
              </Offset>
            </Anchor>
          </Anchors>
          <TexCoords left="0.2" right="0.8" top="0" bottom="0.6" />
        </Texture>
        <FontString name="$parentTitleString" hidden="true" font="Fonts\FRIZQT__.TTF">
          <Size>
            <AbsDimension x="140" y="0" />
          </Size>
          <Anchors>
            <Anchor point="TOP">
              <Offset>
                <AbsDimension x="0" y="-4" />
              </Offset>
            </Anchor>
          </Anchors>
          <FontHeight>
            <AbsValue val="12" />
          </FontHeight>
          <Color r="1" g="0.8196079" b="0" />
          <Shadow>
            <Color r="0" g="0" b="0" />
            <Offset>
              <AbsDimension x="1" y="-1" />
            </Offset>
          </Shadow>
        </FontString>
      </Layer>
    </Layers>
    <Frames>
      <Button name="$GrimUIButton1">
                <Size>
          <AbsDimension x="30" y="30" />
        </Size>
        <Anchors>
          <Anchor point="TOPLEFT">
            <Offset>
              <AbsDimension x="16" y="-3" />
            </Offset>
          </Anchor>
        </Anchors>
        <Scripts>
          <OnClick>
          for i = 1, 5 do
        local bag_btn = _G["MacaroonBagButton"..i]
        if bag_btn:IsVisible() then
                bag_btn:Hide()
        else
                bag_btn:Show()
        end
end

for i = 1, 11 do
        local menu_btn = _G["MacaroonMenuButton"..i]
        if menu_btn:IsVisible() then
                menu_btn:Hide()
        else
                menu_btn:Show()
        end
end
</OnClick>
        </Scripts>
        <NormalTexture file="Interface\AddOns\GrimUIcore\Icons\GrimUIicon">
          <TexCoords left="0" right="1" top="0" bottom="1" />
        </NormalTexture>
        <PushedTexture file="Interface\AddOns\GrimUIcore\Icons\GrimUIicon">
          <TexCoords left="0" right="1" top="0" bottom="1" />
        </PushedTexture>
        <DisabledTexture file="Interface\AddOns\GrimUIcore\Icons\GrimUIicon">
          <TexCoords left="0" right="1" top="0" bottom="1" />
        </DisabledTexture>
        <HighlightTexture file="Interface\AddOns\GrimUIcore\Icons\GrimUIicon" alphaMode="ADD">
          <TexCoords left="0" right="1" top="0" bottom="1" />
        </HighlightTexture>
        <ButtonText name="$parentText">
          <FontHeight>
            <AbsValue val="10" />
          </FontHeight>
        </ButtonText>
        <NormalFont style="GameFontNormal" />
        <HighlightFont style="GameFontHighlight" />
        <DisabledFont style="GameFontDisable" />
      </Button>
    </Frames>
  </Frame>
  <!-- Start Latency Frame -->
  <Script file="GrimUIcore.lua"/>
    <Frame name="LatencyDisplayFrame" frameStrata="BACKGROUND" frameLevel="2" toplevel="true" enableMouse="false" movable="false" parent="UIParent">
        <Size>
            <AbsDimension x="100" y="25"/>
        </Size>
        <Anchors>
            <Anchor point="BOTTOMRIGHT">
                <Offset>
                    <AbsDimension x="-74" y = "202"/>
                </Offset>
            </Anchor>
        </Anchors>
        <TitleRegion setAllPoints="true"/>
		<Backdrop name="$parentBackdrop" bgFile="none">
			<EdgeSize>
				<AbsValue val="16"/>
			</EdgeSize>
			<TileSize>
				<AbsValue val="16"/>
			</TileSize>
			<BackgroundInsets>
				<AbsInset left="3" right="5" top="3" bottom="5"/>
			</BackgroundInsets>
		</Backdrop>
        <Frames>
            <Button name="LatencyButton">
                <Size>
                    <AbsDimension x="47" y="19"/>
                </Size>
                <Anchors>
                    <Anchor point="CENTER">
                        <Offset>
                            <AbsDimension x="0" y="0"/>
                        </Offset>
                    </Anchor>
                </Anchors>
                <Layers>
                    <Layer level="BACKGROUND" frameLevel="2">
                        <FontString name="LatencyDisplay_Text" inherits="GameFontNormal" wraponspaces="true">
                            <Anchors>
                                <Anchor point="CENTER">
                                    <Offset>
                                        <AbsDimension x="0" y="0"/>
                                    </Offset>
                                </Anchor>
                            </Anchors>
                        </FontString>
                    </Layer>
                </Layers>
            </Button>
        </Frames>
        <Scripts>
            <OnLoad>
               LatencyDisplay_OnLoad();
            </OnLoad>
            <OnEvent>
            </OnEvent>
            <OnUpdate>
                LatencyDisplay_OnUpdate();
            </OnUpdate>
        </Scripts>
    </Frame>
    <!-- End Latency Frame -->
<!-- Start FPS Frame -->
    <Script file="GrimUIcore.lua"/>
    <Frame name="FPSDisplayFrame" frameStrata="BACKGROUND" frameLevel="2" toplevel="true" enableMouse="false" movable="false" parent="UIParent">
        <Size>
            <AbsDimension x="100" y="25"/>
        </Size>
        <Anchors>
            <Anchor point="BOTTOMRIGHT">
                <Offset>
                    <AbsDimension x="-117" y = "202"/>
                </Offset>
            </Anchor>
        </Anchors>
        <TitleRegion setAllPoints="true"/>
		<Backdrop name="$parentBackdrop" bgFile="none">
			<EdgeSize>
				<AbsValue val="16"/>
			</EdgeSize>
			<TileSize>
				<AbsValue val="16"/>
			</TileSize>
			<BackgroundInsets>
				<AbsInset left="3" right="5" top="3" bottom="5"/>
			</BackgroundInsets>
		</Backdrop>
        <Frames>
            <Button name="FPSButton">
                <Size>
                    <AbsDimension x="47" y="19"/>
                </Size>
                <Anchors>
                    <Anchor point="CENTER">
                        <Offset>
                            <AbsDimension x="0" y="0"/>
                        </Offset>
                    </Anchor>
                </Anchors>
                <Layers>
                    <Layer level="BACKGROUND" frameLevel="2">
                        <FontString name="FPSDisplay_Text" inherits="GameFontNormal" wraponspaces="true">
                            <Anchors>
                                <Anchor point="CENTER">
                                    <Offset>
                                        <AbsDimension x="0" y="0"/>
                                    </Offset>
                                </Anchor>
                            </Anchors>
                        </FontString>
                    </Layer>
                </Layers>
            </Button>
        </Frames>
        <Scripts>
            <OnLoad>
               FPSDisplay_OnLoad();
            </OnLoad>
            <OnEvent>
            </OnEvent>
            <OnUpdate>
                FPSDisplay_OnUpdate();
            </OnUpdate>
        </Scripts>
    </Frame>
    <!-- End FPS Frame -->
    <!-- Start Blizzard AddOn Option Panel-->
    

    <!-- End Blizzard AddOn Option Panel-->
</Ui>