<Ui xmlns="http://www.blizzard.com/wow/ui/">
	<Script file="01_13_Eversong.lua"/>
	<Script file="13_20_Ghostlands.lua"/>

	<Script file="01_12_TirisfalGlades.lua"/>
	<Script file="01_12_Mulgore.lua"/>
	<Script file="01_12_Durotar.lua"/>
	<Script file="12_20_Barrens.lua"/>

	<Script file="20_Barrens.lua"/>
	<Script file="20_21_Stonetalon_Mountains.lua"/>
	<Script file="22_23_Southern_Barrens.lua"/>
	<Script file="23_25_Stonetalon_Mountains.lua"/>
	<Script file="25_Southern_Barrens.lua"/>
	<Script file="25_26_Thousand_Needles.lua"/>
	<Script file="26_27_Ashenvale.lua"/>
	<Script file="27_StonetalonMountains.lua"/>
	<Script file="27_29_ThousandNeedles.lua"/>
	<Script file="29_30_HillsbradFoothills.lua"/>

	<Script file="30_ArathiHighlands.lua"/>
	<Script file="30_31_StranglethornVale.lua"/>
	<Script file="31_32_ThousandNeedles.lua"/>
	<Script file="32_34_Desolace.lua"/>
	<Script file="34_36_StranglethornVale.lua"/>
	<Script file="36_37_Arathi_Highlands.lua"/>
	<Script file="37_Alterac_Mountains.lua"/>
	<Script file="37_Thousand_Needles.lua"/>
	<Script file="37_38_Dustwallow_Marsh.lua"/>
	<Script file="39_40_Stranglethorn_Vale.lua"/>

	<Script file="40_41_Badlands.lua"/>
	<Script file="41_42_Swamp_of_Sorrows.lua"/>
	<Script file="42_43_Stranglethorn_Vale.lua"/>
	<Script file="43_44_Dustwallow_Marsh.lua"/>
	<Script file="44_45_Tanaris.lua"/>
	<Script file="45_46_Feralas.lua"/>
	<Script file="46_47_Azshara.lua"/>
	<Script file="47_StranglethornVale.lua"/>
	<Script file="47_48_Searing_Gorge.lua"/>
	<Script file="48_49_Swamp_of_Sorrows.lua"/>
	<Script file="49_50_Tanaris.lua"/>

	<Script file="50_Azshara.lua"/>
	<Script file="50_51_Hinterlands.lua"/>
	<Script file="51_53_UnGoro_Crater.lua"/>
	<Script file="53_54_Burning_Steppes.lua"/>
	<Script file="54_Felwood.lua"/>
	<Script file="54_55_Winterspring.lua"/>
	<Script file="56_Western_Plaguelands.lua"/>
	<Script file="56_57_Eastern_Plaguelands.lua"/>
	<Script file="57_59_Western_Plaguelands.lua"/>

	<Script file="60_61_Hellfire_Peninsula.lua"/>
	<Script file="61_63_Zangarmarsh.lua"/>
	<Script file="63_65_Terokkar_Forest.lua"/>
	<Script file="65_67_Nagrand.lua"/>
	<Script file="67_68_Blades_Edge_Mountains.lua"/>
	<Script file="68_69_Netherstorm.lua"/>
	<Script file="69_70_Shadowmoon_Valley.lua"/>

	<Script file="70_72_Borean_Tundra.lua"/>
	<Script file="70_72_Howling_Fjord.lua"/>
	<Script file="72_73_Dragonblight.lua"/>
	<Script file="73_75_Grizzly_Hills.lua"/>
	<Script file="75_77_ZulDrak.lua"/>
	<Script file="77_78_Sholazar_Basin.lua"/>
	<Script file="79_80_Icecrown.lua"/>
</Ui>
