<Ui xmlns="http://www.blizzard.com/wow/ui/" xmlns:xsi="http://www.w3.org/2001/XMLSchema-instance" xsi:schemaLocation="http://www.blizzard.com/wow/ui/
..\FrameXML\UI.xsd">
	<Script file="TitanXP.lua"/>
	<Frame parent="UIParent">
		<Frames>
			<Button name="TitanPanelXPButton" inherits="TitanPanelComboTemplate" frameStrata="FULLSCREEN" toplevel="true">
				<Scripts>
					<OnLoad>
						TitanPanelXPButton_OnLoad(self);
						TitanPanelButton_OnLoad(self);
					</OnLoad>
					<OnShow>
						TitanPanelXPButton_OnShow();
						TitanPanelButton_OnShow(self);
					</OnShow>
					<OnHide>
						TitanPanelXPButton_OnHide();
					</OnHide>
					<OnEvent>
						TitanPanelXPButton_OnEvent(self, event, ...);
					</OnEvent>
					<OnUpdate>
						TitanPanelXPButton_OnUpdate(self, elapsed);
					</OnUpdate>
				</Scripts>
			</Button>
		</Frames>
	</Frame>		
</Ui>