<Ui xmlns="http://www.blizzard.com/wow/ui/" xmlns:xsi="http://www.w3.org/2001/XMLSchema-instance" xsi:schemaLocation="http://www.blizzard.com/wow/ui/
..\FrameXML\UI.xsd">

<Script file="libs\AceLibrary\AceLibrary.lua"/>
<Script file="libs\CallbackHandler-1.0\CallbackHandler-1.0.lua"/>
<Script file="libs\AceOO-2.0\AceOO-2.0.lua"/>
<Script file="libs\AceDB-2.0\AceDB-2.0.lua"/>
<Script file="libs\AceEvent-2.0\AceEvent-2.0.lua"/>
<Script file="libs\AceConsole-2.0\AceConsole-2.0.lua"/>
<Script file="libs\AceAddon-2.0\AceAddon-2.0.lua"/>
<Script file="libs\Dewdrop-2.0\Dewdrop-2.0.lua"/>
<Script file="libs\FuBarPlugin-2.0\FuBarPlugin-2.0.lua"/>
<Include file="libs\LibDogTag-3.0\lib.xml"/>
<Include file="libs\LibDogTag-Unit-3.0\lib.xml"/>
<Script file="libs\LibRangeCheck-2.0\LibRangeCheck-2.0.lua"/>
<Include file="libs\LibSharedMedia-3.0\lib.xml"/>
<Script file="libs\Deformat-2.0\Deformat-2.0.lua"/>
<Script file="libs\Waterfall-1.0\Waterfall-1.0.lua"/>

</Ui>
