<Ui xmlns="http://www.blizzard.com/wow/ui/" xmlns:xsi="http://www.w3.org/2001/XMLSchema-instance" xsi:schemaLocation="http://www.blizzard.com/wow/ui/
..\FrameXML\UI.xsd">
	<Script file="TitanBag.lua"/>
	<Frame parent="UIParent">
		<Frames>
			<Button name="TitanPanelBagButton" inherits="TitanPanelComboTemplate" frameStrata="FULLSCREEN" toplevel="true">
				<Scripts>
					<OnLoad>
						TitanPanelBagButton_OnLoad(self);
						TitanPanelButton_OnLoad(self);
					</OnLoad>
					<OnEvent>
						TitanPanelBagButton_OnEvent(self, event, ...);
					</OnEvent>
					<OnClick>
						TitanPanelBagButton_OnClick(self, button);
						TitanPanelButton_OnClick(self, button);
					</OnClick>					
				</Scripts>
			</Button>
		</Frames>
	</Frame>		
</Ui>