<!-- Revision: 249 2010-03-09T09:07:56Z -->
<Ui xmlns="http://www.blizzard.com/wow/ui/" xmlns:xsi="http://www.w3.org/2001/XMLSchema-instance" xsi:schemaLocation="http://www.blizzard.com/wow/ui/
..\..\..\..\FrameXML\UI.xsd">
  <Script file="ArmoryGuildBank.lua"/>
  <Button name="ArmoryGuildBankLabelTemplate" virtual="true">
    <Size>
      <AbsDimension x="285" y="16"/>
    </Size>
    <Scripts>
      <OnClick>
        if ( IsModifiedClick("CHATLINK") and self.link ) then
          HandleModifiedItemClick(self.link);
        end
      </OnClick>
      <OnEnter>
        GameTooltip:SetOwner(self, "ANCHOR_TOPLEFT", 80, 5);
        ArmoryGuildBankFrameButton_OnEnter(self);
      </OnEnter>
      <OnLeave>
        GameTooltip:Hide();
      </OnLeave>
    </Scripts>
    <NormalTexture name="$parentNormalTexture">
      <Size>
        <AbsDimension x="16" y="16"/>
      </Size>
      <Anchors>
        <Anchor point="LEFT">
          <Offset>
            <AbsDimension x="3" y="0"/>
          </Offset>
        </Anchor>
      </Anchors>
    </NormalTexture>
    <DisabledTexture name="$parentDisabled" file="Interface\FriendsFrame\UI-FriendsFrame-HighlightBar">
      <Size>
        <AbsDimension x="295" y="12"/>
      </Size>
      <Anchors>
        <Anchor point="LEFT"/>
      </Anchors>
    </DisabledTexture>
    <ButtonText name="$parentText">
      <Size>
        <AbsDimension x="0" y="13"/>
      </Size>
      <Anchors>
        <Anchor point="LEFT" relativeTo="$parentNormalTexture" relativePoint="RIGHT">
          <Offset>
            <AbsDimension x="2" y="1"/>
          </Offset>
        </Anchor>
      </Anchors>
    </ButtonText>
    <NormalFont style="GameFontHighlightLeft" />
    <DisabledFont style="GameFontHighlightSmallOutline" />
  </Button>
  <Frame name="ArmoryGuildBankFrame" toplevel="true" movable="true" enableMouse="true" hidden="true" parent="UIParent">
    <Size>
      <AbsDimension x="384" y="512"/>
    </Size>
    <Anchors>
      <Anchor point="TOPLEFT">
        <Offset>
          <AbsDimension x="0" y="-104"/>
        </Offset>
      </Anchor>
    </Anchors>
    <HitRectInsets>
      <AbsInset left="0" right="34" top="0" bottom="75"/>
    </HitRectInsets>
    <Layers>
      <Layer level="BACKGROUND">
        <Texture name="ArmoryGuildBankFramePortrait">
          <Size>
            <AbsDimension x="60" y="60"/>
          </Size>
          <Anchors>
            <Anchor point="TOPLEFT">
              <Offset>
                <AbsDimension x="7" y="-6"/>
              </Offset>
            </Anchor>
          </Anchors>
        </Texture>
      </Layer>
      <Layer level="BORDER">
        <Texture name="ArmoryGuildBankEmblemBackgroundUL">
          <Size>
            <AbsDimension x="27" y="32"/>
          </Size>
          <Anchors>
            <Anchor point="TOPLEFT">
              <Offset x="11" y="-16"/>
            </Anchor>
          </Anchors>
          <TexCoords left="0.5" right="1" top="0" bottom="1"/>
        </Texture>
        <Texture name="ArmoryGuildBankEmblemBackgroundUR">
          <Size>
            <AbsDimension x="27" y="32"/>
          </Size>
          <Anchors>
            <Anchor point="LEFT" relativeTo="ArmoryGuildBankEmblemBackgroundUL" relativePoint="RIGHT">
              <Offset x="0" y="0"/>
            </Anchor>
          </Anchors>
          <TexCoords left="1" right="0.5" top="0" bottom="1"/>
        </Texture>
        <Texture name="ArmoryGuildBankEmblemBackgroundBL">
          <Size>
            <AbsDimension x="27" y="20"/>
          </Size>
          <Anchors>
            <Anchor point="TOP" relativeTo="ArmoryGuildBankEmblemBackgroundUL" relativePoint="BOTTOM">
              <Offset x="0" y="0"/>
            </Anchor>
          </Anchors>
          <TexCoords left="0.5" right="1" top="0" bottom="1"/>
        </Texture>
        <Texture name="ArmoryGuildBankEmblemBackgroundBR">
          <Size>
            <AbsDimension x="27" y="20"/>
          </Size>
          <Anchors>
            <Anchor point="LEFT" relativeTo="ArmoryGuildBankEmblemBackgroundBL" relativePoint="RIGHT">
              <Offset x="0" y="0"/>
            </Anchor>
          </Anchors>
          <TexCoords left="1" right="0.5" top="0" bottom="1"/>
        </Texture>
      </Layer>
      <Layer level ="ARTWORK">
        <Texture name="ArmoryGuildBankEmblemUL">
          <Size>
            <AbsDimension x="27" y="32"/>
          </Size>
          <Anchors>
            <Anchor point="TOPLEFT" relativeTo="ArmoryGuildBankEmblemBackgroundUL">
              <Offset x="0" y="0"/>
            </Anchor>
          </Anchors>
          <TexCoords left="0.5" right="1" top="0" bottom="1"/>
        </Texture>
        <Texture name="ArmoryGuildBankEmblemUR">
          <Size>
            <AbsDimension x="27" y="32"/>
          </Size>
          <Anchors>
            <Anchor point="RIGHT" relativeTo="ArmoryGuildBankEmblemBackgroundUR" relativePoint="RIGHT">
              <Offset x="0" y="0"/>
            </Anchor>
          </Anchors>
          <TexCoords left="1" right="0.5" top="0" bottom="1"/>
        </Texture>
        <Texture name="ArmoryGuildBankEmblemBL">
          <Size>
            <AbsDimension x="27" y="20"/>
          </Size>
          <Anchors>
            <Anchor point="TOP" relativeTo="ArmoryGuildBankEmblemUL" relativePoint="BOTTOM">
              <Offset x="0" y="0"/>
            </Anchor>
          </Anchors>
          <TexCoords left="0.5" right="1" top="0" bottom="1"/>
        </Texture>
        <Texture name="ArmoryGuildBankEmblemBR">
          <Size>
            <AbsDimension x="27" y="20"/>
          </Size>
          <Anchors>
            <Anchor point="LEFT" relativeTo="ArmoryGuildBankEmblemBL" relativePoint="RIGHT">
              <Offset x="0" y="0"/>
            </Anchor>
          </Anchors>
          <TexCoords left="1" right="0.5" top="0" bottom="1"/>
        </Texture>
      </Layer>
      <Layer level="OVERLAY">
        <Texture file="Interface\ClassTrainerFrame\UI-ClassTrainer-TopLeft">
          <Size>
            <AbsDimension x="256" y="256"/>
          </Size>
          <Anchors>
            <Anchor point="TOPLEFT"/>
          </Anchors>
        </Texture>
        <Texture file="Interface\ClassTrainerFrame\UI-ClassTrainer-TopRight">
          <Size>
            <AbsDimension x="128" y="256"/>
          </Size>
          <Anchors>
            <Anchor point="TOPRIGHT"/>
          </Anchors>
        </Texture>
        <Texture file="Interface\PaperDollInfoFrame\UI-Character-General-BottomLeft">
          <Size>
            <AbsDimension x="256" y="256"/>
          </Size>
          <Anchors>
            <Anchor point="BOTTOMLEFT"/>
          </Anchors>
        </Texture>
        <Texture file="Interface\PaperDollInfoFrame\UI-Character-General-BottomRight">
          <Size>
            <AbsDimension x="128" y="256"/>
          </Size>
          <Anchors>
            <Anchor point="BOTTOMRIGHT"/>
          </Anchors>
        </Texture>
        <FontString name="ArmoryGuildBankFrameTitleText" inherits="GameFontNormal" text="ARMORY_GUILDBANK_TITLE">
          <Anchors>
            <Anchor point="TOP" relativeTo="ArmoryGuildBankFrame" relativePoint="TOP">
              <Offset>
                <AbsDimension x="0" y="-19"/>
              </Offset>
            </Anchor>
          </Anchors>
        </FontString>
        <FontString name="ArmoryGuildBankFrameMessage" inherits="GameFontNormal" text="ARMORY_GUILDBANK_NO_DATA">
          <Anchors>
            <Anchor point="TOP" relativeTo="ArmoryGuildBankFrame" relativePoint="TOP">
              <Offset>
                <AbsDimension x="-16" y="-120"/>
              </Offset>
            </Anchor>
          </Anchors>
        </FontString>
      </Layer>
    </Layers>
    <Frames>
      <Button name="ArmoryGuildBankFrameDeleteButton">
        <Size>
          <AbsDimension x="60" y="60"/>
        </Size>
        <Anchors>
          <Anchor point="TOPLEFT">
            <Offset>
              <AbsDimension x="7" y="-6"/>
            </Offset>
          </Anchor>
        </Anchors>
        <Scripts>
          <OnLoad>
            self:SetFrameLevel(self:GetFrameLevel() + 1);
            self:RegisterForClicks("RightButtonUp");
          </OnLoad>
          <OnClick>
            if ( button == "RightButton" and self.canDelete ) then
              StaticPopup_Show("ARMORY_DELETE_GUILDBANK", ArmoryGuildBankFrame.selectedGuild);
            end
          </OnClick>
          <OnEnter>
            self.canDelete = (ArmoryGuildBankFrame.selectedRealm ~= AGB.realm or ArmoryGuildBankFrame.selectedGuild ~= AGB.guild);
            if ( self.canDelete ) then
              GameTooltip:SetOwner(self, "ANCHOR_BOTTOMRIGHT");
              GameTooltip:SetText(ARMORY_DELETE_UNIT_HINT, GREEN_FONT_COLOR.r, GREEN_FONT_COLOR.g, GREEN_FONT_COLOR.b);
            end
          </OnEnter>
          <OnLeave>
            GameTooltip:Hide();
          </OnLeave>
        </Scripts>
        </Button>
        <Frame name="ArmoryGuildBankFactionFrame">
        <Size>
          <AbsDimension x="28" y="28"/>
        </Size>
        <Anchors>
          <Anchor point="TOPLEFT">
            <Offset>
              <AbsDimension x="28" y="-74"/>
            </Offset>
          </Anchor>
        </Anchors>
        <Layers>
          <Layer level="ARTWORK">
            <Texture name="ArmoryGuildBankFrameFactionIcon">
              <Size>
                <AbsDimension x="28" y="28"/>
              </Size>
              <Anchors>
                <Anchor point="LEFT">
                  <Offset>
                    <AbsDimension x="0" y="0"/>
                  </Offset>
                </Anchor>
              </Anchors>
            </Texture>
          </Layer>
        </Layers>
      </Frame>
      <Frame name="ArmoryGuildBankMoneyBackgroundFrame">
        <Size>
          <AbsDimension x="128" y="20"/>
        </Size>
        <Anchors>
          <Anchor point="TOPLEFT" relativeTo="ArmoryGuildBankFrame">
            <Offset>
              <AbsDimension x="75" y="-45"/>
            </Offset>
          </Anchor>
        </Anchors>
        <Layers>
          <Layer level="BACKGROUND">
            <Texture name="ArmoryGuildBankMoneyFrameTopRight" file="Interface\Common\Common-Input-Border">
              <Size>
                <AbsDimension x="8" y="8"/>
              </Size>
              <Anchors>
                <Anchor point="TOPRIGHT"/>
              </Anchors>
              <TexCoords left="0.9375" right="1.0" top="0" bottom="0.25"/>
            </Texture>
            <Texture name="ArmoryGuildBankMoneyFrameBottomRight" file="Interface\Common\Common-Input-Border">
              <Size>
                <AbsDimension x="8" y="8"/>
              </Size>
              <Anchors>
                <Anchor point="BOTTOMRIGHT"/>
              </Anchors>
              <TexCoords left="0.9375" right="1.0" top="0.375" bottom="0.625"/>
            </Texture>
            <Texture name="ArmoryGuildBankMoneyFrameRight" file="Interface\Common\Common-Input-Border">
              <Size>
                <AbsDimension x="8" y="0"/>
              </Size>
              <Anchors>
                <Anchor point="TOP" relativeTo="ArmoryGuildBankMoneyFrameTopRight" relativePoint="BOTTOM"/>
                <Anchor point="BOTTOM" relativeTo="ArmoryGuildBankMoneyFrameBottomRight" relativePoint="TOP"/>
              </Anchors>
              <TexCoords left="0.9375" right="1.0" top="0.25" bottom="0.375"/>
            </Texture>
            <Texture name="ArmoryGuildBankMoneyFrameTopLeft" file="Interface\Common\Common-Input-Border">
              <Size>
                <AbsDimension x="8" y="8"/>
              </Size>
              <Anchors>
                <Anchor point="TOPLEFT"/>
              </Anchors>
              <TexCoords left="0" right="0.0625" top="0" bottom="0.25"/>
            </Texture>
            <Texture name="ArmoryGuildBankMoneyFrameBottomLeft" file="Interface\Common\Common-Input-Border">
              <Size>
                <AbsDimension x="8" y="8"/>
              </Size>
              <Anchors>
                <Anchor point="BOTTOMLEFT"/>
              </Anchors>
              <TexCoords left="0" right="0.0625" top="0.375" bottom="0.625"/>
            </Texture>
            <Texture name="ArmoryGuildBankMoneyFrameLeft" file="Interface\Common\Common-Input-Border">
              <Size>
                <AbsDimension x="8" y="0"/>
              </Size>
              <Anchors>
                <Anchor point="TOPLEFT" relativeTo="ArmoryGuildBankMoneyFrameTopLeft" relativePoint="BOTTOMLEFT"/>
                <Anchor point="BOTTOMLEFT" relativeTo="ArmoryGuildBankMoneyFrameBottomLeft" relativePoint="TOPLEFT"/>
              </Anchors>
              <TexCoords left="0" right="0.0625" top="0.25" bottom="0.375"/>
            </Texture>
            <Texture name="ArmoryGuildBankMoneyFrameTopMiddle" file="Interface\Common\Common-Input-Border">
              <Size>
                <AbsDimension x="100" y="8"/>
              </Size>
              <Anchors>
                <Anchor point="RIGHT" relativeTo="ArmoryGuildBankMoneyFrameTopRight" relativePoint="LEFT"/>
                <Anchor point="LEFT" relativeTo="ArmoryGuildBankMoneyFrameTopLeft" relativePoint="RIGHT"/>
              </Anchors>
              <TexCoords left="0.0625" right="0.9375" top="0" bottom="0.25"/>
            </Texture>
            <Texture name="ArmoryGuildBankMoneyFrameMiddleMiddle" file="Interface\Common\Common-Input-Border">
              <Size>
                <AbsDimension x="100" y="4"/>
              </Size>
              <Anchors>
                <Anchor point="TOPLEFT" relativeTo="ArmoryGuildBankMoneyFrameTopLeft" relativePoint="BOTTOMRIGHT"/>
                <Anchor point="BOTTOMRIGHT" relativeTo="ArmoryGuildBankMoneyFrameBottomRight" relativePoint="TOPLEFT"/>
              </Anchors>
              <TexCoords left="0.0625" right="0.9375" top="0.25" bottom="0.375"/>
            </Texture>
            <Texture name="ArmoryGuildBankMoneyFrameBottomMiddle" file="Interface\Common\Common-Input-Border">
              <Size>
                <AbsDimension x="100" y="8"/>
              </Size>
              <Anchors>
                <Anchor point="RIGHT" relativeTo="ArmoryGuildBankMoneyFrameBottomRight" relativePoint="LEFT"/>
                <Anchor point="LEFT" relativeTo="ArmoryGuildBankMoneyFrameBottomLeft" relativePoint="RIGHT"/>
              </Anchors>
              <TexCoords left="0.0625" right="0.9375" top="0.375" bottom="0.625"/>
            </Texture>
          </Layer>
        </Layers>
        <Frames>
          <Frame name="ArmoryGuildBankMoneyFrame" inherits="SmallMoneyFrameTemplate">
            <Anchors>
              <Anchor point="RIGHT">
                <Offset x="9" y="0"/>
              </Anchor>
            </Anchors>
            <Scripts>
              <OnLoad>
                SmallMoneyFrame_OnLoad(self);
                MoneyFrame_SetType(self, "AUCTION");
              </OnLoad>
            </Scripts>
          </Frame>
        </Frames>
      </Frame>
      <EditBox name="ArmoryGuildBankFrameEditBox" autoFocus="false">
        <Size>
          <AbsDimension x="128" y="20"/>
        </Size>
        <Anchors>
          <Anchor point="TOPRIGHT">
            <Offset x="-45" y="-45"/>
          </Anchor>
        </Anchors>
        <Layers>
          <Layer level="BACKGROUND">
            <Texture name="$parentLeft" file="Interface\Common\Common-Input-Border">
              <Size>
                <AbsDimension x="8" y="20"/>
              </Size>
              <Anchors>
                <Anchor point="TOPLEFT">
                  <Offset x="-5" y="0"/>
                </Anchor>
              </Anchors>
              <TexCoords left="0" right="0.0625" top="0" bottom="0.625"/>
            </Texture>
            <Texture name="$parentRight" file="Interface\Common\Common-Input-Border">
              <Size>
                <AbsDimension x="8" y="20"/>
              </Size>
              <Anchors>
                <Anchor point="RIGHT">
                  <Offset x="0" y="0"/>
                </Anchor>
              </Anchors>
              <TexCoords left="0.9375" right="1.0" top="0" bottom="0.625"/>
            </Texture>
            <Texture name="$parentMiddle" file="Interface\Common\Common-Input-Border">
              <Size>
                <AbsDimension x="0" y="20"/>
              </Size>
              <Anchors>
                <Anchor point="LEFT" relativeTo="$parentLeft" relativePoint="RIGHT"/>
                <Anchor point="RIGHT" relativeTo="$parentRight" relativePoint="LEFT"/>
              </Anchors>
              <TexCoords left="0.0625" right="0.9375" top="0" bottom="0.625"/>
            </Texture>
          </Layer>
        </Layers>
        <Scripts>
          <OnEnterPressed>
            self:ClearFocus();
          </OnEnterPressed>
          <OnEscapePressed>
            self:ClearFocus();
          </OnEscapePressed>
          <OnTextChanged>
            ArmoryGuildBankFrame_OnTextChanged(self);
          </OnTextChanged>
          <OnEditFocusLost>
            self:HighlightText(0, 0);
            if ( self:GetText() == "" ) then
              self:SetText(SEARCH);
            end
          </OnEditFocusLost>
          <OnEditFocusGained>
            self:HighlightText();
            if ( self:GetText() == SEARCH ) then
              self:SetText("");
            end
          </OnEditFocusGained>
          <OnEnter>
            self.oldnewbie = SHOW_NEWBIE_TIPS;
            SHOW_NEWBIE_TIPS = Armory:GetConfigShowNewbieTips() and "1";
            GameTooltip_SetDefaultAnchor(GameTooltip, self);
            GameTooltip_AddNewbieTip(self, SEARCH, 1.0, 1.0, 1.0, string.format(ARMORY_INVENTORY_SEARCH_TEXT_TOOLTIP,
              ITEM_QUALITY0_DESC, ITEM_QUALITY1_DESC, ITEM_QUALITY2_DESC, ITEM_QUALITY3_DESC, ITEM_QUALITY4_DESC, ITEM_QUALITY5_DESC, ITEM_QUALITY6_DESC, ITEM_QUALITY7_DESC), 1);
          </OnEnter>
          <OnLeave>
            SHOW_NEWBIE_TIPS = self.oldnewbie;
            self.oldnewbie = nil;
            GameTooltip:Hide();
          </OnLeave>
        </Scripts>
        <FontString inherits="ChatFontSmall"/>
      </EditBox>
      <Frame name="ArmoryGuildBankFilterDropDown" inherits="ArmoryFilterDropDownTemplate">
        <Anchors>
          <Anchor point="TOPRIGHT" relativeTo="ArmoryGuildBankFrameEditBox" relativePoint="BOTTOMRIGHT">
            <Offset>
              <AbsDimension x="16" y="0"/>
            </Offset>
          </Anchor>
        </Anchors>
        <Scripts>
          <OnLoad>
            ArmoryGuildBankFilterDropDown_OnLoad(self);
          </OnLoad>
          <OnShow>
            ArmoryGuildBankFilterDropDown_OnShow(self);
          </OnShow>
        </Scripts>
      </Frame>
      <Frame name="ArmoryGuildBankNameDropDown" inherits="ArmoryDropDownMenuTemplate" enableMouse="true">
        <Anchors>
          <Anchor point="RIGHT" relativeTo="ArmoryGuildBankFilterDropDown" relativePoint="LEFT">
            <Offset>
              <AbsDimension x="30" y="0"/>
            </Offset>
          </Anchor>
        </Anchors>
        <Scripts>
          <OnLoad>
            ArmoryGuildBankNameDropDown_OnLoad(self);
          </OnLoad>
          <OnShow>
            ArmoryGuildBankNameDropDown_Initialize();
          </OnShow>
        </Scripts>
      </Frame>
      <Button name="ArmoryGuildBankFrameCloseButton" inherits="UIPanelCloseButton">
        <Anchors>
          <Anchor point="TOPRIGHT" relativeTo="ArmoryGuildBankFrame" relativePoint="TOPRIGHT">
            <Offset>
              <AbsDimension x="-29" y="-8"/>
            </Offset>
          </Anchor>
        </Anchors>
      </Button>
      <Button name="ArmoryGuildBankLine1" inherits="ArmoryGuildBankLabelTemplate">
        <Anchors>
          <Anchor point="TOPLEFT">
            <Offset>
              <AbsDimension x="23" y="-103"/>
            </Offset>
          </Anchor>
        </Anchors>
      </Button>
      <Button name="ArmoryGuildBankLine2" inherits="ArmoryGuildBankLabelTemplate">
        <Anchors>
          <Anchor point="TOPLEFT" relativeTo="ArmoryGuildBankLine1" relativePoint="BOTTOMLEFT" />
        </Anchors>
      </Button>
      <Button name="ArmoryGuildBankLine3" inherits="ArmoryGuildBankLabelTemplate">
        <Anchors>
          <Anchor point="TOPLEFT" relativeTo="ArmoryGuildBankLine2" relativePoint="BOTTOMLEFT"/>
        </Anchors>
      </Button>
      <Button name="ArmoryGuildBankLine4" inherits="ArmoryGuildBankLabelTemplate">
        <Anchors>
          <Anchor point="TOPLEFT" relativeTo="ArmoryGuildBankLine3" relativePoint="BOTTOMLEFT"/>
        </Anchors>
      </Button>
      <Button name="ArmoryGuildBankLine5" inherits="ArmoryGuildBankLabelTemplate">
        <Anchors>
          <Anchor point="TOPLEFT" relativeTo="ArmoryGuildBankLine4" relativePoint="BOTTOMLEFT"/>
        </Anchors>
      </Button>
      <Button name="ArmoryGuildBankLine6" inherits="ArmoryGuildBankLabelTemplate">
        <Anchors>
          <Anchor point="TOPLEFT" relativeTo="ArmoryGuildBankLine5" relativePoint="BOTTOMLEFT"/>
        </Anchors>
      </Button>
      <Button name="ArmoryGuildBankLine7" inherits="ArmoryGuildBankLabelTemplate">
        <Anchors>
          <Anchor point="TOPLEFT" relativeTo="ArmoryGuildBankLine6" relativePoint="BOTTOMLEFT"/>
        </Anchors>
      </Button>
      <Button name="ArmoryGuildBankLine8" inherits="ArmoryGuildBankLabelTemplate">
        <Anchors>
          <Anchor point="TOPLEFT" relativeTo="ArmoryGuildBankLine7" relativePoint="BOTTOMLEFT"/>
        </Anchors>
      </Button>
      <Button name="ArmoryGuildBankLine9" inherits="ArmoryGuildBankLabelTemplate">
        <Anchors>
          <Anchor point="TOPLEFT" relativeTo="ArmoryGuildBankLine8" relativePoint="BOTTOMLEFT"/>
        </Anchors>
      </Button>
      <Button name="ArmoryGuildBankLine10" inherits="ArmoryGuildBankLabelTemplate">
        <Anchors>
          <Anchor point="TOPLEFT" relativeTo="ArmoryGuildBankLine9" relativePoint="BOTTOMLEFT"/>
        </Anchors>
      </Button>
      <Button name="ArmoryGuildBankLine11" inherits="ArmoryGuildBankLabelTemplate">
        <Anchors>
          <Anchor point="TOPLEFT" relativeTo="ArmoryGuildBankLine10" relativePoint="BOTTOMLEFT"/>
        </Anchors>
      </Button>
      <Button name="ArmoryGuildBankLine12" inherits="ArmoryGuildBankLabelTemplate">
        <Anchors>
          <Anchor point="TOPLEFT" relativeTo="ArmoryGuildBankLine11" relativePoint="BOTTOMLEFT"/>
        </Anchors>
      </Button>
      <Button name="ArmoryGuildBankLine13" inherits="ArmoryGuildBankLabelTemplate">
        <Anchors>
          <Anchor point="TOPLEFT" relativeTo="ArmoryGuildBankLine12" relativePoint="BOTTOMLEFT"/>
        </Anchors>
      </Button>
      <Button name="ArmoryGuildBankLine14" inherits="ArmoryGuildBankLabelTemplate">
        <Anchors>
          <Anchor point="TOPLEFT" relativeTo="ArmoryGuildBankLine13" relativePoint="BOTTOMLEFT"/>
        </Anchors>
      </Button>
      <Button name="ArmoryGuildBankLine15" inherits="ArmoryGuildBankLabelTemplate">
        <Anchors>
          <Anchor point="TOPLEFT" relativeTo="ArmoryGuildBankLine14" relativePoint="BOTTOMLEFT"/>
        </Anchors>
      </Button>
      <Button name="ArmoryGuildBankLine16" inherits="ArmoryGuildBankLabelTemplate">
        <Anchors>
          <Anchor point="TOPLEFT" relativeTo="ArmoryGuildBankLine15" relativePoint="BOTTOMLEFT"/>
        </Anchors>
      </Button>
      <Button name="ArmoryGuildBankLine17" inherits="ArmoryGuildBankLabelTemplate">
        <Anchors>
          <Anchor point="TOPLEFT" relativeTo="ArmoryGuildBankLine16" relativePoint="BOTTOMLEFT"/>
        </Anchors>
      </Button>
      <Button name="ArmoryGuildBankLine18" inherits="ArmoryGuildBankLabelTemplate">
        <Anchors>
          <Anchor point="TOPLEFT" relativeTo="ArmoryGuildBankLine17" relativePoint="BOTTOMLEFT"/>
        </Anchors>
      </Button>
      <Button name="ArmoryGuildBankLine19" inherits="ArmoryGuildBankLabelTemplate">
        <Anchors>
          <Anchor point="TOPLEFT" relativeTo="ArmoryGuildBankLine18" relativePoint="BOTTOMLEFT"/>
        </Anchors>
      </Button>
      <Button name="ArmoryGuildBankLine20" inherits="ArmoryGuildBankLabelTemplate">
        <Anchors>
          <Anchor point="TOPLEFT" relativeTo="ArmoryGuildBankLine19" relativePoint="BOTTOMLEFT"/>
        </Anchors>
      </Button>
      <ScrollFrame name="ArmoryGuildBankScrollFrame" inherits="FauxScrollFrameTemplate">
        <Size>
          <AbsDimension x="296" y="331"/>
        </Size>
        <Anchors>
          <Anchor point="TOPRIGHT">
            <Offset>
              <AbsDimension x="-66" y="-97"/>
            </Offset>
          </Anchor>
        </Anchors>
        <Layers>
          <Layer level="BACKGROUND">
            <Texture name="$parentScrollBarTop" file="Interface\PaperDollInfoFrame\UI-Character-ScrollBar">
              <Size>
                <AbsDimension x="31" y="256"/>
              </Size>
              <Anchors>
                <Anchor point="TOPLEFT" relativePoint="TOPRIGHT">
                  <Offset>
                    <AbsDimension x="-2" y="5"/>
                  </Offset>
                </Anchor>
              </Anchors>
              <TexCoords left="0" right="0.484375" top="0" bottom="1.0"/>
            </Texture>
            <Texture name="$parentScrollBarBottom" file="Interface\PaperDollInfoFrame\UI-Character-ScrollBar">
              <Size>
                <AbsDimension x="31" y="106"/>
              </Size>
              <Anchors>
                <Anchor point="BOTTOMLEFT" relativePoint="BOTTOMRIGHT">
                  <Offset>
                    <AbsDimension x="-2" y="-2"/>
                  </Offset>
                </Anchor>
              </Anchors>
              <TexCoords left="0.515625" right="1.0" top="0" bottom="0.4140625"/>
            </Texture>
          </Layer>
        </Layers>
        <Scripts>
          <OnVerticalScroll>
            FauxScrollFrame_OnVerticalScroll(self, offset, ARMORY_LOOKUP_HEIGHT, ArmoryGuildBankFrame_Update);
          </OnVerticalScroll>
        </Scripts>
      </ScrollFrame>
    </Frames>
    <Scripts>
      <OnLoad>
        ArmoryGuildBankFrame_OnLoad(self);
      </OnLoad>
      <OnEvent>
        ArmoryGuildBankFrame_OnEvent(self, event, ...);
      </OnEvent>
      <OnShow>
        PlaySound("GuildVaultOpen");
        ArmoryGuildBankFrame_OnShow(self);
      </OnShow>
      <OnHide>
        PlaySound("GuildVaultClose");
      </OnHide>
      <OnMouseDown>
        if ( button == "LeftButton" ) then
          self:StartMoving();
          self.isMoving = true;
        end
      </OnMouseDown>
      <OnMouseUp>
        if ( self.isMoving ) then
          self:StopMovingOrSizing();
          self.isMoving = false;
        end
      </OnMouseUp>
      <OnMouseWheel>
        return;
      </OnMouseWheel>
    </Scripts>
  </Frame>
</Ui>