<Ui xmlns="http://www.blizzard.com/wow/ui/"
	xmlns:xsi="http://www.w3.org/2001/XMLSchema-instance"
	xsi:schemaLocation="http://www.blizzard.com/wow/ui/">
	
	<Button name="MazzleUIButtonTemplate" virtual="true" toplevel="true" frameStrata="LOW" enableMouse="true">
		<Size>
			<AbsDimension x="30" y="30"/>
		</Size>
		<Layers>
			<Layer level="LOW">
				<Texture name="$parent_IconSelect">
					<Size>
						<AbsDimension x="30" y="30"/>
					</Size>
					<Anchors>
						<Anchor point="TOPLEFT">
							<Offset>
								<AbsDimension x="0" y="0"/>
							</Offset>
						</Anchor>
					</Anchors>
					<TexCoords left="0" right="1" top="0" bottom="1"/>
				</Texture>
			</Layer>
			<Layer level="BACKGROUND">
				<Texture name="$parent_Icon">
					<Size>
						<AbsDimension x="30" y="30"/>
					</Size>
					<Anchors>
						<Anchor point="TOPLEFT">
							<Offset>
								<AbsDimension x="0" y="0"/>
							</Offset>
						</Anchor>
					</Anchors>
					<TexCoords left="0" right="1" top="0" bottom="1"/>
				</Texture>
			</Layer>
		</Layers>
		<HighlightTexture alphaMode="ADD" file="Interface\Minimap\UI-Minimap-ZoomButton-Highlight"/>
		<NormalText inherits="GameFontNormalLarge" frameStrata="HIGH" text="">
    		<FontHeight> <AbsValue val="20"/> </FontHeight>
    		<Color r="1.0" g="1" b="1"/>
    	</NormalText>
		<HighlightText inherits="GameFontNormalLarge" frameStrata="HIGH" text="">
    		<FontHeight> <AbsValue val="20"/> </FontHeight>
    		<Color r="1.0" g="1" b="1"/>
    	</HighlightText>
		<Scripts>
			<OnLoad>
				this:RegisterForClicks("LeftButtonUp","RightButtonUp")
			</OnLoad>
			<OnMouseDown>
				getglobal(this:GetName().."_Icon"):SetTexCoord(.075,.925,.075,.925)
			</OnMouseDown>
			<OnMouseUp>
				getglobal(this:GetName().."_Icon"):SetTexCoord(0,1,0,1)
			</OnMouseUp>
			<OnEnter>
				MazzleUI:OnTooltip(this:GetID(), this)
			</OnEnter>
			<OnLeave>
				GameTooltip:Hide()
			</OnLeave>
			<OnClick>
				MazzleUI:OnClick(arg1, this:GetID())
				getglobal(this:GetName().."_Icon"):SetTexCoord(0,1,0,1)
			</OnClick>
		</Scripts>
	</Button>
	<Button name="MazzleUITargetButtonTemplate" parent="UIParent" hidden="true" frameStrata="LOW" virtual="true">
		<Size>
			<AbsDimension x="29" y="30"/>
		</Size>
		<Scripts>
			<OnLeave>
				GameTooltip:Hide();
			</OnLeave>
		</Scripts>
		<NormalTexture file="Interface\AddOns\MazzleUI\Art\ButtonBase"/>
		<DisabledTexture alphaMode="BLEND" file="Interface\AddOns\MazzleUI\Art\ButtonDisable"/>
		<HighlightTexture alphaMode="BLEND" file="Interface\AddOns\MazzleUI\Art\ButtonHighlight"/>
		<Layers>
			<Layer level="BACKGROUND">
				<Texture name="$parent_Icon">
					<Size> <AbsDimension x="18" y="18"/> </Size>
					<Anchors> <Anchor point="CENTER"> <Offset> <AbsDimension x="0" y="0"/> </Offset> </Anchor> </Anchors>
					<TexCoords left="0.075" right="0.925" top="0.075" bottom="0.925"/>
				</Texture>
			</Layer>
		</Layers>
	</Button>
	<Button name="MazzleUICharmButtonTemplate" hidden="true" frameStrata="MEDIUM" virtual="true">
		<Size><AbsDimension x="16" y="16"/></Size>
		<Anchors><Anchor point="TOPLEFT" relativePoint="TOPLEFT"><Offset><AbsDimension x="2" y="-2"/></Offset></Anchor></Anchors>
		<Layers>
			<Layer><Texture name="$parent_Icon"/></Layer>
			<Layer><Texture hidden="true" name="$parent_push" alphaMode="ADD" file="Interface\Buttons\UI-Quickslot-Depress"/></Layer>
		</Layers>
		<Scripts>
			<OnClick>
				SetRaidTarget("target", this:GetID());
			</OnClick>
			<OnMouseDown>
				getglobal(this:GetName().."_push"):Show();
				PlaySound("GAMEGENERICBUTTONPRESS");
			</OnMouseDown>
			<OnMouseUp>
				getglobal(this:GetName().."_push"):Hide();
			</OnMouseUp>
		</Scripts>
		<HighlightTexture alphaMode="ADD" file="Interface\Buttons\ButtonHilight-Square"/>
	</Button>
	<PlayerModel name="MazzleUI_MouseClick" file="Spells\ArcaneExplosion_Base.mdx" hidden="false" parent="UIParent" frameStrata="Dialog">
        <Size><AbsDimension x="40" y="40"/></Size>
	</PlayerModel>
	<Frame name="Mazz3D_CharacterTemplate" frameStrata="LOW" virtual="true" hidden="true" enableMouse="true" >
		<Size>
			<AbsDimension x="200" y="200"/>
		</Size>
		<Backdrop bgFile="Interface\Tooltips\UI-Tooltip-Background"/>
		<Frames>
			<PlayerModel name="$parent_Character" setAllPoints="true" enableMouse="false" >
				<Size>
					<AbsDimension x="200" y="200"/>
				</Size>
			</PlayerModel>
		</Frames>
	</Frame>
	<Frame name="MinimapZoom" frameStrata="LOW" enableMouse="false" parent="Minimap" Hidden="false">
		<Size>
			<AbsDimension x="128" y="128"/>
		</Size>
		<Anchors>
			<Anchor point="CENTER" relativePoint="CENTER" relativeTo="Minimap">
				<Offset>
					<AbsDimension x="0" y="0"/>
				</Offset>
			</Anchor>
		</Anchors>
      <Scripts>
			<OnMouseWheel>
				MazzleUI:Wheel(arg1)
			</OnMouseWheel>
		</Scripts>
	</Frame>
	<EditBox name="MazzleUI_EditBox" inherits="ChatFrameEditBoxTemplate" parent="UIParent" hidden="true">
		<Scripts>
			<OnLoad>
			</OnLoad>
		</Scripts>
	</EditBox>
</Ui>