<Ui xmlns="http://www.blizzard.com/wow/ui/" xmlns:xsi="http://www.w3.org/2001/XMLSchema-instance" xsi:schemaLocation="http://www.blizzard.com/wow/ui/
..\FrameXML\UI.xsd">

<!-- BidBot (!bid [item]) --> 
<Script file="DBM-BidBot\localization.en.lua"/>
<Script file="DBM-BidBot\localization.de.lua"/>
<Script file="DBM-BidBot\localization.cn.lua"/>
<Script file="DBM-BidBot\localization.tw.lua"/>
<Script file="DBM-BidBot\localization.kr.lua"/>
<Script file="DBM-BidBot\bidbot.lua"/>

<!-- StandbyBot (!sb) -->
<Script file="DBM-StandByBot\localization.en.lua"/>
<Script file="DBM-StandByBot\localization.de.lua"/>
<Script file="DBM-StandByBot\localization.cn.lua"/>
<Script file="DBM-StandByBot\localization.tw.lua"/>
<Script file="DBM-StandByBot\localization.kr.lua"/>
<Script file="DBM-StandByBot\standbybot.lua"/>

<!-- Autoinvite (Raidinvite Guild) -->
<Script file="DBM-AutoInvite\localization.en.lua"/>
<Script file="DBM-AutoInvite\localization.de.lua"/>
<Script file="DBM-AutoInvite\localization.cn.lua"/>
<Script file="DBM-AutoInvite\localization.tw.lua"/>
<Script file="DBM-AutoInvite\localization.kr.lua"/>
<Script file="DBM-AutoInvite\autoinvite.lua"/>

<!-- DKP System (Count's Raidmember on Bosskills) -->
<Script file="DBM-DkpSystem\localization.en.lua"/>
<Script file="DBM-DkpSystem\localization.de.lua"/>
<Script file="DBM-DkpSystem\localization.cn.lua"/>
<Script file="DBM-DkpSystem\localization.tw.lua"/>
<Script file="DBM-DkpSystem\localization.kr.lua"/>
<Script file="DBM-DkpSystem\dkpsystem.lua"/>

<!-- Buff checking System -->
<!--
<Script file="DBM-Buffs\localization.en.lua"/>
<Script file="DBM-Buffs\buffs.lua"/>
-->
</Ui>

