<Ui xmlns="http://www.blizzard.com/wow/ui/" xmlns:xsi="http://www.w3.org/2001/XMLSchema-instance"  xsi:schemaLocation="http://www.blizzard.com/wow/ui/">
	<Frame name="MI3_DatabaseOptionsTemplate" virtual="true">
		<!--Backdrop bgFile="Interface\Tooltips\UI-Tooltip-Background" tile="true">
			<TileSize>
				<AbsValue val="16"/>
			</TileSize>
		</Backdrop-->
		<Size>
			<AbsDimension x="420" y="390" />
		</Size>
		<Layers>
			<Layer level="BACKGROUND">
				<FontString	name="MI3_TxtMobDbSize"	inherits="GameFontNormalSmall">
					<Anchors>
						<Anchor point="TOPLEFT">
							<Offset>
								<AbsDimension x="0" y="-5"/></Offset></Anchor></Anchors></FontString>
				<FontString	name="MI3_TxtHealthDbSize" inherits="GameFontNormalSmall">
					<Anchors>
						<Anchor point="TOPLEFT" relativeTo="MI3_TxtMobDbSize" relativePoint="BOTTOMLEFT">
							<Offset>
								<AbsDimension x="0" y="-15"/></Offset></Anchor></Anchors></FontString>
				<FontString	name="MI3_TxtPlayerDbSize" inherits="GameFontNormalSmall">
					<Anchors>
						<Anchor point="TOPLEFT" relativeTo="MI3_TxtHealthDbSize" relativePoint="BOTTOMLEFT">
							<Offset>
								<AbsDimension x="0" y="-15"/></Offset></Anchor></Anchors></FontString>
				<FontString	name="MI3_TxtTargetIndex" inherits="GameFontNormalSmall">
					<Anchors>
						<Anchor point="TOPLEFT" relativeTo="MI3_TxtPlayerDbSize" relativePoint="BOTTOMLEFT">
							<Offset>
								<AbsDimension x="0" y="-15"/></Offset></Anchor></Anchors></FontString></Layer></Layers>
		<!-- ================================================ -->
		<!-- controls within database options subframe		  -->
		<Frames>
			<Button	name="MI3_OptClearMobDb" inherits="MI3_PushButtonTemplate">
				<Size>
					<AbsDimension x="150" y="20"/></Size>
				<Anchors>
					<Anchor	point="BOTTOMLEFT" relativeTo="MI3_TxtMobDbSize" relativePoint="BOTTOMLEFT">
						<Offset>
							<AbsDimension x="220" y="-2" /></Offset></Anchor></Anchors></Button>
			<Button	name="MI3_OptClearHealthDb" inherits="MI3_PushButtonTemplate">
				<Size>
					<AbsDimension x="150" y="20"/></Size>
				<Anchors>
					<Anchor	point="BOTTOMLEFT" relativeTo="MI3_TxtHealthDbSize" relativePoint="BOTTOMLEFT">
						<Offset>
							<AbsDimension x="220" y="-2" /></Offset></Anchor></Anchors></Button>
			<Button	name="MI3_OptClearPlayerDb" inherits="MI3_PushButtonTemplate">
				<Size>
					<AbsDimension x="150" y="20"/></Size>
				<Anchors>
					<Anchor	point="BOTTOMLEFT" relativeTo="MI3_TxtPlayerDbSize" relativePoint="BOTTOMLEFT">
						<Offset>
							<AbsDimension x="220" y="-2" /></Offset></Anchor></Anchors></Button>
			<Button	name="MI3_OptClearTarget" inherits="MI3_PushButtonTemplate">
				<Size>
					<AbsDimension x="150" y="20"/></Size>
				<Anchors>
					<Anchor	point="BOTTOMLEFT" relativeTo="MI3_TxtTargetIndex" relativePoint="BOTTOMLEFT">
						<Offset>
							<AbsDimension x="220" y="-2" /></Offset></Anchor></Anchors></Button>
			<CheckButton name="MI3_OptSaveCharData" inherits="MI3_CheckboxTemplate">
				<Anchors>
					<Anchor	point="TOPLEFT"	relativeTo="MI3_TxtTargetIndex">
						<Offset>
							<AbsDimension x="0" y="-15" /></Offset></Anchor></Anchors></CheckButton>
			<CheckButton name="MI3_OptSaveResist" inherits="MI3_CheckboxTemplate">
				<Anchors>
					<Anchor	point="TOPLEFT"	relativeTo="MI3_OptSaveCharData">
						<Offset>
							<AbsDimension x="0" y="-20" /></Offset></Anchor></Anchors></CheckButton>
			<CheckButton name="MI3_OptSaveItems" inherits="MI3_CheckboxTemplate">
				<Anchors>
					<Anchor	point="TOPLEFT"	relativeTo="MI3_OptSaveResist">
						<Offset>
							<AbsDimension x="0" y="-20" /></Offset></Anchor></Anchors></CheckButton>
			<Button	name="MI3_OptItemsQuality" inherits="MI3_DropDownTemplate">
				<Anchors>
					<Anchor	point="TOPLEFT"	relativeTo="MI3_OptSaveItems" relativePoint="BOTTOMLEFT">
						<Offset>
							<AbsDimension x="220" y="28"/>
						</Offset></Anchor></Anchors></Button>
			<CheckButton name="MI3_OptSavePlayerHp"	inherits="MI3_CheckboxTemplate">
				<Anchors>
					<Anchor	point="TOPLEFT"	relativeTo="MI3_OptSaveItems">
						<Offset>
							<AbsDimension x="0" y="-20" /></Offset></Anchor></Anchors></CheckButton>
			<Button	name="MI3_OptTrimDownMobData" inherits="MI3_PushButtonTemplate">
				<Size>
					<AbsDimension x="220" y="24"/></Size>
				<Anchors>
					<Anchor	point="TOPLEFT" relativeTo="MI3_OptSavePlayerHp" relativePoint="BOTTOMLEFT">
						<Offset>
							<AbsDimension x="80" y="-5" /></Offset></Anchor></Anchors></Button>
			<Frame name="MI3_FrmImportDatabase" inherits="MI3_OptionsBoxTemplate" >
				<Size>
					<AbsDimension x="400" y="90"	/></Size>
				<Anchors>
					<Anchor	point="TOPLEFT"	relativeTo="MI3_OptSavePlayerHp" relativePoint="BOTTOMLEFT">
						<Offset>
							<AbsDimension x="0" y="-80" /></Offset></Anchor></Anchors>
				<Layers>
					<Layer level="BACKGROUND">
						<FontString	name="MI3_TxtImportStatus"	inherits="GameFontNormalSmall">
							<Anchors>
								<Anchor point="TOPLEFT">
									<Offset>
										<AbsDimension x="10" y="-20"/></Offset></Anchor></Anchors></FontString></Layer></Layers>
				<Frames>
					<Button	name="MI3_OptImportMobData" inherits="MI3_PushButtonTemplate">
						<Size>
							<AbsDimension x="160" y="24"/></Size>
						<Anchors>
							<Anchor	point="TOPLEFT">
								<Offset>
									<AbsDimension x="10" y="-45" /></Offset></Anchor></Anchors></Button>
					<CheckButton name="MI3_OptImportOnlyNew" inherits="MI3_CheckboxTemplate">
						<Anchors>
							<Anchor	point="TOPLEFT"	relativeTo="MI3_OptImportMobData" relativePoint="TOPRIGHT">
								<Offset>
									<AbsDimension x="10" y="0" /></Offset></Anchor></Anchors></CheckButton></Frames></Frame></Frames>
		<Scripts>
			<OnShow>MI3_DbOptionsFrameOnShow();</OnShow></Scripts></Frame>
</Ui>
