<Ui xmlns="http://www.blizzard.com/wow/ui/" xmlns:xsi="http://www.w3.org/2001/XMLSchema-instance"  xsi:schemaLocation="http://www.blizzard.com/wow/ui/">
	<Frame name="MI3_TargetOptionsTemplate" virtual="true">
		<!--Backdrop bgFile="Interface\Tooltips\UI-Tooltip-Background" tile="true">
			<TileSize>
				<AbsValue val="16"/></TileSize></Backdrop-->
		<Size x="420" y="390" />
		<Frames>
			<Button name="MI3_OptTargetFont" inherits="MI3_DropDownTemplate">
				<Anchors>
					<Anchor point="TOPLEFT">
						<Offset x="0" y="-20" />
						</Anchor></Anchors></Button>
			<Slider name="MI3_OptTargetFontSize" inherits="MI3_SliderTemplate">
				<Size x="140" y="20" />
				<Anchors>
					<Anchor point="TOPLEFT" relativeTo="MI3_OptTargetFont" relativePoint="TOPRIGHT">
						<Offset x="30" y="0" /></Anchor></Anchors></Slider>
			<!-- ================================================ -->
			<!-- health value options box        -->
			<Frame name="MI3_FrmHealthValueOptions" inherits="MI3_OptionsBoxTemplate" >
				<Size x="400" y="80" />
				<Anchors>
					<Anchor point="TOPLEFT" relativeTo="MI3_OptTargetFont" relativePoint="BOTTOMLEFT">
						<Offset x="0" y="-25" />
						</Anchor></Anchors>
				<Frames>
					<CheckButton name="MI3_OptTargetHealth" inherits="MI3_CheckboxTemplate">
						<Anchors>
							<Anchor point="TOPLEFT">
								<Offset x="10" y="-10" />
								</Anchor></Anchors></CheckButton>
					<CheckButton name="MI3_OptHealthPercent" inherits="MI3_CheckboxTemplate">
						<Anchors>
							<Anchor point="TOPLEFT" relativeTo="MI3_OptTargetHealth" relativePoint="BOTTOMLEFT">
								<Offset x="0" y="-5" />
								</Anchor></Anchors></CheckButton>
					<Slider name="MI3_OptHealthPosX" inherits="MI3_SliderTemplate">
						<Size x="225" y="20" />
						<Anchors>
							<Anchor point="TOPLEFT" >
								<Offset x="150" y="-20" /></Anchor></Anchors></Slider>
					<Slider name="MI3_OptHealthPosY" inherits="MI3_SliderTemplate">
						<Size x="225" y="20" />
						<Anchors>
							<Anchor point="TOPLEFT" relativeTo="MI3_OptHealthPosX" relativePoint="BOTTOMLEFT">
								<Offset x="0" y="-10" /></Anchor></Anchors></Slider></Frames></Frame>
			<!-- ================================================ -->
			<!-- mana value options box         -->
			<Frame name="MI3_FrmManaValueOptions" inherits="MI3_OptionsBoxTemplate" >
				<Size x="400" y="80" />
				<Anchors>
					<Anchor point="TOPLEFT" relativeTo="MI3_FrmHealthValueOptions" relativePoint="BOTTOMLEFT">
						<Offset x="0" y="-35" />
						</Anchor></Anchors>
				<Frames>
					<CheckButton name="MI3_OptTargetMana" inherits="MI3_CheckboxTemplate">
						<Anchors>
							<Anchor point="TOPLEFT">
								<Offset x="10" y="-10" />
								</Anchor></Anchors></CheckButton>
					<CheckButton name="MI3_OptManaPercent" inherits="MI3_CheckboxTemplate">
						<Anchors>
							<Anchor point="TOPLEFT" relativeTo="MI3_OptTargetMana" relativePoint="BOTTOMLEFT">
								<Offset x="0" y="-5" />
								</Anchor></Anchors></CheckButton>
					<Slider name="MI3_OptManaPosX" inherits="MI3_SliderTemplate">
						<Size x="225" y="20" />
						<Anchors>
							<Anchor point="TOPLEFT" >
								<Offset x="150" y="-20" /></Anchor></Anchors></Slider>
					<Slider name="MI3_OptManaPosY" inherits="MI3_SliderTemplate">
						<Size x="225" y="20" />
						<Anchors>
							<Anchor point="TOPLEFT" relativeTo="MI3_OptManaPosX" relativePoint="BOTTOMLEFT">
								<Offset x="0" y="-10" /></Anchor></Anchors></Slider></Frames></Frame></Frames>
		<Scripts>
			<OnLoad>MI3_OptHealthPosX:SetMinMaxValues( -50, 50 ) 		MI3_OptHealthPosY:SetMinMaxValues( -40, 80 ) 		MI3_OptManaPosX:SetMinMaxValues( -50, 50 ) 		MI3_OptManaPosY:SetMinMaxValues( -40, 80 ) 		MI3_OptTargetFontSize:SetMinMaxValues( 6, 20 )</OnLoad>
		</Scripts>
	</Frame></Ui>
