<Ui xmlns="http://www.blizzard.com/wow/ui/" xmlns:xsi="http://www.w3.org/2001/XMLSchema-instance"  xsi:schemaLocation="http://www.blizzard.com/wow/ui/">
	<Frame name="MI3_TooltipOptionsTemplate" virtual="true">
		<Size x="420" y="390" />
		<Frames>
			<!-- ================================================ -->
			<!-- frame with tooltip show/hide options             -->
			<Frame name="MI3_FrmTooltipContent" inherits="MI3_OptionsBoxTemplate" >
				<Size x="220" y="330"/>
				<Anchors>
					<Anchor point="TOPLEFT">
						<Offset x="-10" y="-10" /></Anchor></Anchors>
				<Frames>
					<!-- ================================================= -->
					<!-- show/hide options within tooltip options frame    -->
					<CheckButton name="MI3_OptShowHealth" inherits="MI3_CheckboxTemplate">
						<Anchors>
							<Anchor point="TOPLEFT" relativeTo="MI3_FrmTooltipContent">
								<Offset x="5" y="-5" /></Anchor></Anchors></CheckButton>
					<CheckButton name="MI3_OptShowMana" inherits="MI3_CheckboxTemplate">
						<Anchors>
							<Anchor point="TOPLEFT" relativeTo="MI3_OptShowHealth" relativePoint="TOPRIGHT">
								<Offset x="65" y="0" /></Anchor></Anchors></CheckButton>
					<CheckButton name="MI3_OptShowXp" inherits="MI3_CheckboxTemplate">
						<Anchors>
							<Anchor point="TOPLEFT" relativeTo="MI3_OptShowHealth" relativePoint="BOTTOMLEFT"/></Anchors></CheckButton>
					<CheckButton name="MI3_OptShowNo2lev" inherits="MI3_CheckboxTemplate">
						<Anchors>
							<Anchor point="TOPLEFT" relativeTo="MI3_OptShowXp" relativePoint="TOPRIGHT">
								<Offset x="65" y="0" /></Anchor></Anchors></CheckButton>
					<CheckButton name="MI3_OptShowKills" inherits="MI3_CheckboxTemplate">
						<Anchors>
							<Anchor point="TOPLEFT" relativeTo="MI3_OptShowXp" relativePoint="BOTTOMLEFT"/></Anchors></CheckButton>
					<CheckButton name="MI3_OptShowLoots" inherits="MI3_CheckboxTemplate">
						<Anchors>
							<Anchor point="TOPLEFT" relativeTo="MI3_OptShowKills" relativePoint="TOPRIGHT">
								<Offset x="65" y="0" /></Anchor></Anchors></CheckButton>
					<CheckButton name="MI3_OptShowCloth" inherits="MI3_CheckboxTemplate">
						<Anchors>
							<Anchor point="TOPLEFT" relativeTo="MI3_OptShowKills" relativePoint="BOTTOMLEFT"/></Anchors></CheckButton>
					<CheckButton name="MI3_OptShowEmpty" inherits="MI3_CheckboxTemplate">
						<Anchors>
							<Anchor point="TOPLEFT" relativeTo="MI3_OptShowCloth" relativePoint="TOPRIGHT">
								<Offset x="65" y="0" /></Anchor></Anchors></CheckButton>
					<CheckButton name="MI3_OptShowTotal" inherits="MI3_CheckboxTemplate">
						<Anchors>
							<Anchor point="TOPLEFT" relativeTo="MI3_OptShowCloth" relativePoint="BOTTOMLEFT"/></Anchors></CheckButton>
					<CheckButton name="MI3_OptShowCoin" inherits="MI3_CheckboxTemplate">
						<Anchors>
							<Anchor point="TOPLEFT" relativeTo="MI3_OptShowTotal" relativePoint="TOPRIGHT">
								<Offset x="65" y="0" /></Anchor></Anchors></CheckButton>
					<CheckButton name="MI3_OptShowIV" inherits="MI3_CheckboxTemplate">
						<Anchors>
							<Anchor point="TOPLEFT" relativeTo="MI3_OptShowTotal" relativePoint="BOTTOMLEFT"/></Anchors></CheckButton>
					<CheckButton name="MI3_OptShowDamage" inherits="MI3_CheckboxTemplate">
						<Anchors>
							<Anchor point="TOPLEFT" relativeTo="MI3_OptShowIV" relativePoint="BOTTOMLEFT"/></Anchors></CheckButton>
					<CheckButton name="MI3_OptShowDps" inherits="MI3_CheckboxTemplate" hidden="true"></CheckButton>
					<CheckButton name="MI3_OptShowLocation" inherits="MI3_CheckboxTemplate">
						<Anchors>
							<Anchor point="TOPLEFT" relativeTo="MI3_OptShowDamage" relativePoint="TOPRIGHT">
								<Offset x="65" y="0" /></Anchor></Anchors></CheckButton>
					<CheckButton name="MI3_OptShowResists" inherits="MI3_CheckboxTemplate">
						<Anchors>
							<Anchor point="TOPLEFT" relativeTo="MI3_OptShowDamage" relativePoint="BOTTOMLEFT"/></Anchors></CheckButton>
					<CheckButton name="MI3_OptShowImmuns" inherits="MI3_CheckboxTemplate" hidden="true"></CheckButton>
					<CheckButton name="MI3_OptShowLowHpAction" inherits="MI3_CheckboxTemplate">
						<Anchors>
							<Anchor point="TOPLEFT" relativeTo="MI3_OptShowResists" relativePoint="BOTTOMLEFT"/></Anchors></CheckButton>
					<CheckButton name="MI3_OptShowQuality" inherits="MI3_CheckboxTemplate">
						<Anchors>
							<Anchor point="TOPLEFT" relativeTo="MI3_OptShowLowHpAction" relativePoint="BOTTOMLEFT"/></Anchors></CheckButton>
					<CheckButton name="MI3_OptShowIGrey" inherits="MI3_CheckboxTemplate">
						<Anchors>
							<Anchor point="TOPLEFT" relativeTo="MI3_OptShowQuality" relativePoint="BOTTOMLEFT">
								<Offset x="10" y="-22" /></Anchor></Anchors></CheckButton>
					<CheckButton name="MI3_OptShowIWhite" inherits="MI3_CheckboxTemplate">
						<Anchors>
							<Anchor point="TOPLEFT" relativeTo="MI3_OptShowIGrey" relativePoint="TOPRIGHT">
								<Offset x="18" y="0" /></Anchor></Anchors></CheckButton>
					<CheckButton name="MI3_OptShowIGreen" inherits="MI3_CheckboxTemplate">
						<Anchors>
							<Anchor point="TOPLEFT" relativeTo="MI3_OptShowIWhite" relativePoint="TOPRIGHT">
								<Offset x="18" y="0" /></Anchor></Anchors></CheckButton>
					<CheckButton name="MI3_OptShowIBlue" inherits="MI3_CheckboxTemplate">
						<Anchors>
							<Anchor point="TOPLEFT" relativeTo="MI3_OptShowIGreen" relativePoint="TOPRIGHT">
								<Offset x="18" y="0" /></Anchor></Anchors></CheckButton>
					<CheckButton name="MI3_OptShowIPurple" inherits="MI3_CheckboxTemplate">
						<Anchors>
							<Anchor point="TOPLEFT" relativeTo="MI3_OptShowIBlue" relativePoint="TOPRIGHT">
								<Offset x="18" y="0" /></Anchor></Anchors></CheckButton>
					<CheckButton name="MI3_OptShowItems" inherits="MI3_CheckboxTemplate">
						<Anchors>
							<Anchor point="TOPLEFT" relativeTo="MI3_OptShowIGrey" relativePoint="BOTTOMLEFT">
								<Offset x="0" y="0" /></Anchor></Anchors></CheckButton>
					<CheckButton name="MI3_OptShowClothSkin" inherits="MI3_CheckboxTemplate">
						<Anchors>
							<Anchor point="TOPLEFT" relativeTo="MI3_OptShowItems" relativePoint="BOTTOMLEFT"/></Anchors></CheckButton>
					<Frame name="MI3_FrmLootList" inherits="MI3_OptionsBoxTemplate" >
						<Size x="202" y="100" />
						<Anchors>
							<Anchor point="TOPLEFT" relativeTo="MI3_OptShowQuality" relativePoint="BOTTOMLEFT">
								<Offset x="4" y="-15" /></Anchor></Anchors>
						<Layers>
							<Layer level="BACKGROUND">
								<FontString name="MI3_TxtItemFilter" inherits="GameFontNormalSmall" text="MI_TXT_ITEMFILTER">
									<Anchors>
										<Anchor point="TOPLEFT" relativeTo="MI3_OptShowClothSkin" relativePoint="BOTTOMLEFT">
											<Offset x="0" y="-5"/></Anchor></Anchors></FontString></Layer></Layers></Frame>
					<EditBox name="MI3_OptItemFilter" inherits="MI3_OptionsEditBox_Template">
						<Size x="120" y="24"/>
						<Anchors>
							<Anchor point="TOPLEFT" relativeTo="MI3_TxtItemFilter" relativePoint="TOPRIGHT">
								<Offset x="10" y="5"/></Anchor></Anchors></EditBox>
					<Frame name="MI3_FrmLootGrey">
						<Size x="14" y="10" />
						<Anchors>
							<Anchor point="TOPLEFT" relativeTo="MI3_OptShowIGrey" relativePoint="TOPRIGHT">
								<Offset x="-2" y="-5" /></Anchor></Anchors>
						<Layers>
							<Layer level="ARTWORK">
								<Texture name="MI3_TexLootGrey">
									<Color r="0.5" g="0.5" b="0.5"/></Texture></Layer></Layers>
					</Frame>
					<Frame name="MI3_FrmLootWhite">
						<Size x="14" y="10" />
						<Anchors>
							<Anchor point="TOPLEFT" relativeTo="MI3_OptShowIWhite" relativePoint="TOPRIGHT">
								<Offset x="-2" y="-5" /></Anchor></Anchors>
						<Layers>
							<Layer level="ARTWORK">
								<Texture name="MI3_TexLootWhite">
									<Color r="1" g="1" b="1"/></Texture></Layer></Layers></Frame>
					<Frame name="MI3_FrmLootGreen">
						<Size x="14" y="10" />
						<Anchors>
							<Anchor point="TOPLEFT" relativeTo="MI3_OptShowIGreen" relativePoint="TOPRIGHT">
								<Offset x="-2" y="-5" /></Anchor></Anchors>
						<Layers>
							<Layer level="ARTWORK">
								<Texture name="MI3_TexLootGreen">
									<Color r="0" g="1.0" b="0"/></Texture></Layer></Layers></Frame>
					<Frame name="MI3_FrmLootBlue">
						<Size x="14" y="10" />
						<Anchors>
							<Anchor point="TOPLEFT" relativeTo="MI3_OptShowIBlue" relativePoint="TOPRIGHT">
								<Offset x="-2" y="-5" /></Anchor></Anchors>
						<Layers>
							<Layer level="ARTWORK">
								<Texture name="MI3_TexLootBlue">
									<Color r="0.1" g="0.3" b="1"/></Texture></Layer></Layers></Frame>
					<Frame name="MI3_FrmLootPurple">
						<Size x="14" y="10" />
						<Anchors>
							<Anchor point="TOPLEFT" relativeTo="MI3_OptShowIPurple" relativePoint="TOPRIGHT">
								<Offset x="-2" y="-5" /></Anchor></Anchors>
						<Layers>
							<Layer level="ARTWORK">
								<Texture name="MI3_TexLootPurple">
									<Color r="0.8" g="0.4" b="1"/></Texture></Layer></Layers></Frame></Frames></Frame>
			<!-- ==================================================== -->
			<!-- buttons controlling the tooltip show options    -->
			<Button name="MI3_OptDefault" inherits="MI3_PushButtonTemplate">
				<Anchors>
					<Anchor point="TOPLEFT" relativeTo="MI3_FrmTooltipContent" relativePoint="BOTTOMLEFT"/></Anchors></Button>
			<Button name="MI3_OptAllOn" inherits="MI3_PushButtonTemplate">
				<Anchors>
					<Anchor point="TOPLEFT" relativeTo="MI3_OptDefault" relativePoint="BOTTOMLEFT"/></Anchors></Button>
			<Button name="MI3_OptAllOff" inherits="MI3_PushButtonTemplate">
				<Anchors>
					<Anchor point="TOPLEFT" relativeTo="MI3_OptAllOn" relativePoint="TOPRIGHT">
						<Offset x="0" y="0" /></Anchor></Anchors></Button>
			<!-- ================================================ -->
			<!-- frame around MobInfo tooltip layout options box  -->
			<Frame name="MI3_FrmTooltipLayout" inherits="MI3_OptionsBoxTemplate" >
				<Size x="215" y="190" />
				<Layers>
					<Layer level="ARTWORK">
						<FontString name="MI3_TxtTooltipMove" inherits="MI3TT_ValTemplate" text="MI_TXT_TOOLTIP_MOVE" justifyH="LEFT" justifyV="BOTTOM" >
							<Size x="200" y="32" />
							<Anchors>
								<Anchor point="BOTTOMLEFT" relativePoint="BOTTOMLEFT">
									<Offset x="6" y="8" /></Anchor></Anchors></FontString></Layer></Layers>
				<Anchors>
					<Anchor point="TOPLEFT" relativeTo="MI3_FrmTooltipContent" relativePoint="TOPRIGHT">
						<Offset x="5" y="0" /></Anchor></Anchors>
				<Frames>
					<Button name="MI3_OptTooltipMode" inherits="MI3_DropDownTemplate">
						<Anchors>
							<Anchor point="TOPLEFT" relativeTo="MI3_FrmTooltipLayout">
								<Offset x="-10" y="-20" /></Anchor></Anchors></Button>
					<CheckButton name="MI3_OptMouseTooltip" inherits="MI3_CheckboxTemplate">
						<Anchors>
							<Anchor point="TOPLEFT" relativeTo="MI3_FrmTooltipLayout">
								<Offset x="5" y="-50" /></Anchor></Anchors></CheckButton>
					<CheckButton name="MI3_OptSmallFont" inherits="MI3_CheckboxTemplate">
						<Anchors>
							<Anchor point="TOPLEFT" relativeTo="MI3_OptMouseTooltip" relativePoint="BOTTOMLEFT"/></Anchors></CheckButton>
					<CheckButton name="MI3_OptCompactMode" inherits="MI3_CheckboxTemplate">
						<Anchors>
							<Anchor point="TOPLEFT" relativeTo="MI3_OptSmallFont" relativePoint="BOTTOMLEFT"/></Anchors></CheckButton>
					<CheckButton name="MI3_OptHideAnchor" inherits="MI3_CheckboxTemplate">
						<Anchors>
							<Anchor point="TOPLEFT" relativeTo="MI3_OptCompactMode" relativePoint="BOTTOMLEFT"/></Anchors></CheckButton>
					<CheckButton name="MI3_OptOtherTooltip" inherits="MI3_CheckboxTemplate">
						<Anchors>
							<Anchor point="TOPLEFT" relativeTo="MI3_OptHideAnchor" relativePoint="BOTTOMLEFT"/></Anchors></CheckButton></Frames></Frame>
			<!-- ================================================ -->
			<!-- frame around item tooltip options box            -->
			<Frame name="MI3_FrmItemTooltip" inherits="MI3_OptionsBoxTemplate" >
				<Size x="215" y="60" />
				<Anchors>
					<Anchor point="BOTTOMLEFT" relativeTo="MI3_FrmTooltipContent" relativePoint="BOTTOMRIGHT">
						<Offset x="5" y="0" /></Anchor></Anchors>
				<Frames>
					<CheckButton name="MI3_OptShowItemPrice" inherits="MI3_CheckboxTemplate">
						<Anchors>
							<Anchor point="TOPLEFT" relativeTo="MI3_FrmItemTooltip">
								<Offset x="5" y="-10" /></Anchor></Anchors></CheckButton>
					<CheckButton name="MI3_OptItemTooltip" inherits="MI3_CheckboxTemplate">
						<Anchors>
							<Anchor point="TOPLEFT" relativeTo="MI3_OptShowItemPrice">
								<Offset x="0" y="-20" /></Anchor></Anchors></CheckButton></Frames></Frame>
			<!-- ==================================================== -->
			<!-- buttons controlling overall tooltip options    -->
			<CheckButton name="MI3_OptCombinedMode" inherits="MI3_CheckboxTemplate">
				<Anchors>
					<Anchor point="TOPLEFT" relativeTo="MI3_FrmTooltipLayout" relativePoint="BOTTOMLEFT">
						<Offset x="0" y="-10" /></Anchor></Anchors></CheckButton>
			<CheckButton name="MI3_OptKeypressMode" inherits="MI3_CheckboxTemplate">
				<Anchors>
					<Anchor point="TOPLEFT" relativeTo="MI3_OptCombinedMode" relativePoint="BOTTOMLEFT"/></Anchors></CheckButton></Frames></Frame></Ui>
