<Ui xmlns="http://www.blizzard.com/wow/ui/" xmlns:xsi="http://www.w3.org/2001/XMLSchema-instance"  xsi:schemaLocation="http://www.blizzard.com/wow/ui/">
	<Include file="MI3_TabFrame.xml" />
	<Include file="MI3_GeneralOptions.xml" />
	<Include file="MI3_TooltipOptions.xml" />
	<Include file="MI3_TargetOptions.xml" />
	<Include file="MI3_DatabaseOptions.xml" />
	<Include file="MI3_SearchOptions.xml" />
	<!-- ============================================================ -->
	<!-- =              MobInfo-3 Options Window                    = -->
	<!-- ============================================================ -->
	<Frame name="MI3_OptionsFrame" parent="UIParent" enableMouse="true" movable="true" frameStrata="DIALOG" hidden="true" toplevel="true">
		<!--..........................-->
		<!--  dialog size & position -->
		<Size>
			<AbsDimension x="490" y="530" /></Size>
		<Anchors>
			<Anchor point="CENTER" /></Anchors>
		<!--.........................-->
		<!--  dialog box background  -->
		<Backdrop name="bdMI" bgFile="Interface\DialogFrame\UI-DialogBox-Background" edgeFile="Interface\DialogFrame\UI-DialogBox-Border"    tile="true">
			<BackgroundInsets>
				<AbsInset left="11" right="12" top="12" bottom="11" />
				<Size>
					<AbsDimension x="128" y="17" /></Size></BackgroundInsets>
			<TileSize>
				<AbsValue val="32" /></TileSize>
			<EdgeSize>
				<AbsValue val="32" /></EdgeSize></Backdrop>
		<!--....................-->
		<!--  dialog box title  -->
		<Layers>
			<Layer level="ARTWORK">
				<Texture file="Interface\DialogFrame\UI-DialogBox-Header">
					<Size>
						<AbsDimension x="240" y="68" /></Size>
					<Anchors>
						<Anchor point="TOP">
							<Offset>
								<AbsDimension x="0" y="14" /></Offset></Anchor></Anchors></Texture>
				<FontString name="MI3_TxtOptionsTitle" inherits="GameFontNormal" >
					<Anchors>
						<Anchor point="TOP" relativeTo="MI3_OptionsFrame">
							<Offset>
								<AbsDimension x="0" y="-2" /></Offset></Anchor></Anchors></FontString></Layer></Layers>
		<Frames>
			<!--....................................-->
			<!--  subframe with the TAB buttons  -->
			<Frame name="MI3_OptionsTabFrame" inherits="MI3_TabFrameTemplate">
				<Frames>
					<!--.............................................-->
					<!--  subframe with the general MobInfo options  -->
					<Frame name="MI3_GeneralOptionsFrame" inherits="MI3_GeneralOptionsTemplate" virtual="true">
						<Anchors>
							<Anchor point="TOPLEFT">
								<Offset>
									<AbsDimension x="20" y="-20" /></Offset></Anchor></Anchors></Frame>
					<!--.............................................-->
					<!--  subframe with the MobInfo tooltip options  -->
					<Frame name="MI3_TooltipOptionsFrame" inherits="MI3_TooltipOptionsTemplate" hidden="true">
						<Anchors>
							<Anchor point="TOPLEFT">
								<Offset>
									<AbsDimension x="20" y="-20" /></Offset></Anchor></Anchors></Frame>
					<!--.............................................-->
					<!--  subframe with the MobInfo tooltip options  -->
					<Frame name="MI3_TargetOptionsFrame" inherits="MI3_TargetOptionsTemplate" hidden="true">
						<Anchors>
							<Anchor point="TOPLEFT">
								<Offset>
									<AbsDimension x="20" y="-20" /></Offset></Anchor></Anchors></Frame>
					<!--.............................................-->
					<!--  subframe with the MobInfo tooltip options  -->
					<Frame name="MI3_DatabaseOptionsFrame" inherits="MI3_DatabaseOptionsTemplate" hidden="true">
						<Anchors>
							<Anchor point="TOPLEFT">
								<Offset>
									<AbsDimension x="20" y="-20" /></Offset></Anchor></Anchors></Frame>
					<!--.............................................-->
					<!--  subframe with the MobInfo tooltip options  -->
					<Frame name="MI3_SearchOptionsFrame" inherits="MI3_SearchOptionsTemplate" hidden="true">
						<Anchors>
							<Anchor point="TOPLEFT">
								<Offset>
									<AbsDimension x="20" y="-20" /></Offset></Anchor></Anchors></Frame>
				</Frames></Frame>
					<!-- ================================================ -->
					<!-- subframe with mob health disabled message		  -->
					<Frame name="MI3_FrmHealthDisabledInfo"	inherits="MI3_OptionsBoxTemplate"	hidden="true" >
						<Size> <AbsDimension x="350" y="240" />	</Size>
						<Anchors>
							<Anchor	point="TOPLEFT">
								<Offset> <AbsDimension x="40" y="-40" /> </Offset>
							</Anchor>
						</Anchors>
						<Layers>
							<Layer level="BACKGROUND">
								<FontString	name="$parentMessage" inherits="GameFontNormalLarge" text="MI_TXT_MH_DISABLED2">
									<Size> <AbsDimension x="330" y="200" />	</Size>
									<Color r="0.0" g="1.0" b="1.0"/> 
									<Anchors>
										<Anchor	point="TOPLEFT">
											<Offset> <AbsDimension x="10" y="0"/> </Offset>
										</Anchor>
									</Anchors>
								</FontString>
							</Layer>
						</Layers>
					</Frame>

			<!--....................................-->
			<!--  "Done" button for options dialog  -->
			<Button name="MI3_OptBtnDone" inherits="MI3_PushButtonTemplate">
				<Anchors>
					<Anchor point="BOTTOM">
						<Offset>
							<AbsDimension x="0" y="20" /></Offset></Anchor></Anchors>
				<Scripts>
					<OnClick>MI3_DoneButton_OnClick()</OnClick>
				</Scripts>
			</Button></Frames>
		<Scripts>
			<OnLoad>MI3_OptionsFrameOnLoad()</OnLoad>
			<OnShow>MI3_OptionsFrameOnShow()</OnShow>
			<OnHide>MI3_TooltipAnchor:SetFrameStrata( "LOW" ) MI3_UpdateAnchor()</OnHide>
			<OnMouseDown>miConfig_OnMouseDown()</OnMouseDown>
			<OnMouseUp>miConfig_OnMouseUp()</OnMouseUp>
		</Scripts>
	</Frame></Ui>
