<Ui xmlns="http://www.blizzard.com/wow/ui/" xmlns:xsi="http://www.w3.org/2001/XMLSchema-instance"  xsi:schemaLocation="http://www.blizzard.com/wow/ui/">
	<Frame name="MI3_SearchOptionsTemplate" virtual="true">
		<!--Backdrop bgFile="Interface\Tooltips\UI-Tooltip-Background" tile="true">
		<TileSize>
			<AbsValue val="16"/></TileSize></Backdrop-->
	<Size x="420" y="390" />
	<Layers>
		<Layer level="BACKGROUND">
			<FontString name="MI3_TxtSearchLevel" inherits="GameFontNormal" text="MI_TXT_SEARCH_LEVEL">
				<Anchors>
					<Anchor point="TOPLEFT"/></Anchors></FontString>
			<FontString name="MI3_TxtSearchLoots" inherits="GameFontNormal" text="MI_TXT_SEARCH_LOOTS">
				<Anchors>
					<Anchor point="TOPLEFT" relativeTo="MI3_TxtSearchLevel" relativePoint="TOPRIGHT">
						<Offset x="140" y="0"/></Anchor></Anchors></FontString>
			<FontString name="MI3_TxtSearchMobType" inherits="GameFontNormal" text="MI_TXT_SEARCH_MOBTYPE">
				<Anchors>
					<Anchor point="TOPLEFT" relativeTo="MI3_TxtSearchLevel" relativePoint="BOTTOMLEFT">
						<Offset x="0" y="-20"/></Anchor></Anchors></FontString></Layer></Layers>
	<!-- ================================================ -->
	<!-- controls within search options subframe    -->
	<Frames>
		<EditBox name="MI3_OptSearchMinLevel" inherits="MI3_ValueEditBox_Template">
			<Anchors>
				<Anchor point="TOPLEFT" relativeTo="MI3_TxtSearchLevel" relativePoint="TOPRIGHT">
					<Offset x="36" y="6"/></Anchor></Anchors></EditBox>
		<EditBox name="MI3_OptSearchMaxLevel" inherits="MI3_ValueEditBox_Template">
			<Anchors>
				<Anchor point="TOPLEFT" relativeTo="MI3_OptSearchMinLevel" relativePoint="TOPRIGHT">
					<Offset x="38" y="0"/></Anchor></Anchors></EditBox>
		<CheckButton name="MI3_OptSearchNormal" inherits="MI3_SearchCheckboxTemplate">
			<Anchors>
				<Anchor point="TOPLEFT" relativeTo="MI3_TxtSearchMobType" relativePoint="TOPRIGHT">
					<Offset x="10" y="6" /></Anchor></Anchors></CheckButton>
		<CheckButton name="MI3_OptSearchElite" inherits="MI3_SearchCheckboxTemplate">
			<Anchors>
				<Anchor point="TOPLEFT" relativeTo="MI3_OptSearchNormal" relativePoint="TOPRIGHT">
					<Offset x="45" y="0" /></Anchor></Anchors></CheckButton>
		<CheckButton name="MI3_OptSearchBoss" inherits="MI3_SearchCheckboxTemplate">
			<Anchors>
				<Anchor point="TOPLEFT" relativeTo="MI3_OptSearchElite" relativePoint="TOPRIGHT">
					<Offset x="35" y="0" /></Anchor></Anchors></CheckButton>
		<EditBox name="MI3_OptSearchMinLoots" inherits="MI3_ValueEditBox_Template">
			<Anchors>
				<Anchor point="TOPLEFT" relativeTo="MI3_TxtSearchLoots" relativePoint="TOPRIGHT">
					<Offset x="36" y="6"/></Anchor></Anchors></EditBox>
		<EditBox name="MI3_OptSearchMaxLoots" inherits="MI3_ValueEditBox_Template">
			<Anchors>
				<Anchor point="TOPLEFT" relativeTo="MI3_OptSearchMinLoots" relativePoint="TOPRIGHT">
					<Offset x="38" y="0"/></Anchor></Anchors></EditBox>
		<EditBox name="MI3_OptSearchMobName" inherits="MI3_TextEditBox_Template" letters="28">
			<Anchors>
				<Anchor point="TOPLEFT" relativeTo="MI3_TxtSearchMobType" relativePoint="BOTTOMLEFT">
					<Offset x="70" y="-10"/></Anchor></Anchors></EditBox>
		<EditBox name="MI3_OptSearchItemName" inherits="MI3_TextEditBox_Template">
			<Anchors>
				<Anchor point="TOPLEFT" relativeTo="MI3_OptSearchMobName" relativePoint="TOPRIGHT">
					<Offset x="80" y="0"/></Anchor></Anchors></EditBox>
		<Button name="MI3_OptSortByValue" inherits="MI3_PushButtonTemplate">
			<Size x="180" y="24" />
			<Anchors>
				<Anchor point="TOPLEFT" relativeTo="MI3_TxtSearchMobType" relativePoint="BOTTOMLEFT">
					<Offset x="0" y="-50"/></Anchor></Anchors></Button>
		<Button name="MI3_OptSortByItem" inherits="MI3_PushButtonTemplate">
			<Size x="180" y="24" />
			<Anchors>
			<Anchor point="TOPLEFT" relativeTo="MI3_OptSortByValue" relativePoint="TOPRIGHT">
				<Offset x="20" y="0"/></Anchor></Anchors></Button>
		<Frame name="MI3_SearchResultFrame" inherits="OptionFrameBoxTemplate">
			<Size x="410" y="230" />
			<Anchors>
				<Anchor point="TOPLEFT" relativeTo="MI3_OptSortByValue"  relativePoint="BOTTOMLEFT">
					<Offset x="-5" y="-40"/></Anchor></Anchors>
			<Scripts>
				<OnLoad>this:SetBackdropColor(0,0,0)</OnLoad>
			</Scripts>
			<Layers>
				<Layer level="BACKGROUND">
					<FontString name="MI3_TxtSearchCount" inherits="GameFontNormalSmall">
						<Anchors>
							<Anchor point="TOPLEFT">
								<Offset x="210" y="10"/></Anchor></Anchors></FontString></Layer></Layers>
			<Frames>
				<!-- ==================================================== -->
				<!-- TAB buttons controlling search result list content   -->
				<Button name="$parentTab1" inherits="MI3_TabButtonTemplate" id="1">
					<Anchors>
						<Anchor point="TOPLEFT">
							<Offset x="5" y="30"/></Anchor></Anchors>
					<Scripts>
						<OnClick>MI3_SearchTab_OnClick( self );</OnClick>
					</Scripts></Button>
				<Button name="$parentTab2" inherits="MI3_TabButtonTemplate" id="2">
					<Anchors>
						<Anchor point="LEFT" relativeTo="$parentTab1" relativePoint="RIGHT">
							<Offset>
								<AbsDimension x="2" y="0"/></Offset></Anchor></Anchors>
					<Scripts>
						<OnClick>MI3_SearchTab_OnClick( self );</OnClick>
					</Scripts></Button>
				<Button name="MI3_OptDeleteSearch" inherits="MI3_PushButtonTemplate">
					<Size>
						<AbsDimension x="100" y="22" /></Size>
					<Anchors>
						<Anchor point="TOPRIGHT" relativePoint="TOPRIGHT">
							<Offset>
								<AbsDimension x="0" y="24"/></Offset></Anchor></Anchors></Button>
				<!-- ==================================================== -->
				<!-- search result scroll slider                          -->
				<ScrollFrame name="MI3_SearchResultSlider" inherits="FauxScrollFrameTemplate">
					<Anchors>
						<Anchor point="TOPLEFT">
							<Offset>
								<AbsDimension x="10" y="-10"/></Offset></Anchor>
						<Anchor point="BOTTOMRIGHT">
							<Offset>
								<AbsDimension x="-30" y="10"/></Offset></Anchor></Anchors>
					<Scripts>
						<OnVerticalScroll>FauxScrollFrame_OnVerticalScroll(
					self, offset, 14, MI3_SearchResult_Update );</OnVerticalScroll>
					</Scripts>
				</ScrollFrame>
				<!-- ==================================================== -->
				<!-- search result text lines                             -->
				<Button name="MI3_SearchResult1" inherits="MI3_SearchResultLineTemplate" id="1">
					<Anchors>
						<Anchor point="TOPLEFT" relativeTo="MI3_SearchResultSlider">
							<Offset>
								<AbsDimension x="0" y="0"/></Offset></Anchor></Anchors></Button>
				<Button name="MI3_SearchResult2" inherits="MI3_SearchResultLineTemplate" id="2">
					<Anchors>
						<Anchor point="TOPLEFT" relativeTo="MI3_SearchResult1" relativePoint="BOTTOMLEFT"></Anchor></Anchors></Button>
				<Button name="MI3_SearchResult3" inherits="MI3_SearchResultLineTemplate" id="3">
					<Anchors>
						<Anchor point="TOPLEFT" relativeTo="MI3_SearchResult2" relativePoint="BOTTOMLEFT"></Anchor></Anchors></Button>
				<Button name="MI3_SearchResult4" inherits="MI3_SearchResultLineTemplate" id="4">
					<Anchors>
						<Anchor point="TOPLEFT" relativeTo="MI3_SearchResult3" relativePoint="BOTTOMLEFT"></Anchor></Anchors></Button>
				<Button name="MI3_SearchResult5" inherits="MI3_SearchResultLineTemplate" id="5">
					<Anchors>
						<Anchor point="TOPLEFT" relativeTo="MI3_SearchResult4" relativePoint="BOTTOMLEFT"></Anchor></Anchors></Button>
				<Button name="MI3_SearchResult6" inherits="MI3_SearchResultLineTemplate" id="6">
					<Anchors>
						<Anchor point="TOPLEFT" relativeTo="MI3_SearchResult5" relativePoint="BOTTOMLEFT"></Anchor></Anchors></Button>
				<Button name="MI3_SearchResult7" inherits="MI3_SearchResultLineTemplate" id="7">
					<Anchors>
						<Anchor point="TOPLEFT" relativeTo="MI3_SearchResult6" relativePoint="BOTTOMLEFT"></Anchor></Anchors></Button>
				<Button name="MI3_SearchResult8" inherits="MI3_SearchResultLineTemplate" id="8">
					<Anchors>
						<Anchor point="TOPLEFT" relativeTo="MI3_SearchResult7" relativePoint="BOTTOMLEFT"></Anchor></Anchors></Button>
				<Button name="MI3_SearchResult9" inherits="MI3_SearchResultLineTemplate" id="9">
					<Anchors>
						<Anchor point="TOPLEFT" relativeTo="MI3_SearchResult8" relativePoint="BOTTOMLEFT"></Anchor></Anchors></Button>
				<Button name="MI3_SearchResult10" inherits="MI3_SearchResultLineTemplate" id="10">
					<Anchors>
						<Anchor point="TOPLEFT" relativeTo="MI3_SearchResult9" relativePoint="BOTTOMLEFT"></Anchor></Anchors></Button>
				<Button name="MI3_SearchResult11" inherits="MI3_SearchResultLineTemplate" id="11">
					<Anchors>
						<Anchor point="TOPLEFT" relativeTo="MI3_SearchResult10" relativePoint="BOTTOMLEFT"></Anchor></Anchors></Button>
				<Button name="MI3_SearchResult12" inherits="MI3_SearchResultLineTemplate" id="12">
					<Anchors>
						<Anchor point="TOPLEFT" relativeTo="MI3_SearchResult11" relativePoint="BOTTOMLEFT"></Anchor></Anchors></Button>
				<Button name="MI3_SearchResult13" inherits="MI3_SearchResultLineTemplate" id="13">
					<Anchors>
						<Anchor point="TOPLEFT" relativeTo="MI3_SearchResult12" relativePoint="BOTTOMLEFT"></Anchor></Anchors></Button>
				<Button name="MI3_SearchResult14" inherits="MI3_SearchResultLineTemplate" id="14">
					<Anchors>
						<Anchor point="TOPLEFT" relativeTo="MI3_SearchResult13" relativePoint="BOTTOMLEFT"></Anchor></Anchors></Button>
				<Button name="MI3_SearchResult15" inherits="MI3_SearchResultLineTemplate" id="15">
					<Anchors>
						<Anchor point="TOPLEFT" relativeTo="MI3_SearchResult14" relativePoint="BOTTOMLEFT"></Anchor></Anchors></Button></Frames></Frame></Frames>
	<Scripts>
		<OnShow>MI3_SearchOptionsOnShow();</OnShow>
		<OnLoad>PanelTemplates_SetNumTabs( MI3_SearchResultFrame, 2 ) 		MI3_SearchResultFrame.selectedTab = 1 		PanelTemplates_UpdateTabs( MI3_SearchResultFrame )</OnLoad>
		<OnUpdate>MI3_SearchOnUpdate(arg1)</OnUpdate>
	</Scripts>
</Frame></Ui>
