<Ui xmlns="http://www.blizzard.com/wow/ui/" xmlns:xsi="http://www.w3.org/2001/XMLSchema-instance" xsi:schemaLocation="http://www.blizzard.com/wow/ui/">
	<Include file="MI3_Templates.xml" />
	<Frame name="MI3_MobInfoFrame">
		<Scripts>
			<OnLoad>MI3_OnLoad()</OnLoad>
			<OnEvent>MI3_OnEvent(event);</OnEvent></Scripts></Frame>
	<Frame name="MI3_MobHealthFrame" toplevel="true" frameStrata="LOW" movable="true" enableMouse="true" parent="TargetFrame">
		<Size x="128" y="32"/>
		<Anchors>
			<Anchor point="TOP"/></Anchors>
		<Layers>
			<Layer level="ARTWORK">
				<FontString name="MI3_MobHealthText" inherits="GameFontNormalSmall">
					<Anchors>
						<Anchor point="TOP"/></Anchors>
					<Color r="1.0" g="1.0" b="1.0"/></FontString>
				<FontString name="MI3_MobManaText" inherits="GameFontNormalSmall">
					<Anchors>
						<Anchor point="TOP"/></Anchors>
					<Color r="1.0" g="1.0" b="1.0"/></FontString></Layer></Layers></Frame>
	<Button	name="MI3_MinimapButton" parent="Minimap"	frameStrata="MEDIUM">
		<Size x="36" y="36"/>
		<Layers>
			<Layer level="OVERLAY">
				<Texture name="$parentBorder" file="Interface\Minimap\MiniMap-TrackingBorder">
					<Size x="64" y="64"/>
					<Anchors>
						<Anchor point="TOPLEFT"/></Anchors></Texture></Layer>
			<Layer level="ARTWORK">
				<Texture name="$parentIcon" file="Interface\CharacterFrame\TemporaryPortrait-Monster">
					<Size x="28" y="28"/>
					<Anchors>
						<Anchor point="TOPLEFT">
							<Offset x="7" y="-6"/>
						</Anchor></Anchors></Texture></Layer></Layers>
		<HighlightTexture	alphaMode="ADD" file="Interface\Minimap\UI-Minimap-ZoomButton-Highlight"/>
		<Scripts>
			<OnClick>MI3_SlashParse("")</OnClick>
		</Scripts></Button></Ui>
